{
  "productName": "Daktyle świeże",
  "brand": "Delikatesy Zdrowo",
  "shops": [
    "Allegro"
  ],
  "servingSize": "100 g",
  "calories": "277 kcal",
  "nutrients": {
    "macronutrients": {
      "fats": {
        "total": "0.15 g",
        "saturated": {
          "total": "0 g"
        }
      },
      "carbohydrates": {
        "total": "74.97 g",
        "simple": {
          "total": "66.47 g"
        },
        "complex": {
          "fiber": {
            "total": "6.7 g"
          }
        }
      },
      "proteins": {
        "total": "1.8 g"
      }
    }
  },
  "salt": "0.01 g",
  "comment": "Według etykiety białko 6.7 g i brak informacji o błonniku, ale na stronie producenta jest tak jak wyżej. Pokrywa się to bardziej z produktem bazowym."
}