{
  "productName": "Hummus",
  "brand": "Vemondo",
  "shops": [
    "Lidl"
  ],
  "servingSize": "100 g",
  "calories": "272 kcal",
  "nutrients": {
    "macronutrients": {
      "fats": {
        "total": "21 g",
        "saturated": {
          "total": "2.2 g"
        }
      },
      "carbohydrates": {
        "total": "9.5 g",
        "simple": {
          "total": "2.2 g"
        },
        "complex": {
          "fiber": {
            "total": "6.9 g"
          }
        }
      },
      "proteins": {
        "total": "7.9 g"
      }
    }
  },
  "salt": "1.4 g",
  "nutriScore": "C"
}