{
  "productName": "Jogurt kokosowy naturalny",
  "brand": "Vemondo",
  "shops": [
    "Lidl"
  ],
  "servingSize": "100 g",
  "calories": "61 kcal",
  "nutrients": {
    "macronutrients": {
      "fats": {
        "total": "3.7 g",
        "saturated": {
          "total": "3.3 g"
        }
      },
      "carbohydrates": {
        "total": "6.1 g",
        "simple": {
          "total": "0.4 g"
        },
        "complex": {
          "fiber": {
            "total": "0.1 g"
          }
        }
      },
      "proteins": {
        "total": "0.8 g"
      }
    },
    "micronutrients": {
      "minerals": {
        "ca": "135 mg"
      }
    }
  },
  "salt": "0.03 g"
}