{
  "productName": "Jogurt naturalny",
  "brand": "Pilos",
  "shops": [
    "Lidl"
  ],
  "servingSize": "100 g",
  "calories": "70 kcal",
  "nutrients": {
    "macronutrients": {
      "fats": {
        "total": "3 g",
        "saturated": {
          "total": "2 g"
        }
      },
      "carbohydrates": {
        "total": "4.8 g",
        "simple": {
          "total": "4.8 g"
        }
      },
      "proteins": {
        "total": "6 g"
      }
    },
    "micronutrients": {
      "minerals": {
        "ca": "120 mg"
      }
    }
  },
  "salt": "0.1 g"
}