{
  "productName": "Kakao",
  "brand": "Słodkie Zdrowie",
  "shops": [
    "Allegro"
  ],
  "servingSize": "100 g",
  "calories": "228 kcal",
  "nutrients": {
    "macronutrients": {
      "fats": {
        "total": "13.7 g",
        "saturated": {
          "total": "5.8 g"
        }
      },
      "carbohydrates": {
        "total": "57.9 g",
        "simple": {
          "total": "1.8 g"
        },
        "complex": {
          "fiber": {
            "total": "37 g"
          }
        }
      },
      "proteins": {
        "total": "19.6 g"
      }
    },
    "micronutrients": {
      "vitamins": {
        "zn": "6.8 mg",
        "mg": "499 mg",
        "fe": "13.9 mg"
      }
    }
  },
  "salt": "0.05 g"
}