{
  "productName": "Makaron pełnoziarnisty penne",
  "brand": "Combino",
  "shops": [
    "Lidl"
  ],
  "servingSize": "100 g",
  "calories": "350 kcal",
  "nutrients": {
    "macronutrients": {
      "fats": {
        "total": "2.7 g",
        "saturated": {
          "total": "0.6 g"
        }
      },
      "carbohydrates": {
        "total": "61.7 g",
        "simple": {
          "total": "4.3 g"
        },
        "complex": {
          "fiber": {
            "total": "8.4 g"
          }
        }
      },
      "proteins": {
        "total": "15.4 g"
      }
    }
  },
  "salt": "0.01 g"
}