{
  "productName": "Maliny",
  "brand": "Freshona",
  "shops": [
    "Lidl"
  ],
  "servingSize": "100 g",
  "calories": "49 kcal",
  "nutrients": {
    "macronutrients": {
      "fats": {
        "total": "0.3 g",
        "saturated": {
          "total": "0 g"
        }
      },
      "carbohydrates": {
        "total": "5.3 g",
        "simple": {
          "total": "5.3 g"
        },
        "complex": {
          "fiber": {
            "total": "6.7 g"
          }
        }
      },
      "proteins": {
        "total": "1.3 g"
      }
    }
  },
  "salt": "0.01 g",
  "nutriScore": "A"
}