{
  "productName": "Masło orzechowe",
  "brand": "Słodkie Zdrowie",
  "shops": [
    "Allegro"
  ],
  "servingSize": "100 g",
  "calories": "609 kcal",
  "nutrients": {
    "macronutrients": {
      "fats": {
        "total": "49 g",
        "saturated": {
          "total": "6.8 g"
        }
      },
      "carbohydrates": {
        "total": "16 g",
        "simple": {
          "total": "4 g"
        }
      },
      "proteins": {
        "total": "26 g"
      }
    }
  },
  "salt": "0.05 g"
}