{
  "productName": "Mleczko kokosowe light",
  "brand": "Vitasia",
  "shops": [
    "Lidl"
  ],
  "servingSize": "100 g",
  "calories": "141 kcal",
  "calories100ml": "128 kcal",
  "nutrients": {
    "macronutrients": {
      "fats": {
        "total": "14.3 g",
        "total100ml": "13 g",
        "saturated": {
          "total": "12.65 g",
          "total100ml": "11.5 g"
        }
      },
      "carbohydrates": {
        "total": "1.54 g",
        "total100ml": "1.4 g",
        "simple": {
          "total": "1.43 g",
          "total100ml": "1.3 g"
        }
      },
      "proteins": {
        "total": "1.21 g",
        "total100ml": "1.1 g"
      }
    }
  },
  "salt": "0.02 g",
  "salt100ml": "0.02 g",
  "comment": "Wartość odżywcza podana na 100 ml. 100 g = ~110 ml."
}