{
  "productName": "Mleko 2%",
  "brand": "Pilos",
  "shops": [
    "Lidl"
  ],
  "servingSize": "100 g",
  "calories": "49 kcal",
  "calories100ml": "50 kcal",
  "nutrients": {
    "macronutrients": {
      "fats": {
        "total": "1.9 g",
        "total100ml": "2 g",
        "saturated": {
          "total": "1.2 g",
          "total100ml": "1.2 g"
        }
      },
      "carbohydrates": {
        "total": "4.7 g",
        "total100ml": "4.8 g",
        "simple": {
          "total": "4.7 g",
          "total100ml": "4.8 g"
        }
      },
      "proteins": {
        "total": "3.2 g",
        "total100ml": "3.3 g"
      }
    }
  },
  "salt": "0.1 g",
  "salt100ml": "0.1 g",
  "comment": "Wartość odżywcza podana na 100 ml. 100 g = 97 ml."
}