{
  "productName": "Mozzarella light",
  "brand": "Pilos",
  "shops": [
    "Lidl"
  ],
  "servingSize": "100 g",
  "calories": "157 kcal",
  "nutrients": {
    "macronutrients": {
      "fats": {
        "total": "8.5 g",
        "saturated": {
          "total": "5.8 g"
        }
      },
      "carbohydrates": {
        "total": "1 g",
        "simple": {
          "total": "1 g"
        }
      },
      "proteins": {
        "total": "19 g"
      }
    }
  },
  "salt": "0.5 g",
  "nutriScore": "C"
}