{
  "productName": "Mąka kokosowa",
  "brand": "Fivio",
  "shops": [
    "Lidl"
  ],
  "servingSize": "100 g",
  "calories": "323 kcal",
  "nutrients": {
    "macronutrients": {
      "fats": {
        "total": "8.87 g",
        "saturated": {
          "total": "7.66 g"
        }
      },
      "carbohydrates": {
        "total": "23.2 g",
        "simple": {
          "total": "20 g"
        },
        "complex": {
          "fiber": {
            "total": "39.2 g"
          }
        }
      },
      "proteins": {
        "total": "18.6 g"
      }
    }
  },
  "salt": "0.15 g"
}