{
  "productName": "Nasiona chia",
  "brand": "Słodkie Zdrowie",
  "shops": [
    "Allegro"
  ],
  "servingSize": "100 g",
  "calories": "456 kcal",
  "nutrients": {
    "macronutrients": {
      "fats": {
        "total": "34 g",
        "saturated": {
          "total": "3 g"
        },
        "monounsaturated": {
          "total": "2.3 g"
        },
        "polyunsaturated": {
          "total": "29 g",
          "omega3": {
            "total": "21.9 g",
            "ala": "21.9 g"
          }
        }
      },
      "carbohydrates": {
        "total": "0.7 g",
        "simple": {
          "total": "0.7 g"
        },
        "complex": {
          "fiber": {
            "total": "34 g"
          }
        }
      },
      "proteins": {
        "total": "20 g"
      }
    }
  },
  "salt": "0.01 g"
}