{
  "productName": "Nasiona słonecznika",
  "brand": "Alesto",
  "shops": [
    "Lidl"
  ],
  "servingSize": "100 g",
  "calories": "616 kcal",
  "nutrients": {
    "macronutrients": {
      "fats": {
        "total": "53.9 g",
        "saturated": {
          "total": "4.5 g"
        }
      },
      "carbohydrates": {
        "total": "5.1 g",
        "simple": {
          "total": "3.4 g"
        },
        "complex": {
          "fiber": {
            "total": "12.6 g"
          }
        }
      },
      "proteins": {
        "total": "21.4 g"
      }
    }
  },
  "salt": "0.05 g",
  "nutriScore": "C"
}