{
  "productName": "Odżywka białkowa",
  "brand": "Amix",
  "shops": [
    "AmixNutrition"
  ],
  "servingSize": "100 g",
  "calories": "397 kcal",
  "nutrients": {
    "macronutrients": {
      "fats": {
        "total": "0.7 g",
        "saturated": {
          "total": "0.2 g"
        }
      },
      "carbohydrates": {
        "total": "3 g",
        "simple": {
          "total": "0.2 g",
          "disaccharides": {
            "lactose": "0.2 g"
          }
        }
      },
      "proteins": {
        "total": "94.7 g",
        "animalBased": "94.7 g",
        "plantBased": "0 g",
        "aminoAcids": {
          "essential": {
            "histidine": "2200 mg",
            "isoleucine": "6000 mg",
            "leucine": "13100 mg",
            "lysine": "10600 mg",
            "methionine": "2500 mg",
            "phenylalanine": "4000 mg",
            "threonine": "5500 mg",
            "tryptophan": "2500 mg",
            "valine": "5800 mg"
          },
          "nonEssential": {
            "alanine": "5200 mg",
            "asparagine": "12300 mg",
            "asparticAcid": "12300 mg",
            "glutamicAcid": "19100 mg"
          },
          "conditionallyEssential": {
            "arginine": "2800 mg",
            "cysteine": "3100 mg",
            "glutamine": "19100 mg",
            "tyrosine": "4000 mg",
            "glycine": "2000 mg",
            "proline": "5100 mg",
            "serine": "4800 mg"
          }
        }
      }
    }
  },
  "salt": "0.2 g"
}