{
  "productName": "Olej rzepakowy",
  "brand": "Kujawski",
  "shops": [
    "Lidl"
  ],
  "servingSize": "100 g",
  "calories": "900 kcal",
  "nutrients": {
    "macronutrients": {
      "fats": {
        "total": "100 g",
        "saturated": {
          "total": "7.5 g"
        },
        "unsaturated": {
          "monounsaturated": {
            "total": "65.5 g"
          },
          "polyunsaturated": {
            "total": "26.5 g",
            "omega3": {
              "total": "8 g",
              "ala": "8 g",
              "epa": "0 g",
              "dha": "0 g"
            }
          }
        }
      },
      "carbohydrates": {
        "total": "0 g",
        "simple": {
          "total": "0 g"
        },
        "complex": {
          "fiber": {
            "total": "0 g"
          }
        }
      },
      "proteins": {
        "total": "0 g"
      }
    },
    "micronutrients": {
      "vitamins": {
        "e": "25 mg",
        "k": "75 µg"
      }
    }
  },
  "salt": "0 g",
  "comment": "ALA wypełniona na podstawie Omega 3 total, jako że w bazowym produkcji cała omega 3 pochodzi właśnie z ALA."
}