{
  "productName": "Oliwa z oliwek",
  "brand": "Catapano",
  "shops": [
    "Lidl"
  ],
  "servingSize": "100 g",
  "calories": "758 kcal",
  "calories100ml": "824 kcal",
  "nutrients": {
    "macronutrients": {
      "fats": {
        "total": "84.3 g",
        "total100ml": "91.6 g",
        "saturated": {
          "total": "13 g",
          "total100ml": "14.1 g"
        },
        "unsaturated": {
          "monounsaturated": {
            "total": "66.2 g",
            "total100ml": "72 g"
          },
          "polyunsaturated": {
            "total": "5.6 g",
            "total100ml": "6.1 g"
          }
        },
        "cholesterol": "0 mg"
      },
      "carbohydrates": {
        "total": "0 g",
        "simple": {
          "total": "0 g"
        },
        "complex": {
          "fiber": {
            "total": "0 g"
          }
        }
      },
      "proteins": {
        "total": "0 g"
      }
    }
  },
  "salt": "0 g",
  "comment": "Wartość odżywcza podana na 100 ml. 100 g = 108 ml."
}