{
  "productName": "Orzechy laskowe",
  "brand": "Alesto",
  "shops": [
    "Lidl"
  ],
  "servingSize": "100 g",
  "calories": "722 kcal",
  "nutrients": {
    "macronutrients": {
      "fats": {
        "total": "70.5 g",
        "saturated": {
          "total": "6.8 g"
        },
        "monounsaturated": {
          "total": "58.4 g"
        },
        "polyunsaturated": {
          "total": "5.2 g"
        }
      },
      "carbohydrates": {
        "total": "3.5 g",
        "simple": {
          "total": "3.5 g"
        },
        "complex": {
          "fiber": {
            "total": "8.2 g"
          }
        }
      },
      "proteins": {
        "total": "14.3 g"
      }
    },
    "micronutrients": {
      "vitamins": {
        "e": "16 mg"
      }
    }
  },
  "salt": "0.03 g",
  "nutriScore": "A"
}