{
  "productName": "Orzechy włoskie",
  "brand": "Alesto",
  "shops": [
    "Lidl"
  ],
  "servingSize": "100 g",
  "calories": "712 kcal",
  "nutrients": {
    "macronutrients": {
      "fats": {
        "total": "69.1 g",
        "saturated": {
          "total": "6.8 g"
        },
        "unsaturated": {
          "polyunsaturated": {
            "omega3": {
              "total": "9.9 g",
              "ala": "9.9 g"
            }
          }
        }
      },
      "carbohydrates": {
        "total": "3.7 g",
        "simple": {
          "total": "3.0 g"
        },
        "complex": {
          "fiber": {
            "total": "6.8 g"
          }
        }
      },
      "proteins": {
        "total": "15.5 g"
      }
    }
  },
  "salt": "0.02 g",
  "nutriScore": "A",
  "comment": "ALA wypełniona na podstawie total omega-3, jako że w bazowym produkcie cała omega-3 pochodzi właśnie z ALA."
}