{
  "productName": "Pestki dyni",
  "brand": "Alesto",
  "shops": [
    "Lidl"
  ],
  "servingSize": "100 g",
  "calories": "593 kcal",
  "nutrients": {
    "macronutrients": {
      "fats": {
        "total": "47.7 g",
        "saturated": {
          "total": "8.8 g"
        }
      },
      "carbohydrates": {
        "total": "3.6 g",
        "simple": {
          "total": "1.4 g"
        },
        "complex": {
          "fiber": {
            "total": "5.6 g"
          }
        }
      },
      "proteins": {
        "total": "34.4 g"
      }
    }
  },
  "salt": "0.03 g",
  "nutriScore": "D"
}