{
  "productName": "Pieczywo chrupkie kukurydziane",
  "brand": "Tastino",
  "shops": [
    "Lidl"
  ],
  "servingSize": "100 g",
  "calories": "371 kcal",
  "nutrients": {
    "macronutrients": {
      "fats": {
        "total": "0.5 g",
        "saturated": {
          "total": "0.1 g"
        }
      },
      "carbohydrates": {
        "total": "82 g",
        "simple": {
          "total": "1.5 g"
        },
        "complex": {
          "fiber": {
            "total": "3.8 g"
          }
        }
      },
      "proteins": {
        "total": "7.6 g"
      }
    }
  },
  "salt": "1.10 g"
}