{
  "productName": "Pieczywo chrupkie żytnie",
  "brand": "Tastino",
  "shops": [
    "Lidl"
  ],
  "servingSize": "100 g",
  "calories": "353 kcal",
  "nutrients": {
    "macronutrients": {
      "fats": {
        "total": "0.9 g",
        "saturated": {
          "total": "0.2 g"
        }
      },
      "carbohydrates": {
        "total": "72 g",
        "simple": {
          "total": "4.9 g"
        },
        "complex": {
          "fiber": {
            "total": "11 g"
          }
        }
      },
      "proteins": {
        "total": "8.7 g"
      }
    }
  },
  "salt": "1.5 g"
}