{
  "productName": "Pinsa",
  "brand": "Bella Italia",
  "shops": [
    "Lidl"
  ],
  "servingSize": "1 szt.",
  "calories": "595 kcal",
  "nutrients": {
    "macronutrients": {
      "fats": {
        "total": "9.9 g",
        "saturated": {
          "total": "1.6 g"
        }
      },
      "carbohydrates": {
        "total": "97 g",
        "simple": {
          "total": "8.7 g"
        },
        "complex": {
          "fiber": {
            "total": "12 g"
          }
        }
      },
      "proteins": {
        "total": "23 g"
      }
    }
  },
  "salt": "3 g",
  "nutriScore": "A"
}