{
  "productName": "Płatki jaglane",
  "brand": "Crownfield",
  "shops": [
    "Lidl"
  ],
  "servingSize": "100 g",
  "calories": "363 kcal",
  "nutrients": {
    "macronutrients": {
      "fats": {
        "total": "2.5 g",
        "saturated": {
          "total": "0.7 g"
        }
      },
      "carbohydrates": {
        "total": "74 g",
        "simple": {
          "total": "0.3 g"
        },
        "complex": {
          "fiber": {
            "total": "2.5 g"
          }
        }
      },
      "proteins": {
        "total": "10 g"
      }
    }
  },
  "salt": "0.01 g"
}