{
  "productName": "Płatki owsiane",
  "brand": "Crownfield",
  "shops": [
    "Lidl"
  ],
  "servingSize": "100 g",
  "calories": "354 kcal",
  "nutrients": {
    "macronutrients": {
      "fats": {
        "total": "6.3 g",
        "saturated": {
          "total": "1.6 g"
        }
      },
      "carbohydrates": {
        "total": "55.9 g",
        "simple": {
          "total": "1.2 g"
        },
        "complex": {
          "fiber": {
            "total": "11.6 g"
          }
        }
      },
      "proteins": {
        "total": "12.5 g"
      }
    }
  },
  "salt": "0.01 g",
  "nutriScore": "A"
}