{
  "productName": "Rukola",
  "brand": "Ryneczek Lidla",
  "shops": [
    "Lidl"
  ],
  "servingSize": "100 g",
  "calories": "34 kcal",
  "nutrients": {
    "macronutrients": {
      "fats": {
        "total": "0.7 g",
        "saturated": {
          "total": "0.1 g"
        }
      },
      "carbohydrates": {
        "total": "3.7 g",
        "simple": {
          "total": "2.1 g"
        },
        "complex": {
          "fiber": {
            "total": "1.6 g"
          }
        }
      },
      "proteins": {
        "total": "2.6 g"
      }
    }
  },
  "salt": "0.07 g"
}