{
  "productName": "Ryż brązowy",
  "brand": "Kuchnia Lidla",
  "shops": [
    "Lidl"
  ],
  "servingSize": "100 g",
  "calories": "341 kcal",
  "nutrients": {
    "macronutrients": {
      "fats": {
        "total": "2 g",
        "saturated": {
          "total": "0.5 g"
        }
      },
      "carbohydrates": {
        "total": "75 g",
        "simple": {
          "total": "0.9 g"
        },
        "complex": {
          "fiber": {
            "total": "4.2 g"
          }
        }
      },
      "proteins": {
        "total": "7.5 g"
      }
    }
  },
  "salt": "0.01 g"
}