{
  "productName": "Serek śmietankowy",
  "brand": "Pilos",
  "shops": [
    "Lidl"
  ],
  "servingSize": "100 g",
  "calories": "243 kcal",
  "nutrients": {
    "macronutrients": {
      "fats": {
        "total": "23 g",
        "saturated": {
          "total": "15 g"
        }
      },
      "carbohydrates": {
        "total": "3 g",
        "simple": {
          "total": "3 g"
        },
        "complex": {
          "fiber": {
            "total": "0 g"
          }
        }
      },
      "proteins": {
        "total": "6 g"
      }
    }
  },
  "salt": "0.7 g"
}