{
  "productName": "Sezam biały",
  "brand": "Słodkie Zdrowie",
  "shops": [
    "Allegro"
  ],
  "servingSize": "100 g",
  "calories": "573 kcal",
  "nutrients": {
    "macronutrients": {
      "fats": {
        "total": "49.7 g",
        "saturated": {
          "total": "7.0 g"
        }
      },
      "carbohydrates": {
        "total": "23.4 g",
        "simple": {
          "total": "0.3 g"
        },
        "complex": {
          "fiber": {
            "total": "11.8 g"
          }
        }
      },
      "proteins": {
        "total": "17.8 g"
      }
    },
    "micronutrients": {
      "vitamins": {
        "zn": "7.75 mg",
        "mg": "351 mg",
        "ca": "975 mg"
      }
    }
  },
  "salt": "0.03 g"
}