{
  "productName": "Szpinak",
  "brand": "Ryneczek Lidla",
  "shops": [
    "Lidl"
  ],
  "servingSize": "100 g",
  "calories": "22 kcal",
  "nutrients": {
    "macronutrients": {
      "fats": {
        "total": "0.5 g",
        "saturated": {
          "total": "0.1 g"
        }
      },
      "carbohydrates": {
        "total": "0.8 g",
        "simple": {
          "total": "0.5 g"
        },
        "complex": {
          "fiber": {
            "total": "2.2 g"
          }
        }
      },
      "proteins": {
        "total": "2.9 g"
      }
    }
  },
  "salt": "0.05 g"
}