{
  "productName": "Sól",
  "brand": "Słodkie Zdrowie",
  "shops": [
    "Lidl"
  ],
  "servingSize": "100 g",
  "calories": "0 kcal",
  "nutrients": {
    "macronutrients": {
      "fats": {
        "total": "0 g",
        "saturated": {
          "total": "0 g"
        }
      },
      "carbohydrates": {
        "total": "0 g",
        "simple": {
          "total": "0 g"
        }
      },
      "proteins": {
        "total": "0 g"
      }
    },
    "micronutrients": {
      "vitamins": {
        "na": "36000 mg"
      }
    }
  },
  "salt": "100 g"
}