{
  "productName": "Tortilla pełnoziarnista",
  "brand": "Snack Day",
  "shops": [
    "Lidl"
  ],
  "servingSize": "1 szt.",
  "calories": "191 kcal",
  "nutrients": {
    "macronutrients": {
      "fats": {
        "total": "4.7 g",
        "saturated": {
          "total": "1.1 g"
        }
      },
      "carbohydrates": {
        "total": "32.7 g",
        "simple": {
          "total": "2 g"
        },
        "complex": {
          "fiber": {
            "total": "4.1 g"
          }
        }
      },
      "proteins": {
        "total": "6.2 g"
      }
    }
  },
  "salt": "0.7 g"
}