{
  "productName": "Wędlina drobiowa",
  "brand": "Pikok (Piratki)",
  "shops": [
    "Lidl"
  ],
  "servingSize": "100 g",
  "calories": "104 kcal",
  "nutrients": {
    "macronutrients": {
      "fats": {
        "total": "1 g",
        "saturated": {
          "total": "0.3 g"
        }
      },
      "carbohydrates": {
        "total": "1.7 g",
        "simple": {
          "total": "1.6 g"
        }
      },
      "proteins": {
        "total": "22 g"
      }
    }
  },
  "salt": "1.9 g"
}