{
  "productName": "Łosoś wędzony na zimno",
  "brand": "Nautica",
  "shops": [
    "Lidl"
  ],
  "servingSize": "100 g",
  "calories": "171 kcal",
  "nutrients": {
    "macronutrients": {
      "fats": {
        "total": "10 g",
        "saturated": {
          "total": "1.4 g"
        },
        "unsaturated": {
          "polyunsaturated": {
            "omega3": {
              "total": "1.1 g",
              "epa": "0.22 g",
              "dha": "0.33 g"
            }
          }
        }
      },
      "carbohydrates": {
        "total": "0.5 g",
        "simple": {
          "total": "0.5 g"
        }
      },
      "proteins": {
        "total": "20 g"
      }
    }
  },
  "salt": "3 g"
}