{
  "recipeName": "Kanapka z mozzarellą i warzywami",
  "subRecipes": [
    {
      "name": "Kanapka z mozzarellą i warzywami",
      "description": "Na kromkach chleba żytniego układamy szpinak, pokrojoną w plastry mozzarellę, pomidora oraz paprykę czerwoną.",
      "ingredients": [
        {
          "name": "Chleb żytni",
          "amount": "90 g"
        },
        {
          "name": "Szpinak",
          "amount": "30 g"
        },
        {
          "name": "Mozzarella light",
          "brand": "Pilos",
          "amount": "90 g"
        },
        {
          "name": "Pomidory",
          "amount": "80 g"
        },
        {
          "name": "Papryka czerwona",
          "amount": "85 g"
        }
      ]
    }
  ],
  "imageUrl": "https://mwrzosek-prod-wp-static.s3.eu-central-1.amazonaws.com/wp-content/uploads/2019/12/17223709/gora-24.png"
}