{
  "recipeName": "Szybki wrap z łososiem wędzonym oraz mozzarellą",
  "subRecipes": [
    {
      "name": "Szybki wrap z łososiem wędzonym oraz mozzarellą",
      "description": "1. Tortillę smarujemy serkiem, nakładamy rukolę.\n2. Na tortillę nakładamy porwanego na kawałki łososia, pokrojonego ogórka i plasterki mozzarelli, zawijamy.",
      "ingredients": [
        {
          "name": "Tortilla pełnoziarnista",
          "brand": "Snack Day",
          "amount": "1,5 szt."
        },
        {
          "name": "Serek śmietankowy",
          "brand": "Pilos",
          "amount": "20 g"
        },
        {
          "name": "Rukola",
          "amount": "10 g"
        },
        {
          "name": "Łosoś wędzony na zimno",
          "amount": "50 g"
        },
        {
          "name": "Ogórek",
          "amount": "37,5 g"
        },
        {
          "name": "Mozzarella light",
          "brand": "Pilos",
          "amount": "62,5 g"
        }
      ]
    }
  ],
  "imageUrl": "https://mwrzosek-prod-wp-static.s3.eu-central-1.amazonaws.com/wp-content/uploads/2024/07/23101953/wrap.png"
}