{
  "productName": "Banan",
  "category": "Fruits",
  "glycemicIndex": "51",
  "glycemicLoad": "13",
  "caffeine": "0 mg",
  "salt": "0.001 g",
  "water": "74.91 g",
  "calories": "89 kcal",
  "servingSize": "100 g",
  "nutrients": {
    "macronutrients": {
      "proteins": {
        "total": "1.09 g",
        "animalBased": "0 g",
        "plantBased": "1.09 g",
        "aminoAcids": {
          "essential": {
            "histidine": "21 mg",
            "isoleucine": "28 mg",
            "leucine": "64 mg",
            "lysine": "50 mg",
            "methionine": "9 mg",
            "phenylalanine": "35 mg",
            "threonine": "29 mg",
            "tryptophan": "12 mg",
            "valine": "43 mg"
          },
          "nonEssential": {
            "alanine": "41 mg",
            "asparagine": "40 mg",
            "asparticAcid": "106 mg",
            "glutamicAcid": "129 mg"
          },
          "conditionallyEssential": {
            "arginine": "53 mg",
            "cysteine": "13 mg",
            "glutamine": "11 mg",
            "tyrosine": "20 mg",
            "glycine": "39 mg",
            "proline": "35 mg",
            "serine": "41 mg"
          }
        }
      },
      "fats": {
        "total": "0.33 g",
        "saturated": {
          "total": "0.112 g",
          "lauricAcid": "0.001 g",
          "myristicAcid": "0.002 g",
          "palmiticAcid": "0.099 g",
          "stearicAcid": "0.01 g"
        },
        "unsaturated": {
          "monounsaturated": {
            "total": "0.032 g",
            "omega9": {
              "total": "0.028 g",
              "oleicAcid": "0.028 g",
              "erucicAcid": "0 g"
            }
          },
          "polyunsaturated": {
            "total": "0.073 g",
            "omega3": {
              "total": "0.027 g",
              "ala": "0.027 g",
              "epa": "0 g",
              "dha": "0 g"
            },
            "omega6": {
              "total": "0.046 g",
              "linoleicAcid": "0.046 g",
              "arachidonicAcid": "0 g"
            }
          }
        },
        "trans": "0 g",
        "cholesterol": "0 mg"
      },
      "carbohydrates": {
        "total": "22.84 g",
        "simple": {
          "total": "12.23 g",
          "monosaccharides": {
            "glucose": "4.98 g",
            "fructose": "4.85 g",
            "galactose": "0 g"
          },
          "disaccharides": {
            "sucrose": "2.39 g",
            "lactose": "0 g",
            "maltose": "0.01 g"
          }
        },
        "complex": {
          "total": "10.61 g",
          "starches": "8.01 g",
          "fiber": {
            "total": "2.6 g",
            "soluble": "0.7 g",
            "insoluble": "1.9 g"
          },
          "glycogen": "0 g"
        }
      }
    },
    "micronutrients": {
      "vitamins": {
        "a": {
          "total": "3 µg",
          "retinol": "0 µg",
          "betaCarotene": "26 µg"
        },
        "b1": "0.031 mg",
        "b2": "0.073 mg",
        "b3": {
          "total": "0.665 mg",
          "niacin": "0.665 mg",
          "niacinamide": "0 mg"
        },
        "b4": "9.8 mg",
        "b5": "0.334 mg",
        "b6": "0.367 mg",
        "b7": "0.5 µg",
        "b8": "0 mg",
        "b9": "20 µg",
        "b12": "0 µg",
        "c": "8.7 mg",
        "d": "0 µg",
        "e": "0.1 mg",
        "k": "0.5 µg"
      },
      "minerals": {
        "as": "0.3 µg",
        "b": "0.3 mg",
        "ca": "5 mg",
        "cl": "80 mg",
        "co": "0.1 µg",
        "cr": "1 µg",
        "cu": "0.078 mg",
        "f": "2.2 µg",
        "fe": "0.26 mg",
        "i": "1 µg",
        "k": "358 mg",
        "li": "0.2 µg",
        "mg": "27 mg",
        "mn": "0.27 mg",
        "mo": "1.6 µg",
        "na": "1 mg",
        "ni": "13 µg",
        "p": "22 mg",
        "rb": "238 µg",
        "s": "12 mg",
        "se": "1 µg",
        "si": "5.4 mg",
        "sr": "23 µg",
        "v": "0.3 µg",
        "zn": "0.15 mg"
      }
    }
  },
  "dietaryConsiderations": {
    "isVegetarian": true,
    "isGlutenFree": true,
    "isLactoseFree": true,
    "isVegan": true,
    "isKetogenic": false,
    "isWholeFoods": true,
    "isLowFodmap": false,
    "isPaleoFriendly": true,
    "isRaw": true
  },
  "allergens": [],
  "nutriScore": "B"
}