{
  "productName": "Borówki amerykańskie",
  "category": "Fruits",
  "glycemicIndex": "53",
  "glycemicLoad": "6",
  "caffeine": "0 mg",
  "salt": "0.001 g",
  "water": "84.21 g",
  "calories": "57 kcal",
  "servingSize": "100 g",
  "nutrients": {
    "macronutrients": {
      "proteins": {
        "total": "0.74 g",
        "animalBased": "0 g",
        "plantBased": "0.74 g",
        "aminoAcids": {
          "essential": {
            "histidine": "15 mg",
            "isoleucine": "28 mg",
            "leucine": "46 mg",
            "lysine": "25 mg",
            "methionine": "12 mg",
            "phenylalanine": "29 mg",
            "threonine": "24 mg",
            "tryptophan": "3 mg",
            "valine": "38 mg"
          },
          "nonEssential": {
            "alanine": "31 mg",
            "asparagine": "80 mg",
            "asparticAcid": "58 mg",
            "glutamicAcid": "91 mg"
          },
          "conditionallyEssential": {
            "arginine": "35 mg",
            "cysteine": "7 mg",
            "glutamine": "78 mg",
            "tyrosine": "16 mg",
            "glycine": "31 mg",
            "proline": "24 mg",
            "serine": "25 mg"
          }
        }
      },
      "fats": {
        "total": "0.33 g",
        "saturated": {
          "total": "0.028 g",
          "lauricAcid": "0 g",
          "myristicAcid": "0 g",
          "palmiticAcid": "0.019 g",
          "stearicAcid": "0.009 g"
        },
        "unsaturated": {
          "monounsaturated": {
            "total": "0.047 g",
            "omega9": {
              "total": "0.047 g",
              "oleicAcid": "0.047 g",
              "erucicAcid": "0 g"
            }
          },
          "polyunsaturated": {
            "total": "0.146 g",
            "omega3": {
              "total": "0.058 g",
              "ala": "0.058 g",
              "epa": "0 g",
              "dha": "0 g"
            },
            "omega6": {
              "total": "0.088 g",
              "linoleicAcid": "0.088 g",
              "arachidonicAcid": "0 g"
            }
          }
        },
        "trans": "0 g",
        "cholesterol": "0 mg"
      },
      "carbohydrates": {
        "total": "14.49 g",
        "simple": {
          "total": "9.96 g",
          "monosaccharides": {
            "glucose": "4.88 g",
            "fructose": "4.97 g",
            "galactose": "0.02 g"
          },
          "disaccharides": {
            "sucrose": "0.09 g",
            "lactose": "0 g",
            "maltose": "0 g"
          }
        },
        "complex": {
          "total": "4.53 g",
          "starches": "0.03 g",
          "fiber": {
            "total": "2.4 g",
            "soluble": "0.6 g",
            "insoluble": "1.8 g"
          },
          "glycogen": "0 g"
        }
      }
    },
    "micronutrients": {
      "vitamins": {
        "a": {
          "total": "3 µg",
          "retinol": "0 µg",
          "betaCarotene": "32 µg"
        },
        "b1": "0.037 mg",
        "b2": "0.041 mg",
        "b3": {
          "total": "0.418 mg",
          "niacin": "0.418 mg",
          "niacinamide": "0 mg"
        },
        "b4": "6 mg",
        "b5": "0.124 mg",
        "b6": "0.052 mg",
        "b7": "0.5 µg",
        "b8": "0 mg",
        "b9": "6 µg",
        "b12": "0 µg",
        "c": "9.7 mg",
        "d": "0 µg",
        "e": "0.57 mg",
        "k": "19.3 µg"
      },
      "minerals": {
        "as": "0.15 µg",
        "b": "0.25 mg",
        "ca": "6 mg",
        "cl": "4 mg",
        "co": "0.15 µg",
        "cr": "0.75 µg",
        "cu": "0.057 mg",
        "f": "2.2 µg",
        "fe": "0.28 mg",
        "i": "0.15 µg",
        "k": "77 mg",
        "li": "0.15 µg",
        "mg": "6 mg",
        "mn": "0.336 mg",
        "mo": "0.75 µg",
        "na": "1 mg",
        "ni": "0.75 µg",
        "p": "12 mg",
        "rb": "12.5 µg",
        "s": "10 mg",
        "se": "0.1 µg",
        "si": "0.25 mg",
        "sr": "2.5 µg",
        "v": "0.15 µg",
        "zn": "0.16 mg"
      }
    }
  },
  "dietaryConsiderations": {
    "isVegetarian": true,
    "isGlutenFree": true,
    "isLactoseFree": true,
    "isVegan": true,
    "isKetogenic": false,
    "isWholeFoods": true,
    "isLowFodmap": true,
    "isPaleoFriendly": true,
    "isRaw": true
  },
  "allergens": [],
  "nutriScore": "A"
}