{
  "productName": "Brokuł",
  "category": "Vegetables",
  "glycemicIndex": "15",
  "glycemicLoad": "1",
  "caffeine": "0 mg",
  "salt": "0.033 g",
  "water": "89.3 g",
  "calories": "34 kcal",
  "servingSize": "100 g",
  "nutrients": {
    "macronutrients": {
      "proteins": {
        "total": "2.82 g",
        "animalBased": "0 g",
        "plantBased": "2.82 g",
        "aminoAcids": {
          "essential": {
            "histidine": "47 mg",
            "isoleucine": "110 mg",
            "leucine": "147 mg",
            "lysine": "135 mg",
            "methionine": "48 mg",
            "phenylalanine": "104 mg",
            "threonine": "108 mg",
            "tryptophan": "35 mg",
            "valine": "140 mg"
          },
          "nonEssential": {
            "alanine": "126 mg",
            "asparagine": "240 mg",
            "asparticAcid": "236 mg",
            "glutamicAcid": "389 mg"
          },
          "conditionallyEssential": {
            "arginine": "131 mg",
            "cysteine": "28 mg",
            "glutamine": "368 mg",
            "tyrosine": "63 mg",
            "glycine": "121 mg",
            "proline": "116 mg",
            "serine": "101 mg"
          }
        }
      },
      "fats": {
        "total": "0.37 g",
        "saturated": {
          "total": "0.039 g",
          "lauricAcid": "0 g",
          "myristicAcid": "0.001 g",
          "palmiticAcid": "0.033 g",
          "stearicAcid": "0.005 g"
        },
        "unsaturated": {
          "monounsaturated": {
            "total": "0.011 g",
            "omega9": {
              "total": "0.011 g",
              "oleicAcid": "0.011 g",
              "erucicAcid": "0 g"
            }
          },
          "polyunsaturated": {
            "total": "0.112 g",
            "omega3": {
              "total": "0.021 g",
              "ala": "0.021 g",
              "epa": "0 g",
              "dha": "0 g"
            },
            "omega6": {
              "total": "0.091 g",
              "linoleicAcid": "0.091 g",
              "arachidonicAcid": "0 g"
            }
          }
        },
        "trans": "0 g",
        "cholesterol": "0 mg"
      },
      "carbohydrates": {
        "total": "6.64 g",
        "simple": {
          "total": "1.7 g",
          "monosaccharides": {
            "glucose": "0.8 g",
            "fructose": "0.9 g",
            "galactose": "0 g"
          },
          "disaccharides": {
            "sucrose": "0 g",
            "lactose": "0 g",
            "maltose": "0 g"
          }
        },
        "complex": {
          "total": "4.94 g",
          "starches": "1.24 g",
          "fiber": {
            "total": "2.6 g",
            "soluble": "0.8 g",
            "insoluble": "1.8 g"
          },
          "glycogen": "0 g"
        }
      }
    },
    "micronutrients": {
      "vitamins": {
        "a": {
          "total": "31 µg",
          "retinol": "0 µg",
          "betaCarotene": "361 µg"
        },
        "b1": "0.071 mg",
        "b2": "0.117 mg",
        "b3": {
          "total": "0.639 mg",
          "niacin": "0.639 mg",
          "niacinamide": "0 mg"
        },
        "b4": "18.7 mg",
        "b5": "0.573 mg",
        "b6": "0.175 mg",
        "b7": "0.4 µg",
        "b8": "0 mg",
        "b9": "63 µg",
        "b12": "0 µg",
        "c": "89.2 mg",
        "d": "0 µg",
        "e": "0.78 mg",
        "k": "101.6 µg"
      },
      "minerals": {
        "as": "0.4 µg",
        "b": "0.35 mg",
        "ca": "47 mg",
        "cl": "35 mg",
        "co": "0.25 µg",
        "cr": "1.5 µg",
        "cu": "0.049 mg",
        "f": "2 µg",
        "fe": "0.73 mg",
        "i": "2.5 µg",
        "k": "316 mg",
        "li": "0.75 µg",
        "mg": "21 mg",
        "mn": "0.21 mg",
        "mo": "0.3 µg",
        "na": "33 mg",
        "ni": "1.5 µg",
        "p": "66 mg",
        "rb": "2.5 µg",
        "s": "45 mg",
        "se": "2.5 µg",
        "si": "0.75 mg",
        "sr": "35 µg",
        "v": "0.4 µg",
        "zn": "0.41 mg"
      }
    }
  },
  "dietaryConsiderations": {
    "isVegetarian": true,
    "isGlutenFree": true,
    "isLactoseFree": true,
    "isVegan": true,
    "isKetogenic": true,
    "isWholeFoods": true,
    "isLowFodmap": false,
    "isPaleoFriendly": true,
    "isRaw": true
  },
  "allergens": [],
  "nutriScore": "A"
}