{
  "productName": "Camembert light",
  "category": "Dairy",
  "glycemicIndex": "0",
  "glycemicLoad": "0",
  "caffeine": "0 mg",
  "salt": "1.4 g",
  "water": "58.5 g",
  "calories": "220 kcal",
  "servingSize": "100 g",
  "nutrients": {
    "macronutrients": {
      "proteins": {
        "total": "22.6 g",
        "animalBased": "22.6 g",
        "plantBased": "0 g",
        "aminoAcids": {
          "essential": {
            "histidine": "525 mg",
            "isoleucine": "1188 mg",
            "leucine": "2056 mg",
            "lysine": "1782 mg",
            "methionine": "548 mg",
            "phenylalanine": "1074 mg",
            "threonine": "891 mg",
            "tryptophan": "274 mg",
            "valine": "1371 mg"
          },
          "nonEssential": {
            "alanine": "640 mg",
            "asparagine": "0 mg",
            "asparticAcid": "1440 mg",
            "glutamicAcid": "4592 mg"
          },
          "conditionallyEssential": {
            "arginine": "777 mg",
            "cysteine": "183 mg",
            "glutamine": "0 mg",
            "tyrosine": "1166 mg",
            "glycine": "411 mg",
            "proline": "2330 mg",
            "serine": "1257 mg"
          }
        }
      },
      "fats": {
        "total": "15.3 g",
        "saturated": {
          "total": "9.6 g",
          "lauricAcid": "0.36 g",
          "myristicAcid": "1.19 g",
          "palmiticAcid": "3.04 g",
          "stearicAcid": "1.43 g"
        },
        "unsaturated": {
          "monounsaturated": {
            "total": "4.3 g",
            "omega9": {
              "total": "3.85 g",
              "oleicAcid": "3.85 g",
              "erucicAcid": "0 g"
            }
          },
          "polyunsaturated": {
            "total": "0.45 g",
            "omega3": {
              "total": "0.11 g",
              "ala": "0.11 g",
              "epa": "0 g",
              "dha": "0 g"
            },
            "omega6": {
              "total": "0.34 g",
              "linoleicAcid": "0.34 g",
              "arachidonicAcid": "0 g"
            }
          }
        },
        "trans": "0.5 g",
        "cholesterol": "45 mg"
      },
      "carbohydrates": {
        "total": "1.0 g",
        "simple": {
          "total": "1.0 g",
          "monosaccharides": {
            "glucose": "0.23 g",
            "fructose": "0.01 g",
            "galactose": "0.26 g"
          },
          "disaccharides": {
            "sucrose": "0 g",
            "lactose": "0.5 g",
            "maltose": "0 g"
          }
        },
        "complex": {
          "total": "0 g",
          "starches": "0 g",
          "fiber": {
            "total": "0 g",
            "soluble": "0 g",
            "insoluble": "0 g"
          },
          "glycogen": "0 g"
        }
      }
    },
    "micronutrients": {
      "vitamins": {
        "a": {
          "total": "180 µg",
          "retinol": "180 µg",
          "betaCarotene": "0 µg"
        },
        "b1": "0.03 mg",
        "b2": "0.45 mg",
        "b3": {
          "total": "0.7 mg",
          "niacin": "0.7 mg",
          "niacinamide": "0 mg"
        },
        "b4": "17 mg",
        "b5": "0.65 mg",
        "b6": "0.25 mg",
        "b7": "2.6 µg",
        "b8": "0 mg",
        "b9": "70 µg",
        "b12": "1.4 µg",
        "c": "0 mg",
        "d": "0.43 µg",
        "e": "0.16 mg",
        "k": "1.7 µg"
      },
      "minerals": {
        "as": "0 µg",
        "b": "0 mg",
        "ca": "420 mg",
        "cl": "0 mg",
        "co": "0 µg",
        "cr": "0 µg",
        "cu": "0.02 mg",
        "f": "0 µg",
        "fe": "0.36 mg",
        "i": "0 µg",
        "k": "200 mg",
        "li": "0 µg",
        "mg": "22 mg",
        "mn": "0.01 mg",
        "mo": "0 µg",
        "na": "765 mg",
        "ni": "0 µg",
        "p": "375 mg",
        "rb": "0 µg",
        "s": "0 mg",
        "se": "15.8 µg",
        "si": "0 mg",
        "sr": "0 µg",
        "v": "0 µg",
        "zn": "2.6 mg"
      }
    }
  },
  "dietaryConsiderations": {
    "isVegetarian": true,
    "isGlutenFree": true,
    "isLactoseFree": false,
    "isVegan": false,
    "isKetogenic": true,
    "isWholeFoods": false,
    "isLowFodmap": false,
    "isPaleoFriendly": false,
    "isRaw": false
  },
  "allergens": [
    "Mleko"
  ],
  "nutriScore": "C"
}