{
  "productName": "Cebula szalotka",
  "category": "Vegetables",
  "glycemicIndex": "15",
  "glycemicLoad": "2",
  "caffeine": "0 mg",
  "salt": "0.008 g",
  "water": "79.8 g",
  "calories": "72 kcal",
  "servingSize": "100 g",
  "nutrients": {
    "macronutrients": {
      "proteins": {
        "total": "2.5 g",
        "animalBased": "0 g",
        "plantBased": "2.5 g",
        "aminoAcids": {
          "essential": {
            "histidine": "36 mg",
            "isoleucine": "64 mg",
            "leucine": "91 mg",
            "lysine": "96 mg",
            "methionine": "21 mg",
            "phenylalanine": "71 mg",
            "threonine": "55 mg",
            "tryptophan": "32 mg",
            "valine": "75 mg"
          },
          "nonEssential": {
            "alanine": "68 mg",
            "asparagine": "366 mg",
            "asparticAcid": "198 mg",
            "glutamicAcid": "587 mg"
          },
          "conditionallyEssential": {
            "arginine": "212 mg",
            "cysteine": "30 mg",
            "glutamine": "512 mg",
            "tyrosine": "43 mg",
            "glycine": "64 mg",
            "proline": "46 mg",
            "serine": "66 mg"
          }
        }
      },
      "fats": {
        "total": "0.1 g",
        "saturated": {
          "total": "0.042 g",
          "lauricAcid": "0 g",
          "myristicAcid": "0 g",
          "palmiticAcid": "0.036 g",
          "stearicAcid": "0.006 g"
        },
        "unsaturated": {
          "monounsaturated": {
            "total": "0.013 g",
            "omega9": {
              "total": "0.013 g",
              "oleicAcid": "0.013 g",
              "erucicAcid": "0 g"
            }
          },
          "polyunsaturated": {
            "total": "0.017 g",
            "omega3": {
              "total": "0.004 g",
              "ala": "0.004 g",
              "epa": "0 g",
              "dha": "0 g"
            },
            "omega6": {
              "total": "0.013 g",
              "linoleicAcid": "0.013 g",
              "arachidonicAcid": "0 g"
            }
          }
        },
        "trans": "0 g",
        "cholesterol": "0 mg"
      },
      "carbohydrates": {
        "total": "16.8 g",
        "simple": {
          "total": "7.87 g",
          "monosaccharides": {
            "glucose": "3.94 g",
            "fructose": "3.93 g",
            "galactose": "0 g"
          },
          "disaccharides": {
            "sucrose": "0 g",
            "lactose": "0 g",
            "maltose": "0 g"
          }
        },
        "complex": {
          "total": "8.93 g",
          "starches": "5.23 g",
          "fiber": {
            "total": "3.7 g",
            "soluble": "0.7 g",
            "insoluble": "3.0 g"
          },
          "glycogen": "0 g"
        }
      }
    },
    "micronutrients": {
      "vitamins": {
        "a": {
          "total": "4 µg",
          "retinol": "0 µg",
          "betaCarotene": "48 µg"
        },
        "b1": "0.06 mg",
        "b2": "0.02 mg",
        "b3": {
          "total": "0.2 mg",
          "niacin": "0.2 mg",
          "niacinamide": "0 mg"
        },
        "b4": "9.4 mg",
        "b5": "0.29 mg",
        "b6": "0.345 mg",
        "b7": "0.6 µg",
        "b8": "0 mg",
        "b9": "34 µg",
        "b12": "0 µg",
        "c": "8 mg",
        "d": "0 µg",
        "e": "0.19 mg",
        "k": "2.6 µg"
      },
      "minerals": {
        "as": "0.3 µg",
        "b": "0.25 mg",
        "ca": "37 mg",
        "cl": "35 mg",
        "co": "0.15 µg",
        "cr": "1.0 µg",
        "cu": "0.09 mg",
        "f": "1.1 µg",
        "fe": "1.2 mg",
        "i": "2 µg",
        "k": "334 mg",
        "li": "0.75 µg",
        "mg": "21 mg",
        "mn": "0.29 mg",
        "mo": "8.0 µg",
        "na": "8 mg",
        "ni": "0.15 µg",
        "p": "60 mg",
        "rb": "12.5 µg",
        "s": "80 mg",
        "se": "1.2 µg",
        "si": "0.75 mg",
        "sr": "20 µg",
        "v": "0.15 µg",
        "zn": "0.4 mg"
      }
    }
  },
  "dietaryConsiderations": {
    "isVegetarian": true,
    "isGlutenFree": true,
    "isLactoseFree": true,
    "isVegan": true,
    "isKetogenic": false,
    "isWholeFoods": true,
    "isLowFodmap": false,
    "isPaleoFriendly": true,
    "isRaw": true
  },
  "allergens": [],
  "nutriScore": "A"
}