{
  "productName": "Chleb żytni",
  "category": "Bakery products",
  "glycemicIndex": "58",
  "glycemicLoad": "8",
  "caffeine": "0 mg",
  "salt": "1.2 g",
  "water": "38 g",
  "calories": "259 kcal",
  "servingSize": "100 g",
  "nutrients": {
    "macronutrients": {
      "proteins": {
        "total": "8.5 g",
        "animalBased": "0 g",
        "plantBased": "8.5 g",
        "aminoAcids": {
          "essential": {
            "histidine": "180 mg",
            "isoleucine": "340 mg",
            "leucine": "545 mg",
            "lysine": "230 mg",
            "methionine": "130 mg",
            "phenylalanine": "385 mg",
            "threonine": "255 mg",
            "tryptophan": "85 mg",
            "valine": "425 mg"
          },
          "nonEssential": {
            "alanine": "315 mg",
            "asparagine": "510 mg",
            "asparticAcid": "510 mg",
            "glutamicAcid": "2040 mg"
          },
          "conditionallyEssential": {
            "arginine": "380 mg",
            "cysteine": "170 mg",
            "glutamine": "1870 mg",
            "tyrosine": "195 mg",
            "glycine": "340 mg",
            "proline": "935 mg",
            "serine": "375 mg"
          }
        }
      },
      "fats": {
        "total": "3.3 g",
        "saturated": {
          "total": "0.6 g",
          "lauricAcid": "0 g",
          "myristicAcid": "0 g",
          "palmiticAcid": "0.4 g",
          "stearicAcid": "0.2 g"
        },
        "unsaturated": {
          "monounsaturated": {
            "total": "0.5 g",
            "omega9": {
              "total": "0.5 g",
              "oleicAcid": "0.5 g",
              "erucicAcid": "0 g"
            }
          },
          "polyunsaturated": {
            "total": "1.3 g",
            "omega3": {
              "total": "0.2 g",
              "ala": "0.2 g",
              "epa": "0 g",
              "dha": "0 g"
            },
            "omega6": {
              "total": "1.1 g",
              "linoleicAcid": "1.1 g",
              "arachidonicAcid": "0 g"
            }
          }
        },
        "trans": "0 g",
        "cholesterol": "0 mg"
      },
      "carbohydrates": {
        "total": "48 g",
        "simple": {
          "total": "3.5 g",
          "monosaccharides": {
            "glucose": "1.75 g",
            "fructose": "1.75 g",
            "galactose": "0 g"
          },
          "disaccharides": {
            "sucrose": "0 g",
            "lactose": "0 g",
            "maltose": "0 g"
          }
        },
        "complex": {
          "total": "44.5 g",
          "starches": "38.5 g",
          "fiber": {
            "total": "6 g",
            "soluble": "1.8 g",
            "insoluble": "4.2 g"
          },
          "glycogen": "0 g"
        }
      }
    },
    "micronutrients": {
      "vitamins": {
        "a": {
          "total": "0 µg",
          "retinol": "0 µg",
          "betaCarotene": "0 µg"
        },
        "b1": "0.3 mg",
        "b2": "0.2 mg",
        "b3": {
          "total": "3.5 mg",
          "niacin": "3.5 mg",
          "niacinamide": "0 mg"
        },
        "b4": "27 mg",
        "b5": "0.5 mg",
        "b6": "0.2 mg",
        "b7": "4 µg",
        "b8": "0 mg",
        "b9": "60 µg",
        "b12": "0 µg",
        "c": "0 mg",
        "d": "0 µg",
        "e": "0.3 mg",
        "k": "2.5 µg"
      },
      "minerals": {
        "as": "1.5 µg",
        "b": "0.25 mg",
        "ca": "50 mg",
        "cl": "700 mg",
        "co": "0.4 µg",
        "cr": "7.5 µg",
        "cu": "0.2 mg",
        "f": "25 µg",
        "fe": "2.8 mg",
        "i": "4 µg",
        "k": "230 mg",
        "li": "1.5 µg",
        "mg": "55 mg",
        "mn": "1.5 mg",
        "mo": "25 µg",
        "na": "480 mg",
        "ni": "7.5 µg",
        "p": "180 mg",
        "rb": "250 µg",
        "s": "175 mg",
        "se": "30 µg",
        "si": "4 mg",
        "sr": "200 µg",
        "v": "1.5 µg",
        "zn": "1.6 mg"
      }
    }
  },
  "dietaryConsiderations": {
    "isVegetarian": true,
    "isGlutenFree": false,
    "isLactoseFree": true,
    "isVegan": true,
    "isKetogenic": false,
    "isWholeFoods": true,
    "isLowFodmap": false,
    "isPaleoFriendly": false,
    "isRaw": false
  },
  "allergens": [
    "Gluten (żyto)"
  ],
  "nutriScore": "B"
}