{
  "productName": "Chleb graham",
  "category": "Bakery products",
  "glycemicIndex": "45",
  "glycemicLoad": "9",
  "caffeine": "0 mg",
  "salt": "1.1 g",
  "water": "36 g",
  "calories": "247 kcal",
  "servingSize": "100 g",
  "nutrients": {
    "macronutrients": {
      "proteins": {
        "total": "9.8 g",
        "animalBased": "0 g",
        "plantBased": "9.8 g",
        "aminoAcids": {
          "essential": {
            "histidine": "220 mg",
            "isoleucine": "392 mg",
            "leucine": "735 mg",
            "lysine": "294 mg",
            "methionine": "171 mg",
            "phenylalanine": "514 mg",
            "threonine": "318 mg",
            "tryptophan": "122 mg",
            "valine": "490 mg"
          },
          "nonEssential": {
            "alanine": "367 mg",
            "asparagine": "490 mg",
            "asparticAcid": "490 mg",
            "glutamicAcid": "3430 mg"
          },
          "conditionallyEssential": {
            "arginine": "490 mg",
            "cysteine": "220 mg",
            "glutamine": "3185 mg",
            "tyrosine": "318 mg",
            "glycine": "416 mg",
            "proline": "1225 mg",
            "serine": "539 mg"
          }
        }
      },
      "fats": {
        "total": "2.5 g",
        "saturated": {
          "total": "0.4 g",
          "lauricAcid": "0 g",
          "myristicAcid": "0 g",
          "palmiticAcid": "0.3 g",
          "stearicAcid": "0.1 g"
        },
        "unsaturated": {
          "monounsaturated": {
            "total": "0.3 g",
            "omega9": {
              "total": "0.3 g",
              "oleicAcid": "0.3 g",
              "erucicAcid": "0 g"
            }
          },
          "polyunsaturated": {
            "total": "1.1 g",
            "omega3": {
              "total": "0.1 g",
              "ala": "0.1 g",
              "epa": "0 g",
              "dha": "0 g"
            },
            "omega6": {
              "total": "1.0 g",
              "linoleicAcid": "1.0 g",
              "arachidonicAcid": "0 g"
            }
          }
        },
        "trans": "0 g",
        "cholesterol": "0 mg"
      },
      "carbohydrates": {
        "total": "48.5 g",
        "simple": {
          "total": "3.5 g",
          "monosaccharides": {
            "glucose": "1.75 g",
            "fructose": "1.75 g",
            "galactose": "0 g"
          },
          "disaccharides": {
            "sucrose": "0 g",
            "lactose": "0 g",
            "maltose": "0 g"
          }
        },
        "complex": {
          "total": "45 g",
          "starches": "36 g",
          "fiber": {
            "total": "9 g",
            "soluble": "2.3 g",
            "insoluble": "6.7 g"
          },
          "glycogen": "0 g"
        }
      }
    },
    "micronutrients": {
      "vitamins": {
        "a": {
          "total": "0 µg",
          "retinol": "0 µg",
          "betaCarotene": "0 µg"
        },
        "b1": "0.4 mg",
        "b2": "0.2 mg",
        "b3": {
          "total": "4.3 mg",
          "niacin": "4.3 mg",
          "niacinamide": "0 mg"
        },
        "b4": "30 mg",
        "b5": "0.7 mg",
        "b6": "0.3 mg",
        "b7": "5 µg",
        "b8": "0 mg",
        "b9": "50 µg",
        "b12": "0 µg",
        "c": "0 mg",
        "d": "0 µg",
        "e": "0.6 mg",
        "k": "3.4 µg"
      },
      "minerals": {
        "as": "1.5 µg",
        "b": "0.25 mg",
        "ca": "80 mg",
        "cl": "700 mg",
        "co": "0.4 µg",
        "cr": "7.5 µg",
        "cu": "0.3 mg",
        "f": "25 µg",
        "fe": "2.5 mg",
        "i": "4 µg",
        "k": "250 mg",
        "li": "1.5 µg",
        "mg": "80 mg",
        "mn": "2 mg",
        "mo": "25 µg",
        "na": "440 mg",
        "ni": "7.5 µg",
        "p": "200 mg",
        "rb": "200 µg",
        "s": "175 mg",
        "se": "35 µg",
        "si": "4 mg",
        "sr": "200 µg",
        "v": "1.5 µg",
        "zn": "2 mg"
      }
    }
  },
  "dietaryConsiderations": {
    "isVegetarian": true,
    "isGlutenFree": false,
    "isLactoseFree": true,
    "isVegan": true,
    "isKetogenic": false,
    "isWholeFoods": true,
    "isLowFodmap": false,
    "isPaleoFriendly": false,
    "isRaw": false
  },
  "allergens": [
    "Gluten (pszenica)"
  ],
  "nutriScore": "B"
}
