{
  "productName": "Czosnek mielony",
  "category": "Spices",
  "glycemicIndex": "30",
  "glycemicLoad": "3",
  "caffeine": "0 mg",
  "salt": "0.051 g",
  "water": "6.5 g",
  "calories": "331 kcal",
  "servingSize": "100 g",
  "nutrients": {
    "macronutrients": {
      "proteins": {
        "total": "16.55 g",
        "animalBased": "0 g",
        "plantBased": "16.55 g",
        "aminoAcids": {
          "essential": {
            "histidine": "294 mg",
            "isoleucine": "559 mg",
            "leucine": "801 mg",
            "lysine": "710 mg",
            "methionine": "208 mg",
            "phenylalanine": "486 mg",
            "threonine": "551 mg",
            "tryptophan": "172 mg",
            "valine": "757 mg"
          },
          "nonEssential": {
            "alanine": "575 mg",
            "asparagine": "1272 mg",
            "asparticAcid": "1272 mg",
            "glutamicAcid": "2093 mg"
          },
          "conditionallyEssential": {
            "arginine": "1648 mg",
            "cysteine": "239 mg",
            "glutamine": "2093 mg",
            "tyrosine": "289 mg",
            "glycine": "525 mg",
            "proline": "468 mg",
            "serine": "653 mg"
          }
        }
      },
      "fats": {
        "total": "1.3 g",
        "saturated": {
          "total": "0.231 g",
          "lauricAcid": "0 g",
          "myristicAcid": "0 g",
          "palmiticAcid": "0.195 g",
          "stearicAcid": "0.036 g"
        },
        "unsaturated": {
          "monounsaturated": {
            "total": "0.029 g",
            "omega9": {
              "total": "0.029 g",
              "oleicAcid": "0.029 g",
              "erucicAcid": "0 g"
            }
          },
          "polyunsaturated": {
            "total": "0.647 g",
            "omega3": {
              "total": "0.065 g",
              "ala": "0.065 g",
              "epa": "0 g",
              "dha": "0 g"
            },
            "omega6": {
              "total": "0.582 g",
              "linoleicAcid": "0.582 g",
              "arachidonicAcid": "0 g"
            }
          }
        },
        "trans": "0 g",
        "cholesterol": "0 mg"
      },
      "carbohydrates": {
        "total": "72.73 g",
        "simple": {
          "total": "2.6 g",
          "monosaccharides": {
            "glucose": "1.3 g",
            "fructose": "1.3 g",
            "galactose": "0 g"
          },
          "disaccharides": {
            "sucrose": "0 g",
            "lactose": "0 g",
            "maltose": "0 g"
          }
        },
        "complex": {
          "total": "70.13 g",
          "starches": "65.13 g",
          "fiber": {
            "total": "5.46 g",
            "soluble": "1.82 g",
            "insoluble": "3.64 g"
          },
          "glycogen": "0 g"
        }
      }
    },
    "micronutrients": {
      "vitamins": {
        "a": {
          "total": "5.2 µg",
          "retinol": "0 µg",
          "betaCarotene": "52 µg"
        },
        "b1": "0.52 mg",
        "b2": "0.286 mg",
        "b3": {
          "total": "1.82 mg",
          "niacin": "1.82 mg",
          "niacinamide": "0 mg"
        },
        "b4": "60.32 mg",
        "b5": "1.55 mg",
        "b6": "3.211 mg",
        "b7": "0 µg",
        "b8": "5.2 mg",
        "b9": "7.8 µg",
        "b12": "0 µg",
        "c": "81.12 mg",
        "d": "0 µg",
        "e": "0.208 mg",
        "k": "4.42 µg"
      },
      "minerals": {
        "as": "3.9 µg",
        "b": "1.25 mg",
        "ca": "470.6 mg",
        "cl": "78 mg",
        "co": "8.32 µg",
        "cr": "7.8 µg",
        "cu": "0.78 mg",
        "f": "36.4 µg",
        "fe": "4.42 mg",
        "i": "5.2 µg",
        "k": "1042.6 mg",
        "li": "11.96 µg",
        "mg": "65 mg",
        "mn": "4.347 mg",
        "mo": "7.8 µg",
        "na": "44.2 mg",
        "ni": "15.6 µg",
        "p": "397.8 mg",
        "rb": "702 µg",
        "s": "182 mg",
        "se": "36.92 µg",
        "si": "143 mg",
        "sr": "546 µg",
        "v": "11.18 µg",
        "zn": "3.016 mg"
      }
    }
  },
  "dietaryConsiderations": {
    "isVegetarian": true,
    "isGlutenFree": true,
    "isLactoseFree": true,
    "isVegan": true,
    "isKetogenic": false,
    "isWholeFoods": true,
    "isLowFodmap": false,
    "isPaleoFriendly": true,
    "isRaw": false
  },
  "allergens": [],
  "nutriScore": "A"
}