{
  "productName": "Cząber suszony",
  "category": "Spices",
  "glycemicIndex": "0",
  "glycemicLoad": "0",
  "caffeine": "0 mg",
  "salt": "0.052 g",
  "water": "9.3 g",
  "calories": "272 kcal",
  "servingSize": "100 g",
  "nutrients": {
    "macronutrients": {
      "proteins": {
        "total": "6.73 g",
        "animalBased": "0 g",
        "plantBased": "6.73 g",
        "aminoAcids": {
          "essential": {
            "histidine": "122 mg",
            "isoleucine": "278 mg",
            "leucine": "486 mg",
            "lysine": "339 mg",
            "methionine": "110 mg",
            "phenylalanine": "336 mg",
            "threonine": "248 mg",
            "tryptophan": "97 mg",
            "valine": "323 mg"
          },
          "nonEssential": {
            "alanine": "308 mg",
            "asparagine": "584 mg",
            "asparticAcid": "653 mg",
            "glutamicAcid": "720 mg"
          },
          "conditionallyEssential": {
            "arginine": "317 mg",
            "cysteine": "82 mg",
            "glutamine": "790 mg",
            "tyrosine": "211 mg",
            "glycine": "293 mg",
            "proline": "271 mg",
            "serine": "261 mg"
          }
        }
      },
      "fats": {
        "total": "5.89 g",
        "saturated": {
          "total": "1.621 g",
          "lauricAcid": "0.001 g",
          "myristicAcid": "0.021 g",
          "palmiticAcid": "1.32 g",
          "stearicAcid": "0.279 g"
        },
        "unsaturated": {
          "monounsaturated": {
            "total": "0.662 g",
            "omega9": {
              "total": "0.547 g",
              "oleicAcid": "0.547 g",
              "erucicAcid": "0 g"
            }
          },
          "polyunsaturated": {
            "total": "2.692 g",
            "omega3": {
              "total": "1.745 g",
              "ala": "1.745 g",
              "epa": "0 g",
              "dha": "0 g"
            },
            "omega6": {
              "total": "0.947 g",
              "linoleicAcid": "0.947 g",
              "arachidonicAcid": "0 g"
            }
          }
        },
        "trans": "0 g",
        "cholesterol": "0 mg"
      },
      "carbohydrates": {
        "total": "64.96 g",
        "simple": {
          "total": "0.96 g",
          "monosaccharides": {
            "glucose": "0.48 g",
            "fructose": "0.48 g",
            "galactose": "0 g"
          },
          "disaccharides": {
            "sucrose": "0 g",
            "lactose": "0 g",
            "maltose": "0 g"
          }
        },
        "complex": {
          "total": "64 g",
          "starches": "24 g",
          "fiber": {
            "total": "40 g",
            "soluble": "10 g",
            "insoluble": "30 g"
          },
          "glycogen": "0 g"
        }
      }
    },
    "micronutrients": {
      "vitamins": {
        "a": {
          "total": "156 µg",
          "retinol": "0 µg",
          "betaCarotene": "1872 µg"
        },
        "b1": "0.332 mg",
        "b2": "0.392 mg",
        "b3": {
          "total": "4.08 mg",
          "niacin": "4.08 mg",
          "niacinamide": "0 mg"
        },
        "b4": "0 mg",
        "b5": "0.89 mg",
        "b6": "1.81 mg",
        "b7": "0 µg",
        "b8": "0 mg",
        "b9": "274 µg",
        "b12": "0 µg",
        "c": "50 mg",
        "d": "0 µg",
        "e": "8.51 mg",
        "k": "513.6 µg"
      },
      "minerals": {
        "as": "1 µg",
        "b": "2 mg",
        "ca": "2132 mg",
        "cl": "40 mg",
        "co": "2 µg",
        "cr": "5 µg",
        "cu": "0.86 mg",
        "f": "20 µg",
        "fe": "37.88 mg",
        "i": "3.5 µg",
        "k": "1051 mg",
        "li": "3.5 µg",
        "mg": "377 mg",
        "mn": "5.2 mg",
        "mo": "20 µg",
        "na": "52 mg",
        "ni": "20 µg",
        "p": "201 mg",
        "rb": "1500 µg",
        "s": "300 mg",
        "se": "2.8 µg",
        "si": "45 mg",
        "sr": "1500 µg",
        "v": "3.5 µg",
        "zn": "3.15 mg"
      }
    }
  },
  "dietaryConsiderations": {
    "isVegetarian": true,
    "isGlutenFree": true,
    "isLactoseFree": true,
    "isVegan": true,
    "isKetogenic": true,
    "isWholeFoods": true,
    "isLowFodmap": true,
    "isPaleoFriendly": true,
    "isRaw": false
  },
  "allergens": [],
  "nutriScore": "B"
}