{
  "productName": "Imbir świeży",
  "category": "Spices and Herbs",
  "glycemicIndex": "15",
  "glycemicLoad": "1",
  "caffeine": "0 mg",
  "salt": "0.013 g",
  "water": "78.89 g",
  "calories": "80 kcal",
  "servingSize": "100 g",
  "nutrients": {
    "macronutrients": {
      "proteins": {
        "total": "1.82 g",
        "animalBased": "0 g",
        "plantBased": "1.82 g",
        "aminoAcids": {
          "essential": {
            "histidine": "24 mg",
            "isoleucine": "44 mg",
            "leucine": "68 mg",
            "lysine": "57 mg",
            "methionine": "21 mg",
            "phenylalanine": "49 mg",
            "threonine": "41 mg",
            "tryptophan": "13 mg",
            "valine": "56 mg"
          },
          "nonEssential": {
            "alanine": "62 mg",
            "asparagine": "0 mg",
            "asparticAcid": "130 mg",
            "glutamicAcid": "120 mg"
          },
          "conditionallyEssential": {
            "arginine": "72 mg",
            "cysteine": "24 mg",
            "glutamine": "0 mg",
            "tyrosine": "38 mg",
            "glycine": "49 mg",
            "proline": "40 mg",
            "serine": "46 mg"
          }
        }
      },
      "fats": {
        "total": "0.75 g",
        "saturated": {
          "total": "0.203 g",
          "lauricAcid": "0 g",
          "myristicAcid": "0 g",
          "palmiticAcid": "0.165 g",
          "stearicAcid": "0.038 g"
        },
        "unsaturated": {
          "monounsaturated": {
            "total": "0.154 g",
            "omega9": {
              "total": "0.154 g",
              "oleicAcid": "0.154 g",
              "erucicAcid": "0 g"
            }
          },
          "polyunsaturated": {
            "total": "0.154 g",
            "omega3": {
              "total": "0.034 g",
              "ala": "0.034 g",
              "epa": "0 g",
              "dha": "0 g"
            },
            "omega6": {
              "total": "0.12 g",
              "linoleicAcid": "0.12 g",
              "arachidonicAcid": "0 g"
            }
          }
        },
        "trans": "0 g",
        "cholesterol": "0 mg"
      },
      "carbohydrates": {
        "total": "17.77 g",
        "simple": {
          "total": "1.7 g",
          "monosaccharides": {
            "glucose": "0.9 g",
            "fructose": "0.8 g",
            "galactose": "0 g"
          },
          "disaccharides": {
            "sucrose": "0 g",
            "lactose": "0 g",
            "maltose": "0 g"
          }
        },
        "complex": {
          "total": "16.07 g",
          "starches": "14.07 g",
          "fiber": {
            "total": "2 g",
            "soluble": "0.7 g",
            "insoluble": "1.3 g"
          },
          "glycogen": "0 g"
        }
      }
    },
    "micronutrients": {
      "vitamins": {
        "a": {
          "total": "0 µg",
          "retinol": "0 µg",
          "betaCarotene": "0 µg"
        },
        "b1": "0.025 mg",
        "b2": "0.034 mg",
        "b3": {
          "total": "0.75 mg",
          "niacin": "0.75 mg",
          "niacinamide": "0 mg"
        },
        "b4": "28.8 mg",
        "b5": "0.203 mg",
        "b6": "0.16 mg",
        "b7": "0 µg",
        "b8": "0 mg",
        "b9": "11 µg",
        "b12": "0 µg",
        "c": "5 mg",
        "d": "0 µg",
        "e": "0.26 mg",
        "k": "0.1 µg"
      },
      "minerals": {
        "as": "0 µg",
        "b": "0 mg",
        "ca": "16 mg",
        "cl": "0 mg",
        "co": "0 µg",
        "cr": "0 µg",
        "cu": "0.226 mg",
        "f": "0 µg",
        "fe": "0.6 mg",
        "i": "0 µg",
        "k": "415 mg",
        "li": "0 µg",
        "mg": "43 mg",
        "mn": "0.229 mg",
        "mo": "0 µg",
        "na": "13 mg",
        "ni": "0 µg",
        "p": "34 mg",
        "rb": "0 µg",
        "s": "0 mg",
        "se": "0.7 µg",
        "si": "0 mg",
        "sr": "0 µg",
        "v": "0 µg",
        "zn": "0.34 mg"
      }
    }
  },
  "dietaryConsiderations": {
    "isVegetarian": true,
    "isGlutenFree": true,
    "isLactoseFree": true,
    "isVegan": true,
    "isKetogenic": true,
    "isWholeFoods": true,
    "isLowFodmap": false,
    "isPaleoFriendly": true,
    "isRaw": true
  },
  "allergens": [],
  "nutriScore": "A"
}