{
  "productName": "Jogurt naturalny",
  "category": "Dairy Products",
  "glycemicIndex": "15",
  "glycemicLoad": "2",
  "caffeine": "0 mg",
  "salt": "0.104 g",
  "water": "87.9 g",
  "calories": "61 kcal",
  "servingSize": "100 g",
  "nutrients": {
    "macronutrients": {
      "proteins": {
        "total": "3.47 g",
        "animalBased": "3.47 g",
        "plantBased": "0 g",
        "aminoAcids": {
          "essential": {
            "histidine": "89 mg",
            "isoleucine": "186 mg",
            "leucine": "334 mg",
            "lysine": "274 mg",
            "methionine": "86 mg",
            "phenylalanine": "176 mg",
            "threonine": "155 mg",
            "tryptophan": "44 mg",
            "valine": "226 mg"
          },
          "nonEssential": {
            "alanine": "117 mg",
            "asparagine": "231 mg",
            "asparticAcid": "252 mg",
            "glutamicAcid": "687 mg"
          },
          "conditionallyEssential": {
            "arginine": "120 mg",
            "cysteine": "30 mg",
            "glutamine": "505 mg",
            "tyrosine": "175 mg",
            "glycine": "71 mg",
            "proline": "340 mg",
            "serine": "196 mg"
          }
        }
      },
      "fats": {
        "total": "3.25 g",
        "saturated": {
          "total": "2.1 g",
          "lauricAcid": "0.103 g",
          "myristicAcid": "0.344 g",
          "palmiticAcid": "0.905 g",
          "stearicAcid": "0.372 g"
        },
        "unsaturated": {
          "monounsaturated": {
            "total": "0.89 g",
            "omega9": {
              "total": "0.81 g",
              "oleicAcid": "0.81 g",
              "erucicAcid": "0 g"
            }
          },
          "polyunsaturated": {
            "total": "0.09 g",
            "omega3": {
              "total": "0.02 g",
              "ala": "0.02 g",
              "epa": "0 g",
              "dha": "0 g"
            },
            "omega6": {
              "total": "0.07 g",
              "linoleicAcid": "0.07 g",
              "arachidonicAcid": "0 g"
            }
          }
        },
        "trans": "0.11 g",
        "cholesterol": "13 mg"
      },
      "carbohydrates": {
        "total": "4.66 g",
        "simple": {
          "total": "4.66 g",
          "monosaccharides": {
            "glucose": "0.61 g",
            "fructose": "0.05 g",
            "galactose": "1.36 g"
          },
          "disaccharides": {
            "sucrose": "0 g",
            "lactose": "2.64 g",
            "maltose": "0 g"
          }
        },
        "complex": {
          "total": "0 g",
          "starches": "0 g",
          "fiber": {
            "total": "0 g",
            "soluble": "0 g",
            "insoluble": "0 g"
          },
          "glycogen": "0 g"
        }
      }
    },
    "micronutrients": {
      "vitamins": {
        "a": {
          "total": "33 µg",
          "retinol": "33 µg",
          "betaCarotene": "5 µg"
        },
        "b1": "0.029 mg",
        "b2": "0.142 mg",
        "b3": {
          "total": "0.075 mg",
          "niacin": "0.075 mg",
          "niacinamide": "0 mg"
        },
        "b4": "15.4 mg",
        "b5": "0.389 mg",
        "b6": "0.032 mg",
        "b7": "2.2 µg",
        "b8": "0 mg",
        "b9": "7 µg",
        "b12": "0.37 µg",
        "c": "0.5 mg",
        "d": "0.1 µg",
        "e": "0.06 mg",
        "k": "0.2 µg"
      },
      "minerals": {
        "as": "0 µg",
        "b": "0.02 mg",
        "ca": "121 mg",
        "cl": "74 mg",
        "co": "0.1 µg",
        "cr": "0.8 µg",
        "cu": "0.009 mg",
        "f": "16 µg",
        "fe": "0.05 mg",
        "i": "23 µg",
        "k": "155 mg",
        "li": "0.1 µg",
        "mg": "12 mg",
        "mn": "0.004 mg",
        "mo": "4.2 µg",
        "na": "46 mg",
        "ni": "0.1 µg",
        "p": "95 mg",
        "rb": "14.3 µg",
        "s": "30 mg",
        "se": "2 µg",
        "si": "0.2 mg",
        "sr": "11 µg",
        "v": "0.4 µg",
        "zn": "0.59 mg"
      }
    }
  },
  "dietaryConsiderations": {
    "isVegetarian": true,
    "isGlutenFree": true,
    "isLactoseFree": false,
    "isVegan": false,
    "isKetogenic": true,
    "isWholeFoods": true,
    "isLowFodmap": false,
    "isPaleoFriendly": false,
    "isRaw": false
  },
  "allergens": [
    "Mleko"
  ],
  "nutriScore": "B"
}