{
  "productName": "Kalafior",
  "category": "Vegetables",
  "glycemicIndex": "15",
  "glycemicLoad": "1",
  "caffeine": "0 mg",
  "salt": "0.030 g",
  "water": "92.07 g",
  "calories": "25 kcal",
  "servingSize": "100 g",
  "nutrients": {
    "macronutrients": {
      "proteins": {
        "total": "1.92 g",
        "animalBased": "0 g",
        "plantBased": "1.92 g",
        "aminoAcids": {
          "essential": {
            "histidine": "27 mg",
            "isoleucine": "57 mg",
            "leucine": "71 mg",
            "lysine": "81 mg",
            "methionine": "21 mg",
            "phenylalanine": "52 mg",
            "threonine": "51 mg",
            "tryptophan": "24 mg",
            "valine": "76 mg"
          },
          "nonEssential": {
            "alanine": "64 mg",
            "asparagine": "144 mg",
            "asparticAcid": "144 mg",
            "glutamicAcid": "367 mg"
          },
          "conditionallyEssential": {
            "arginine": "77 mg",
            "cysteine": "14 mg",
            "glutamine": "303 mg",
            "tyrosine": "29 mg",
            "glycine": "57 mg",
            "proline": "56 mg",
            "serine": "61 mg"
          }
        }
      },
      "fats": {
        "total": "0.28 g",
        "saturated": {
          "total": "0.062 g",
          "lauricAcid": "0 g",
          "myristicAcid": "0 g",
          "palmiticAcid": "0.046 g",
          "stearicAcid": "0.005 g"
        },
        "unsaturated": {
          "monounsaturated": {
            "total": "0.025 g",
            "omega9": {
              "total": "0.023 g",
              "oleicAcid": "0.023 g",
              "erucicAcid": "0 g"
            }
          },
          "polyunsaturated": {
            "total": "0.128 g",
            "omega3": {
              "total": "0.027 g",
              "ala": "0.027 g",
              "epa": "0 g",
              "dha": "0 g"
            },
            "omega6": {
              "total": "0.101 g",
              "linoleicAcid": "0.101 g",
              "arachidonicAcid": "0 g"
            }
          }
        },
        "trans": "0 g",
        "cholesterol": "0 mg"
      },
      "carbohydrates": {
        "total": "4.97 g",
        "simple": {
          "total": "1.91 g",
          "monosaccharides": {
            "glucose": "0.95 g",
            "fructose": "0.96 g",
            "galactose": "0 g"
          },
          "disaccharides": {
            "sucrose": "0 g",
            "lactose": "0 g",
            "maltose": "0 g"
          }
        },
        "complex": {
          "total": "3.06 g",
          "starches": "0.3 g",
          "fiber": {
            "total": "2.0 g",
            "soluble": "0.6 g",
            "insoluble": "1.4 g"
          },
          "glycogen": "0 g"
        }
      }
    },
    "micronutrients": {
      "vitamins": {
        "a": {
          "total": "0 µg",
          "retinol": "0 µg",
          "betaCarotene": "12 µg"
        },
        "b1": "0.050 mg",
        "b2": "0.060 mg",
        "b3": {
          "total": "0.507 mg",
          "niacin": "0.507 mg",
          "niacinamide": "0 mg"
        },
        "b4": "44.3 mg",
        "b5": "0.667 mg",
        "b6": "0.184 mg",
        "b7": "0.4 µg",
        "b8": "0 mg",
        "b9": "57 µg",
        "b12": "0 µg",
        "c": "48.2 mg",
        "d": "0 µg",
        "e": "0.08 mg",
        "k": "15.5 µg"
      },
      "minerals": {
        "as": "0 µg",
        "b": "0.29 mg",
        "ca": "22 mg",
        "cl": "30 mg",
        "co": "0.1 µg",
        "cr": "0.9 µg",
        "cu": "0.039 mg",
        "f": "1 µg",
        "fe": "0.42 mg",
        "i": "0.3 µg",
        "k": "299 mg",
        "li": "0.2 µg",
        "mg": "15 mg",
        "mn": "0.155 mg",
        "mo": "0.9 µg",
        "na": "30 mg",
        "ni": "0.6 µg",
        "p": "44 mg",
        "rb": "240 µg",
        "s": "44 mg",
        "se": "0.6 µg",
        "si": "0.6 mg",
        "sr": "12 µg",
        "v": "1.1 µg",
        "zn": "0.27 mg"
      }
    }
  },
  "dietaryConsiderations": {
    "isVegetarian": true,
    "isGlutenFree": true,
    "isLactoseFree": true,
    "isVegan": true,
    "isKetogenic": true,
    "isWholeFoods": true,
    "isLowFodmap": true,
    "isPaleoFriendly": true,
    "isRaw": true
  },
  "allergens": [],
  "nutriScore": "A"
}