{
  "productName": "Kmin rzymski",
  "category": "Spices and Herbs",
  "glycemicIndex": "0",
  "glycemicLoad": "0",
  "caffeine": "0 mg",
  "salt": "0.17 g",
  "water": "8.06 g",
  "calories": "375 kcal",
  "servingSize": "100 g",
  "nutrients": {
    "macronutrients": {
      "proteins": {
        "total": "17.81 g",
        "animalBased": "0 g",
        "plantBased": "17.81 g",
        "aminoAcids": {
          "essential": {
            "histidine": "453 mg",
            "isoleucine": "738 mg",
            "leucine": "1269 mg",
            "lysine": "1017 mg",
            "methionine": "288 mg",
            "phenylalanine": "857 mg",
            "threonine": "680 mg",
            "tryptophan": "210 mg",
            "valine": "932 mg"
          },
          "nonEssential": {
            "alanine": "833 mg",
            "asparagine": "1086 mg",
            "asparticAcid": "1086 mg",
            "glutamicAcid": "3368 mg"
          },
          "conditionallyEssential": {
            "arginine": "1236 mg",
            "cysteine": "269 mg",
            "glutamine": "3368 mg",
            "tyrosine": "521 mg",
            "glycine": "875 mg",
            "proline": "689 mg",
            "serine": "795 mg"
          }
        }
      },
      "fats": {
        "total": "22.27 g",
        "saturated": {
          "total": "1.535 g",
          "lauricAcid": "0 g",
          "myristicAcid": "0.009 g",
          "palmiticAcid": "0.98 g",
          "stearicAcid": "0.361 g"
        },
        "unsaturated": {
          "monounsaturated": {
            "total": "14.04 g",
            "omega9": {
              "total": "13.73 g",
              "oleicAcid": "13.73 g",
              "erucicAcid": "0 g"
            }
          },
          "polyunsaturated": {
            "total": "6.693 g",
            "omega3": {
              "total": "0.435 g",
              "ala": "0.435 g",
              "epa": "0 g",
              "dha": "0 g"
            },
            "omega6": {
              "total": "6.258 g",
              "linoleicAcid": "6.258 g",
              "arachidonicAcid": "0 g"
            }
          }
        },
        "trans": "0 g",
        "cholesterol": "0 mg"
      },
      "carbohydrates": {
        "total": "44.24 g",
        "simple": {
          "total": "2.25 g",
          "monosaccharides": {
            "glucose": "1.12 g",
            "fructose": "1.13 g",
            "galactose": "0 g"
          },
          "disaccharides": {
            "sucrose": "0 g",
            "lactose": "0 g",
            "maltose": "0 g"
          }
        },
        "complex": {
          "total": "41.99 g",
          "starches": "11.09 g",
          "fiber": {
            "total": "10.5 g",
            "soluble": "3.5 g",
            "insoluble": "7 g"
          },
          "glycogen": "0 g"
        }
      }
    },
    "micronutrients": {
      "vitamins": {
        "a": {
          "total": "64 µg",
          "retinol": "0 µg",
          "betaCarotene": "763 µg"
        },
        "b1": "0.628 mg",
        "b2": "0.327 mg",
        "b3": {
          "total": "4.579 mg",
          "niacin": "4.579 mg",
          "niacinamide": "0 mg"
        },
        "b4": "24.7 mg",
        "b5": "0.5 mg",
        "b6": "0.435 mg",
        "b7": "0.5 µg",
        "b8": "0 mg",
        "b9": "10 µg",
        "b12": "0 µg",
        "c": "7.7 mg",
        "d": "0 µg",
        "e": "3.33 mg",
        "k": "5.4 µg"
      },
      "minerals": {
        "as": "0 µg",
        "b": "1.1 mg",
        "ca": "931 mg",
        "cl": "102 mg",
        "co": "0 µg",
        "cr": "19.6 µg",
        "cu": "0.87 mg",
        "f": "0 µg",
        "fe": "66.36 mg",
        "i": "0 µg",
        "k": "1788 mg",
        "li": "0 µg",
        "mg": "366 mg",
        "mn": "3.33 mg",
        "mo": "0 µg",
        "na": "168 mg",
        "ni": "0 µg",
        "p": "499 mg",
        "rb": "0 µg",
        "s": "0 mg",
        "se": "5.2 µg",
        "si": "0 mg",
        "sr": "0 µg",
        "v": "0 µg",
        "zn": "4.8 mg"
      }
    }
  },
  "dietaryConsiderations": {
    "isVegetarian": true,
    "isGlutenFree": true,
    "isLactoseFree": true,
    "isVegan": true,
    "isKetogenic": false,
    "isWholeFoods": true,
    "isLowFodmap": false,
    "isPaleoFriendly": true,
    "isRaw": true
  },
  "allergens": [],
  "nutriScore": "B"
}