{
  "productName": "Koperek suszony",
  "category": "Herbs and Spices",
  "glycemicIndex": "15",
  "glycemicLoad": "0",
  "caffeine": "0 mg",
  "salt": "0.057 g",
  "water": "7.7 g",
  "calories": "253 kcal",
  "servingSize": "100 g",
  "nutrients": {
    "macronutrients": {
      "proteins": {
        "total": "20 g",
        "animalBased": "0 g",
        "plantBased": "20 g",
        "aminoAcids": {
          "essential": {
            "histidine": "380 mg",
            "isoleucine": "840 mg",
            "leucine": "1420 mg",
            "lysine": "1180 mg",
            "methionine": "300 mg",
            "phenylalanine": "840 mg",
            "threonine": "780 mg",
            "tryptophan": "360 mg",
            "valine": "1100 mg"
          },
          "nonEssential": {
            "alanine": "1040 mg",
            "asparagine": "0 mg",
            "asparticAcid": "1500 mg",
            "glutamicAcid": "1840 mg"
          },
          "conditionallyEssential": {
            "arginine": "1000 mg",
            "cysteine": "180 mg",
            "glutamine": "0 mg",
            "tyrosine": "580 mg",
            "glycine": "900 mg",
            "proline": "720 mg",
            "serine": "760 mg"
          }
        }
      },
      "fats": {
        "total": "4.4 g",
        "saturated": {
          "total": "0.24 g",
          "lauricAcid": "0 g",
          "myristicAcid": "0.005 g",
          "palmiticAcid": "0.18 g",
          "stearicAcid": "0.055 g"
        },
        "unsaturated": {
          "monounsaturated": {
            "total": "2.06 g",
            "omega9": {
              "total": "2.04 g",
              "oleicAcid": "2.04 g",
              "erucicAcid": "0 g"
            }
          },
          "polyunsaturated": {
            "total": "1.45 g",
            "omega3": {
              "total": "0.75 g",
              "ala": "0.75 g",
              "epa": "0 g",
              "dha": "0 g"
            },
            "omega6": {
              "total": "0.7 g",
              "linoleicAcid": "0.7 g",
              "arachidonicAcid": "0 g"
            }
          }
        },
        "trans": "0 g",
        "cholesterol": "0 mg"
      },
      "carbohydrates": {
        "total": "55.8 g",
        "simple": {
          "total": "11.8 g",
          "monosaccharides": {
            "glucose": "5.9 g",
            "fructose": "5.9 g",
            "galactose": "0 g"
          },
          "disaccharides": {
            "sucrose": "0 g",
            "lactose": "0 g",
            "maltose": "0 g"
          }
        },
        "complex": {
          "total": "44 g",
          "starches": "11.8 g",
          "fiber": {
            "total": "32.2 g",
            "soluble": "6.4 g",
            "insoluble": "25.8 g"
          },
          "glycogen": "0 g"
        }
      }
    },
    "micronutrients": {
      "vitamins": {
        "a": {
          "total": "3806 µg",
          "retinol": "0 µg",
          "betaCarotene": "45649 µg"
        },
        "b1": "0.42 mg",
        "b2": "2.8 mg",
        "b3": {
          "total": "5.2 mg",
          "niacin": "5.2 mg",
          "niacinamide": "0 mg"
        },
        "b4": "45.4 mg",
        "b5": "0.6 mg",
        "b6": "1.08 mg",
        "b7": "3.5 µg",
        "b8": "0 mg",
        "b9": "281 µg",
        "b12": "0 µg",
        "c": "92 mg",
        "d": "0 µg",
        "e": "3.3 mg",
        "k": "1110 µg"
      },
      "minerals": {
        "as": "0 µg",
        "b": "0 mg",
        "ca": "1516 mg",
        "cl": "0 mg",
        "co": "0 µg",
        "cr": "0 µg",
        "cu": "1.33 mg",
        "f": "0 µg",
        "fe": "65.3 mg",
        "i": "0 µg",
        "k": "3296 mg",
        "li": "0 µg",
        "mg": "372 mg",
        "mn": "6.19 mg",
        "mo": "0 µg",
        "na": "22 mg",
        "ni": "0 µg",
        "p": "561 mg",
        "rb": "0 µg",
        "s": "0 mg",
        "se": "12.1 µg",
        "si": "0 mg",
        "sr": "0 µg",
        "v": "0 µg",
        "zn": "4.13 mg"
      }
    }
  },
  "dietaryConsiderations": {
    "isVegetarian": true,
    "isGlutenFree": true,
    "isLactoseFree": true,
    "isVegan": true,
    "isKetogenic": true,
    "isWholeFoods": true,
    "isLowFodmap": true,
    "isPaleoFriendly": true,
    "isRaw": true
  },
  "allergens": [],
  "nutriScore": "A"
}