{
  "productName": "Kurkuma świeża",
  "category": "Vegetables",
  "glycemicIndex": "0",
  "glycemicLoad": "0",
  "caffeine": "0 mg",
  "salt": "0.027 g",
  "water": "83.13 g",
  "calories": "64 kcal",
  "servingSize": "100 g",
  "nutrients": {
    "macronutrients": {
      "proteins": {
        "total": "2.0 g",
        "animalBased": "0 g",
        "plantBased": "2.0 g",
        "aminoAcids": {
          "essential": {
            "histidine": "38 mg",
            "isoleucine": "74 mg",
            "leucine": "121 mg",
            "lysine": "67 mg",
            "methionine": "36 mg",
            "phenylalanine": "85 mg",
            "threonine": "70 mg",
            "tryptophan": "19 mg",
            "valine": "96 mg"
          },
          "nonEssential": {
            "alanine": "86 mg",
            "asparagine": "144 mg",
            "asparticAcid": "144 mg",
            "glutamicAcid": "297 mg"
          },
          "conditionallyEssential": {
            "arginine": "94 mg",
            "cysteine": "26 mg",
            "glutamine": "297 mg",
            "tyrosine": "53 mg",
            "glycine": "76 mg",
            "proline": "75 mg",
            "serine": "84 mg"
          }
        }
      },
      "fats": {
        "total": "0.9 g",
        "saturated": {
          "total": "0.51 g",
          "lauricAcid": "0.001 g",
          "myristicAcid": "0.002 g",
          "palmiticAcid": "0.243 g",
          "stearicAcid": "0.013 g"
        },
        "unsaturated": {
          "monounsaturated": {
            "total": "0.124 g",
            "omega9": {
              "total": "0.121 g",
              "oleicAcid": "0.121 g",
              "erucicAcid": "0 g"
            }
          },
          "polyunsaturated": {
            "total": "0.209 g",
            "omega3": {
              "total": "0.054 g",
              "ala": "0.054 g",
              "epa": "0 g",
              "dha": "0 g"
            },
            "omega6": {
              "total": "0.155 g",
              "linoleicAcid": "0.155 g",
              "arachidonicAcid": "0 g"
            }
          }
        },
        "trans": "0 g",
        "cholesterol": "0 mg"
      },
      "carbohydrates": {
        "total": "13.45 g",
        "simple": {
          "total": "3.21 g",
          "monosaccharides": {
            "glucose": "1.61 g",
            "fructose": "1.6 g",
            "galactose": "0 g"
          },
          "disaccharides": {
            "sucrose": "0 g",
            "lactose": "0 g",
            "maltose": "0 g"
          }
        },
        "complex": {
          "total": "10.24 g",
          "starches": "6.94 g",
          "fiber": {
            "total": "3.3 g",
            "soluble": "1.1 g",
            "insoluble": "2.2 g"
          },
          "glycogen": "0 g"
        }
      }
    },
    "micronutrients": {
      "vitamins": {
        "a": {
          "total": "0 µg",
          "retinol": "0 µg",
          "betaCarotene": "0 µg"
        },
        "b1": "0.058 mg",
        "b2": "0.081 mg",
        "b3": {
          "total": "1.35 mg",
          "niacin": "1.35 mg",
          "niacinamide": "0 mg"
        },
        "b4": "11.3 mg",
        "b5": "0.135 mg",
        "b6": "0.107 mg",
        "b7": "0.13 µg",
        "b8": "0 mg",
        "b9": "20 µg",
        "b12": "0 µg",
        "c": "23.9 mg",
        "d": "0 µg",
        "e": "1.62 mg",
        "k": "0.1 µg"
      },
      "minerals": {
        "as": "0 µg",
        "b": "0.04 mg",
        "ca": "26 mg",
        "cl": "20 mg",
        "co": "0 µg",
        "cr": "0.7 µg",
        "cu": "0.23 mg",
        "f": "2 µg",
        "fe": "3.27 mg",
        "i": "0.1 µg",
        "k": "354 mg",
        "li": "0.1 µg",
        "mg": "33 mg",
        "mn": "0.383 mg",
        "mo": "5 µg",
        "na": "27 mg",
        "ni": "20 µg",
        "p": "73 mg",
        "rb": "14 µg",
        "s": "30 mg",
        "se": "0.7 µg",
        "si": "1 mg",
        "sr": "9 µg",
        "v": "5 µg",
        "zn": "0.42 mg"
      }
    }
  },
  "dietaryConsiderations": {
    "isVegetarian": true,
    "isGlutenFree": true,
    "isLactoseFree": true,
    "isVegan": true,
    "isKetogenic": false,
    "isWholeFoods": true,
    "isLowFodmap": true,
    "isPaleoFriendly": true,
    "isRaw": true
  },
  "allergens": [],
  "nutriScore": "A"
}