{
  "productName": "Maliny",
  "category": "Fruits",
  "glycemicIndex": "32",
  "glycemicLoad": "2",
  "caffeine": "0 mg",
  "salt": "0 g",
  "water": "85 g",
  "calories": "52 kcal",
  "servingSize": "100 g",
  "nutrients": {
    "macronutrients": {
      "proteins": {
        "total": "1.2 g",
        "animalBased": "0 g",
        "plantBased": "1.2 g",
        "aminoAcids": {
          "essential": {
            "histidine": "23 mg",
            "isoleucine": "46 mg",
            "leucine": "76 mg",
            "lysine": "57 mg",
            "methionine": "14 mg",
            "phenylalanine": "42 mg",
            "threonine": "44 mg",
            "tryptophan": "11 mg",
            "valine": "57 mg"
          },
          "nonEssential": {
            "alanine": "53 mg",
            "asparagine": "120 mg",
            "asparticAcid": "120 mg",
            "glutamicAcid": "140 mg"
          },
          "conditionallyEssential": {
            "arginine": "53 mg",
            "cysteine": "16 mg",
            "glutamine": "140 mg",
            "tyrosine": "28 mg",
            "glycine": "47 mg",
            "proline": "39 mg",
            "serine": "46 mg"
          }
        }
      },
      "fats": {
        "total": "0.7 g",
        "saturated": {
          "total": "0.02 g",
          "lauricAcid": "0 g",
          "myristicAcid": "0 g",
          "palmiticAcid": "0.02 g",
          "stearicAcid": "0 g"
        },
        "unsaturated": {
          "monounsaturated": {
            "total": "0.06 g",
            "omega9": {
              "total": "0.06 g",
              "oleicAcid": "0.06 g",
              "erucicAcid": "0 g"
            }
          },
          "polyunsaturated": {
            "total": "0.4 g",
            "omega3": {
              "total": "0.13 g",
              "ala": "0.13 g",
              "epa": "0 g",
              "dha": "0 g"
            },
            "omega6": {
              "total": "0.27 g",
              "linoleicAcid": "0.27 g",
              "arachidonicAcid": "0 g"
            }
          }
        },
        "trans": "0 g",
        "cholesterol": "0 mg"
      },
      "carbohydrates": {
        "total": "11.9 g",
        "simple": {
          "total": "4.4 g",
          "monosaccharides": {
            "glucose": "1.9 g",
            "fructose": "2.3 g",
            "galactose": "0.1 g"
          },
          "disaccharides": {
            "sucrose": "0.1 g",
            "lactose": "0 g",
            "maltose": "0 g"
          }
        },
        "complex": {
          "total": "7.5 g",
          "starches": "0.1 g",
          "fiber": {
            "total": "6.5 g",
            "soluble": "0.7 g",
            "insoluble": "5.8 g"
          },
          "glycogen": "0 g"
        }
      }
    },
    "micronutrients": {
      "vitamins": {
        "a": {
          "total": "2 µg",
          "retinol": "0 µg",
          "betaCarotene": "25 µg"
        },
        "b1": "0.03 mg",
        "b2": "0.04 mg",
        "b3": {
          "total": "0.6 mg",
          "niacin": "0.6 mg",
          "niacinamide": "0 mg"
        },
        "b4": "12 mg",
        "b5": "0.33 mg",
        "b6": "0.06 mg",
        "b7": "0.7 µg",
        "b8": "0 mg",
        "b9": "21 µg",
        "b12": "0 µg",
        "c": "26.2 mg",
        "d": "0 µg",
        "e": "0.87 mg",
        "k": "7.8 µg"
      },
      "minerals": {
        "as": "0 µg",
        "b": "0.29 mg",
        "ca": "25 mg",
        "cl": "0 mg",
        "co": "0 µg",
        "cr": "2 µg",
        "cu": "0.09 mg",
        "f": "0 µg",
        "fe": "0.69 mg",
        "i": "1 µg",
        "k": "151 mg",
        "li": "0 µg",
        "mg": "22 mg",
        "mn": "0.67 mg",
        "mo": "0.6 µg",
        "na": "1 mg",
        "ni": "0 µg",
        "p": "29 mg",
        "rb": "0 µg",
        "s": "0 mg",
        "se": "0.2 µg",
        "si": "0 mg",
        "sr": "0 µg",
        "v": "0 µg",
        "zn": "0.42 mg"
      }
    }
  },
  "dietaryConsiderations": {
    "isVegetarian": true,
    "isGlutenFree": true,
    "isLactoseFree": true,
    "isVegan": true,
    "isKetogenic": false,
    "isWholeFoods": true,
    "isLowFodmap": false,
    "isPaleoFriendly": true,
    "isRaw": true
  },
  "allergens": [],
  "nutriScore": "A"
}