{
  "productName": "Mango",
  "category": "Fruits",
  "glycemicIndex": "51",
  "glycemicLoad": "8",
  "caffeine": "0 mg",
  "salt": "0 g",
  "water": "83.5 g",
  "calories": "60 kcal",
  "servingSize": "100 g",
  "nutrients": {
    "macronutrients": {
      "proteins": {
        "total": "0.8 g",
        "animalBased": "0 g",
        "plantBased": "0.8 g",
        "aminoAcids": {
          "essential": {
            "histidine": "16 mg",
            "isoleucine": "33 mg",
            "leucine": "53 mg",
            "lysine": "44 mg",
            "methionine": "10 mg",
            "phenylalanine": "30 mg",
            "threonine": "29 mg",
            "tryptophan": "9 mg",
            "valine": "41 mg"
          },
          "nonEssential": {
            "alanine": "60 mg",
            "asparagine": "70 mg",
            "asparticAcid": "70 mg",
            "glutamicAcid": "90 mg"
          },
          "conditionallyEssential": {
            "arginine": "33 mg",
            "cysteine": "13 mg",
            "glutamine": "90 mg",
            "tyrosine": "18 mg",
            "glycine": "36 mg",
            "proline": "29 mg",
            "serine": "36 mg"
          }
        }
      },
      "fats": {
        "total": "0.4 g",
        "saturated": {
          "total": "0.1 g",
          "lauricAcid": "0 g",
          "myristicAcid": "0 g",
          "palmiticAcid": "0.08 g",
          "stearicAcid": "0.02 g"
        },
        "unsaturated": {
          "monounsaturated": {
            "total": "0.14 g",
            "omega9": {
              "total": "0.14 g",
              "oleicAcid": "0.14 g",
              "erucicAcid": "0 g"
            }
          },
          "polyunsaturated": {
            "total": "0.1 g",
            "omega3": {
              "total": "0.05 g",
              "ala": "0.05 g",
              "epa": "0 g",
              "dha": "0 g"
            },
            "omega6": {
              "total": "0.05 g",
              "linoleicAcid": "0.05 g",
              "arachidonicAcid": "0 g"
            }
          }
        },
        "trans": "0 g",
        "cholesterol": "0 mg"
      },
      "carbohydrates": {
        "total": "14.9 g",
        "simple": {
          "total": "13.7 g",
          "monosaccharides": {
            "glucose": "2.1 g",
            "fructose": "4.7 g",
            "galactose": "0 g"
          },
          "disaccharides": {
            "sucrose": "6.9 g",
            "lactose": "0 g",
            "maltose": "0 g"
          }
        },
        "complex": {
          "total": "1.2 g",
          "starches": "0 g",
          "fiber": {
            "total": "1.6 g",
            "soluble": "0.6 g",
            "insoluble": "1.0 g"
          },
          "glycogen": "0 g"
        }
      }
    },
    "micronutrients": {
      "vitamins": {
        "a": {
          "total": "54 µg",
          "retinol": "0 µg",
          "betaCarotene": "640 µg"
        },
        "b1": "0.03 mg",
        "b2": "0.04 mg",
        "b3": {
          "total": "0.67 mg",
          "niacin": "0.67 mg",
          "niacinamide": "0 mg"
        },
        "b4": "7.6 mg",
        "b5": "0.2 mg",
        "b6": "0.12 mg",
        "b7": "1.3 µg",
        "b8": "0 mg",
        "b9": "43 µg",
        "b12": "0 µg",
        "c": "36.4 mg",
        "d": "0 µg",
        "e": "0.9 mg",
        "k": "4.2 µg"
      },
      "minerals": {
        "as": "0 µg",
        "b": "0 mg",
        "ca": "11 mg",
        "cl": "0 mg",
        "co": "0 µg",
        "cr": "1 µg",
        "cu": "0.11 mg",
        "f": "0 µg",
        "fe": "0.16 mg",
        "i": "0 µg",
        "k": "168 mg",
        "li": "0 µg",
        "mg": "10 mg",
        "mn": "0.06 mg",
        "mo": "0 µg",
        "na": "1 mg",
        "ni": "0 µg",
        "p": "14 mg",
        "rb": "0 µg",
        "s": "0 mg",
        "se": "0.6 µg",
        "si": "0 mg",
        "sr": "0 µg",
        "v": "0 µg",
        "zn": "0.09 mg"
      }
    }
  },
  "dietaryConsiderations": {
    "isVegetarian": true,
    "isGlutenFree": true,
    "isLactoseFree": true,
    "isVegan": true,
    "isKetogenic": false,
    "isWholeFoods": true,
    "isLowFodmap": false,
    "isPaleoFriendly": true,
    "isRaw": true
  },
  "allergens": [],
  "nutriScore": "A"
}