{
  "productName": "Marchew",
  "category": "Vegetables",
  "glycemicIndex": "39",
  "glycemicLoad": "2",
  "caffeine": "0 mg",
  "salt": "0.069 g",
  "water": "88.3 g",
  "calories": "41 kcal",
  "servingSize": "100 g",
  "nutrients": {
    "macronutrients": {
      "proteins": {
        "total": "0.9 g",
        "animalBased": "0 g",
        "plantBased": "0.9 g",
        "aminoAcids": {
          "essential": {
            "histidine": "19 mg",
            "isoleucine": "34 mg",
            "leucine": "47 mg",
            "lysine": "43 mg",
            "methionine": "12 mg",
            "phenylalanine": "31 mg",
            "threonine": "31 mg",
            "tryptophan": "11 mg",
            "valine": "41 mg"
          },
          "nonEssential": {
            "alanine": "47 mg",
            "asparagine": "95 mg",
            "asparticAcid": "95 mg",
            "glutamicAcid": "170 mg"
          },
          "conditionallyEssential": {
            "arginine": "44 mg",
            "cysteine": "10 mg",
            "glutamine": "170 mg",
            "tyrosine": "18 mg",
            "glycine": "34 mg",
            "proline": "31 mg",
            "serine": "35 mg"
          }
        }
      },
      "fats": {
        "total": "0.2 g",
        "saturated": {
          "total": "0.03 g",
          "lauricAcid": "0 g",
          "myristicAcid": "0 g",
          "palmiticAcid": "0.03 g",
          "stearicAcid": "0 g"
        },
        "unsaturated": {
          "monounsaturated": {
            "total": "0.01 g",
            "omega9": {
              "total": "0.01 g",
              "oleicAcid": "0.01 g",
              "erucicAcid": "0 g"
            }
          },
          "polyunsaturated": {
            "total": "0.12 g",
            "omega3": {
              "total": "0.002 g",
              "ala": "0.002 g",
              "epa": "0 g",
              "dha": "0 g"
            },
            "omega6": {
              "total": "0.118 g",
              "linoleicAcid": "0.118 g",
              "arachidonicAcid": "0 g"
            }
          }
        },
        "trans": "0 g",
        "cholesterol": "0 mg"
      },
      "carbohydrates": {
        "total": "9.6 g",
        "simple": {
          "total": "4.7 g",
          "monosaccharides": {
            "glucose": "2 g",
            "fructose": "2 g",
            "galactose": "0 g"
          },
          "disaccharides": {
            "sucrose": "0.7 g",
            "lactose": "0 g",
            "maltose": "0 g"
          }
        },
        "complex": {
          "total": "4.9 g",
          "starches": "1.4 g",
          "fiber": {
            "total": "2.8 g",
            "soluble": "1.4 g",
            "insoluble": "1.4 g"
          },
          "glycogen": "0 g"
        }
      }
    },
    "micronutrients": {
      "vitamins": {
        "a": {
          "total": "835 µg",
          "retinol": "0 µg",
          "betaCarotene": "8285 µg"
        },
        "b1": "0.066 mg",
        "b2": "0.058 mg",
        "b3": {
          "total": "0.983 mg",
          "niacin": "0.983 mg",
          "niacinamide": "0 mg"
        },
        "b4": "8.8 mg",
        "b5": "0.273 mg",
        "b6": "0.138 mg",
        "b7": "6 µg",
        "b8": "0 mg",
        "b9": "19 µg",
        "b12": "0 µg",
        "c": "5.9 mg",
        "d": "0 µg",
        "e": "0.66 mg",
        "k": "13.2 µg"
      },
      "minerals": {
        "as": "0 µg",
        "b": "0.029 mg",
        "ca": "33 mg",
        "cl": "0 mg",
        "co": "0 µg",
        "cr": "1 µg",
        "cu": "0.045 mg",
        "f": "3.2 µg",
        "fe": "0.3 mg",
        "i": "5 µg",
        "k": "320 mg",
        "li": "0 µg",
        "mg": "12 mg",
        "mn": "0.143 mg",
        "mo": "2 µg",
        "na": "69 mg",
        "ni": "0 µg",
        "p": "35 mg",
        "rb": "0 µg",
        "s": "0 mg",
        "se": "0.1 µg",
        "si": "0.5 mg",
        "sr": "0 µg",
        "v": "0 µg",
        "zn": "0.24 mg"
      }
    }
  },
  "dietaryConsiderations": {
    "isVegetarian": true,
    "isGlutenFree": true,
    "isLactoseFree": true,
    "isVegan": true,
    "isKetogenic": false,
    "isWholeFoods": true,
    "isLowFodmap": true,
    "isPaleoFriendly": true,
    "isRaw": true
  },
  "allergens": [],
  "nutriScore": "A"
}