{
  "productName": "Mieszanka warzywna mrożona",
  "category": "Frozen Vegetables",
  "glycemicIndex": "40",
  "glycemicLoad": "3",
  "caffeine": "0 mg",
  "salt": "0.05 g",
  "water": "82.5 g",
  "calories": "65 kcal",
  "servingSize": "100 g",
  "nutrients": {
    "macronutrients": {
      "proteins": {
        "total": "3.6 g",
        "animalBased": "0 g",
        "plantBased": "3.6 g",
        "aminoAcids": {
          "essential": {
            "histidine": "72 mg",
            "isoleucine": "144 mg",
            "leucine": "234 mg",
            "lysine": "198 mg",
            "methionine": "54 mg",
            "phenylalanine": "162 mg",
            "threonine": "144 mg",
            "tryptophan": "36 mg",
            "valine": "180 mg"
          },
          "nonEssential": {
            "alanine": "180 mg",
            "asparagine": "360 mg",
            "asparticAcid": "360 mg",
            "glutamicAcid": "432 mg"
          },
          "conditionallyEssential": {
            "arginine": "180 mg",
            "cysteine": "54 mg",
            "glutamine": "432 mg",
            "tyrosine": "108 mg",
            "glycine": "144 mg",
            "proline": "144 mg",
            "serine": "162 mg"
          }
        }
      },
      "fats": {
        "total": "0.6 g",
        "saturated": {
          "total": "0.1 g",
          "lauricAcid": "0 g",
          "myristicAcid": "0 g",
          "palmiticAcid": "0.08 g",
          "stearicAcid": "0.02 g"
        },
        "unsaturated": {
          "monounsaturated": {
            "total": "0.05 g",
            "omega9": {
              "total": "0.05 g",
              "oleicAcid": "0.05 g",
              "erucicAcid": "0 g"
            }
          },
          "polyunsaturated": {
            "total": "0.35 g",
            "omega3": {
              "total": "0.1 g",
              "ala": "0.1 g",
              "epa": "0 g",
              "dha": "0 g"
            },
            "omega6": {
              "total": "0.25 g",
              "linoleicAcid": "0.25 g",
              "arachidonicAcid": "0 g"
            }
          }
        },
        "trans": "0 g",
        "cholesterol": "0 mg"
      },
      "carbohydrates": {
        "total": "11.6 g",
        "simple": {
          "total": "3.8 g",
          "monosaccharides": {
            "glucose": "1.8 g",
            "fructose": "1.7 g",
            "galactose": "0.1 g"
          },
          "disaccharides": {
            "sucrose": "1.2 g",
            "lactose": "0 g",
            "maltose": "0 g"
          }
        },
        "complex": {
          "total": "7.8 g",
          "starches": "4.2 g",
          "fiber": {
            "total": "3.6 g",
            "soluble": "1.1 g",
            "insoluble": "2.5 g"
          },
          "glycogen": "0 g"
        }
      }
    },
    "micronutrients": {
      "vitamins": {
        "a": {
          "total": "620 µg",
          "retinol": "0 µg",
          "betaCarotene": "7440 µg"
        },
        "b1": "0.12 mg",
        "b2": "0.08 mg",
        "b3": {
          "total": "1.5 mg",
          "niacin": "1.5 mg",
          "niacinamide": "0 mg"
        },
        "b4": "20 mg",
        "b5": "0.4 mg",
        "b6": "0.2 mg",
        "b7": "1.2 µg",
        "b8": "0 mg",
        "b9": "65 µg",
        "b12": "0 µg",
        "c": "25 mg",
        "d": "0 µg",
        "e": "1.5 mg",
        "k": "80 µg"
      },
      "minerals": {
        "as": "0 µg",
        "b": "0.3 mg",
        "ca": "35 mg",
        "cl": "0 mg",
        "co": "0 µg",
        "cr": "2 µg",
        "cu": "0.11 mg",
        "f": "0 µg",
        "fe": "1.5 mg",
        "i": "2 µg",
        "k": "220 mg",
        "li": "0 µg",
        "mg": "25 mg",
        "mn": "0.35 mg",
        "mo": "15 µg",
        "na": "20 mg",
        "ni": "0 µg",
        "p": "55 mg",
        "rb": "0 µg",
        "s": "0 mg",
        "se": "1.5 µg",
        "si": "0 mg",
        "sr": "0 µg",
        "v": "0 µg",
        "zn": "0.6 mg"
      }
    }
  },
  "dietaryConsiderations": {
    "isVegetarian": true,
    "isGlutenFree": true,
    "isLactoseFree": true,
    "isVegan": true,
    "isKetogenic": false,
    "isWholeFoods": true,
    "isLowFodmap": false,
    "isPaleoFriendly": true,
    "isRaw": false
  },
  "allergens": [],
  "nutriScore": "A"
}