{
  "productName": "Mieszanka sałat",
  "category": "Vegetables",
  "glycemicIndex": "15",
  "glycemicLoad": "1",
  "caffeine": "0 mg",
  "salt": "0.028 g",
  "water": "94.3 g",
  "calories": "17 kcal",
  "servingSize": "100 g",
  "nutrients": {
    "macronutrients": {
      "proteins": {
        "total": "1.3 g",
        "animalBased": "0 g",
        "plantBased": "1.3 g",
        "aminoAcids": {
          "essential": {
            "histidine": "26 mg",
            "isoleucine": "63 mg",
            "leucine": "90 mg",
            "lysine": "75 mg",
            "methionine": "21 mg",
            "phenylalanine": "60 mg",
            "threonine": "54 mg",
            "tryptophan": "15 mg",
            "valine": "70 mg"
          },
          "nonEssential": {
            "alanine": "65 mg",
            "asparagine": "130 mg",
            "asparticAcid": "130 mg",
            "glutamicAcid": "156 mg"
          },
          "conditionallyEssential": {
            "arginine": "72 mg",
            "cysteine": "16 mg",
            "glutamine": "156 mg",
            "tyrosine": "40 mg",
            "glycine": "61 mg",
            "proline": "54 mg",
            "serine": "52 mg"
          }
        }
      },
      "fats": {
        "total": "0.3 g",
        "saturated": {
          "total": "0.04 g",
          "lauricAcid": "0 g",
          "myristicAcid": "0 g",
          "palmiticAcid": "0.03 g",
          "stearicAcid": "0.01 g"
        },
        "unsaturated": {
          "monounsaturated": {
            "total": "0.02 g",
            "omega9": {
              "total": "0.02 g",
              "oleicAcid": "0.02 g",
              "erucicAcid": "0 g"
            }
          },
          "polyunsaturated": {
            "total": "0.17 g",
            "omega3": {
              "total": "0.11 g",
              "ala": "0.11 g",
              "epa": "0 g",
              "dha": "0 g"
            },
            "omega6": {
              "total": "0.06 g",
              "linoleicAcid": "0.06 g",
              "arachidonicAcid": "0 g"
            }
          }
        },
        "trans": "0 g",
        "cholesterol": "0 mg"
      },
      "carbohydrates": {
        "total": "2.9 g",
        "simple": {
          "total": "0.8 g",
          "monosaccharides": {
            "glucose": "0.4 g",
            "fructose": "0.3 g",
            "galactose": "0.1 g"
          },
          "disaccharides": {
            "sucrose": "0.1 g",
            "lactose": "0 g",
            "maltose": "0 g"
          }
        },
        "complex": {
          "total": "2.1 g",
          "starches": "0.1 g",
          "fiber": {
            "total": "2.0 g",
            "soluble": "0.6 g",
            "insoluble": "1.4 g"
          },
          "glycogen": "0 g"
        }
      }
    },
    "micronutrients": {
      "vitamins": {
        "a": {
          "total": "290 µg",
          "retinol": "0 µg",
          "betaCarotene": "3480 µg"
        },
        "b1": "0.07 mg",
        "b2": "0.08 mg",
        "b3": {
          "total": "0.4 mg",
          "niacin": "0.4 mg",
          "niacinamide": "0 mg"
        },
        "b4": "13.5 mg",
        "b5": "0.15 mg",
        "b6": "0.09 mg",
        "b7": "0.7 µg",
        "b8": "0 mg",
        "b9": "38 µg",
        "b12": "0 µg",
        "c": "24 mg",
        "d": "0 µg",
        "e": "0.8 mg",
        "k": "140 µg"
      },
      "minerals": {
        "as": "0 µg",
        "b": "0.33 mg",
        "ca": "36 mg",
        "cl": "0 mg",
        "co": "0 µg",
        "cr": "0.8 µg",
        "cu": "0.13 mg",
        "f": "1.1 µg",
        "fe": "0.86 mg",
        "i": "5.2 µg",
        "k": "220 mg",
        "li": "0 µg",
        "mg": "13 mg",
        "mn": "0.32 mg",
        "mo": "2.6 µg",
        "na": "28 mg",
        "ni": "0.1 µg",
        "p": "30 mg",
        "rb": "0 µg",
        "s": "0 mg",
        "se": "0.6 µg",
        "si": "0.7 mg",
        "sr": "0 µg",
        "v": "0.2 µg",
        "zn": "0.23 mg"
      }
    }
  },
  "dietaryConsiderations": {
    "isVegetarian": true,
    "isGlutenFree": true,
    "isLactoseFree": true,
    "isVegan": true,
    "isKetogenic": true,
    "isWholeFoods": true,
    "isLowFodmap": true,
    "isPaleoFriendly": true,
    "isRaw": true
  },
  "allergens": [],
  "nutritionalScore": {
    "score": "95",
    "grade": "A"
  }
}