{
  "productName": "Miód",
  "category": "Sweeteners",
  "glycemicIndex": "58",
  "glycemicLoad": "10",
  "caffeine": "0 mg",
  "salt": "0.004 g",
  "water": "17.1 g",
  "calories": "304 kcal",
  "servingSize": "100 g",
  "nutrients": {
    "macronutrients": {
      "proteins": {
        "total": "0.3 g",
        "animalBased": "0 g",
        "plantBased": "0.3 g",
        "aminoAcids": {
          "essential": {
            "histidine": "1 mg",
            "isoleucine": "2 mg",
            "leucine": "2 mg",
            "lysine": "2 mg",
            "methionine": "1 mg",
            "phenylalanine": "5 mg",
            "threonine": "1 mg",
            "tryptophan": "1 mg",
            "valine": "2 mg"
          },
          "nonEssential": {
            "alanine": "6 mg",
            "asparagine": "14 mg",
            "asparticAcid": "14 mg",
            "glutamicAcid": "5 mg"
          },
          "conditionallyEssential": {
            "arginine": "3 mg",
            "cysteine": "1 mg",
            "glutamine": "5 mg",
            "tyrosine": "1 mg",
            "glycine": "2 mg",
            "proline": "50 mg",
            "serine": "1 mg"
          }
        }
      },
      "fats": {
        "total": "0 g",
        "saturated": {
          "total": "0 g",
          "lauricAcid": "0 g",
          "myristicAcid": "0 g",
          "palmiticAcid": "0 g",
          "stearicAcid": "0 g"
        },
        "unsaturated": {
          "monounsaturated": {
            "total": "0 g",
            "omega9": {
              "total": "0 g",
              "oleicAcid": "0 g",
              "erucicAcid": "0 g"
            }
          },
          "polyunsaturated": {
            "total": "0 g",
            "omega3": {
              "total": "0 g",
              "ala": "0 g",
              "epa": "0 g",
              "dha": "0 g"
            },
            "omega6": {
              "total": "0 g",
              "linoleicAcid": "0 g",
              "arachidonicAcid": "0 g"
            }
          }
        },
        "trans": "0 g",
        "cholesterol": "0 mg"
      },
      "carbohydrates": {
        "total": "82.4 g",
        "simple": {
          "total": "82.12 g",
          "monosaccharides": {
            "glucose": "35.75 g",
            "fructose": "40.94 g",
            "galactose": "0.03 g"
          },
          "disaccharides": {
            "sucrose": "1.5 g",
            "lactose": "0 g",
            "maltose": "3.9 g"
          }
        },
        "complex": {
          "total": "0.28 g",
          "starches": "0 g",
          "fiber": {
            "total": "0.2 g",
            "soluble": "0.2 g",
            "insoluble": "0 g"
          },
          "glycogen": "0 g"
        }
      }
    },
    "micronutrients": {
      "vitamins": {
        "a": {
          "total": "0 µg",
          "retinol": "0 µg",
          "betaCarotene": "0 µg"
        },
        "b1": "0 mg",
        "b2": "0.038 mg",
        "b3": {
          "total": "0.121 mg",
          "niacin": "0.121 mg",
          "niacinamide": "0 mg"
        },
        "b4": "2.2 mg",
        "b5": "0.068 mg",
        "b6": "0.024 mg",
        "b7": "0.1 µg",
        "b8": "0 mg",
        "b9": "2 µg",
        "b12": "0 µg",
        "c": "0.5 mg",
        "d": "0 µg",
        "e": "0 mg",
        "k": "0 µg"
      },
      "minerals": {
        "as": "0 µg",
        "b": "0.12 mg",
        "ca": "6 mg",
        "cl": "0 mg",
        "co": "0 µg",
        "cr": "0.2 µg",
        "cu": "0.036 mg",
        "f": "7 µg",
        "fe": "0.42 mg",
        "i": "0.3 µg",
        "k": "52 mg",
        "li": "0 µg",
        "mg": "2 mg",
        "mn": "0.08 mg",
        "mo": "0.4 µg",
        "na": "4 mg",
        "ni": "0.5 µg",
        "p": "4 mg",
        "rb": "0 µg",
        "s": "0 mg",
        "se": "0.8 µg",
        "si": "0.13 mg",
        "sr": "0 µg",
        "v": "0 µg",
        "zn": "0.22 mg"
      }
    }
  },
  "dietaryConsiderations": {
    "isVegetarian": true,
    "isGlutenFree": true,
    "isLactoseFree": true,
    "isVegan": false,
    "isKetogenic": false,
    "isWholeFoods": true,
    "isLowFodmap": false,
    "isPaleoFriendly": true,
    "isRaw": true
  },
  "allergens": [],
  "nutriScore": "C"
}