{
  "productName": "Mleczko kokosowe",
  "category": "Plant-based milk",
  "glycemicIndex": "30",
  "glycemicLoad": "1",
  "caffeine": "0 mg",
  "salt": "0.04 g",
  "water": "80 g",
  "calories": "230 kcal",
  "servingSize": "100 g",
  "nutrients": {
    "macronutrients": {
      "proteins": {
        "total": "2.3 g",
        "animalBased": "0 g",
        "plantBased": "2.3 g",
        "aminoAcids": {
          "essential": {
            "histidine": "29 mg",
            "isoleucine": "46 mg",
            "leucine": "81 mg",
            "lysine": "69 mg",
            "methionine": "23 mg",
            "phenylalanine": "58 mg",
            "threonine": "46 mg",
            "tryptophan": "12 mg",
            "valine": "69 mg"
          },
          "nonEssential": {
            "alanine": "58 mg",
            "asparagine": "115 mg",
            "asparticAcid": "115 mg",
            "glutamicAcid": "253 mg"
          },
          "conditionallyEssential": {
            "arginine": "184 mg",
            "cysteine": "23 mg",
            "glutamine": "253 mg",
            "tyrosine": "35 mg",
            "glycine": "52 mg",
            "proline": "46 mg",
            "serine": "58 mg"
          }
        }
      },
      "fats": {
        "total": "23.8 g",
        "saturated": {
          "total": "21.1 g",
          "lauricAcid": "11.2 g",
          "myristicAcid": "4.5 g",
          "palmiticAcid": "2.3 g",
          "stearicAcid": "0.8 g"
        },
        "unsaturated": {
          "monounsaturated": {
            "total": "1.2 g",
            "omega9": {
              "total": "1.2 g",
              "oleicAcid": "1.2 g",
              "erucicAcid": "0 g"
            }
          },
          "polyunsaturated": {
            "total": "0.3 g",
            "omega3": {
              "total": "0 g",
              "ala": "0 g",
              "epa": "0 g",
              "dha": "0 g"
            },
            "omega6": {
              "total": "0.3 g",
              "linoleicAcid": "0.3 g",
              "arachidonicAcid": "0 g"
            }
          }
        },
        "trans": "0 g",
        "cholesterol": "0 mg"
      },
      "carbohydrates": {
        "total": "5.5 g",
        "simple": {
          "total": "3.3 g",
          "monosaccharides": {
            "glucose": "1.6 g",
            "fructose": "1.6 g",
            "galactose": "0 g"
          },
          "disaccharides": {
            "sucrose": "0.1 g",
            "lactose": "0 g",
            "maltose": "0 g"
          }
        },
        "complex": {
          "total": "2.2 g",
          "starches": "0 g",
          "fiber": {
            "total": "2.2 g",
            "soluble": "0.6 g",
            "insoluble": "1.6 g"
          },
          "glycogen": "0 g"
        }
      }
    },
    "micronutrients": {
      "vitamins": {
        "a": {
          "total": "0 µg",
          "retinol": "0 µg",
          "betaCarotene": "0 µg"
        },
        "b1": "0.03 mg",
        "b2": "0 mg",
        "b3": {
          "total": "0.76 mg",
          "niacin": "0.76 mg",
          "niacinamide": "0 mg"
        },
        "b4": "2.9 mg",
        "b5": "0.21 mg",
        "b6": "0.03 mg",
        "b7": "1.1 µg",
        "b8": "0 mg",
        "b9": "16 µg",
        "b12": "0 µg",
        "c": "1.3 mg",
        "d": "0 µg",
        "e": "0.24 mg",
        "k": "0.1 µg"
      },
      "minerals": {
        "as": "0 µg",
        "b": "0 mg",
        "ca": "16 mg",
        "cl": "0 mg",
        "co": "0 µg",
        "cr": "0 µg",
        "cu": "0.26 mg",
        "f": "0 µg",
        "fe": "1.64 mg",
        "i": "0 µg",
        "k": "263 mg",
        "li": "0 µg",
        "mg": "37 mg",
        "mn": "1.5 mg",
        "mo": "0 µg",
        "na": "15 mg",
        "ni": "0 µg",
        "p": "100 mg",
        "rb": "0 µg",
        "s": "0 mg",
        "se": "4.3 µg",
        "si": "0 mg",
        "sr": "0 µg",
        "v": "0 µg",
        "zn": "0.67 mg"
      }
    }
  },
  "dietaryConsiderations": {
    "isVegetarian": true,
    "isGlutenFree": true,
    "isLactoseFree": true,
    "isVegan": true,
    "isKetogenic": true,
    "isWholeFoods": true,
    "isLowFodmap": true,
    "isPaleoFriendly": true,
    "isRaw": false
  },
  "allergens": [
    "Orzechy kokosowe"
  ],
  "nutriScore": "C"
}