{
  "productName": "Musztarda",
  "category": "Condiment",
  "glycemicIndex": "35",
  "glycemicLoad": "1",
  "caffeine": "0 mg",
  "salt": "1.2 g",
  "water": "79.5 g",
  "calories": "66 kcal",
  "servingSize": "100 g",
  "nutrients": {
    "macronutrients": {
      "proteins": {
        "total": "4.4 g",
        "animalBased": "0 g",
        "plantBased": "4.4 g",
        "aminoAcids": {
          "essential": {
            "histidine": "97 mg",
            "isoleucine": "177 mg",
            "leucine": "280 mg",
            "lysine": "215 mg",
            "methionine": "84 mg",
            "phenylalanine": "177 mg",
            "threonine": "171 mg",
            "tryptophan": "65 mg",
            "valine": "215 mg"
          },
          "nonEssential": {
            "alanine": "189 mg",
            "asparagine": "290 mg",
            "asparticAcid": "290 mg",
            "glutamicAcid": "866 mg"
          },
          "conditionallyEssential": {
            "arginine": "280 mg",
            "cysteine": "95 mg",
            "glutamine": "866 mg",
            "tyrosine": "129 mg",
            "glycine": "246 mg",
            "proline": "247 mg",
            "serine": "191 mg"
          }
        }
      },
      "fats": {
        "total": "3.6 g",
        "saturated": {
          "total": "0.2 g",
          "lauricAcid": "0 g",
          "myristicAcid": "0 g",
          "palmiticAcid": "0.1 g",
          "stearicAcid": "0 g"
        },
        "unsaturated": {
          "monounsaturated": {
            "total": "0.7 g",
            "omega9": {
              "total": "0.7 g",
              "oleicAcid": "0.7 g",
              "erucicAcid": "0 g"
            }
          },
          "polyunsaturated": {
            "total": "2.1 g",
            "omega3": {
              "total": "0.7 g",
              "ala": "0.7 g",
              "epa": "0 g",
              "dha": "0 g"
            },
            "omega6": {
              "total": "1.4 g",
              "linoleicAcid": "1.4 g",
              "arachidonicAcid": "0 g"
            }
          }
        },
        "trans": "0 g",
        "cholesterol": "0 mg"
      },
      "carbohydrates": {
        "total": "6.4 g",
        "simple": {
          "total": "1.2 g",
          "monosaccharides": {
            "glucose": "0.6 g",
            "fructose": "0.6 g",
            "galactose": "0 g"
          },
          "disaccharides": {
            "sucrose": "0 g",
            "lactose": "0 g",
            "maltose": "0 g"
          }
        },
        "complex": {
          "total": "5.2 g",
          "starches": "2.9 g",
          "fiber": {
            "total": "3.3 g",
            "soluble": "1.1 g",
            "insoluble": "2.2 g"
          },
          "glycogen": "0 g"
        }
      }
    },
    "micronutrients": {
      "vitamins": {
        "a": {
          "total": "4 µg",
          "retinol": "0 µg",
          "betaCarotene": "48 µg"
        },
        "b1": "0.08 mg",
        "b2": "0.11 mg",
        "b3": {
          "total": "0.8 mg",
          "niacin": "0.8 mg",
          "niacinamide": "0 mg"
        },
        "b4": "11.3 mg",
        "b5": "0.4 mg",
        "b6": "0.18 mg",
        "b7": "1.9 µg",
        "b8": "0 mg",
        "b9": "21 µg",
        "b12": "0 µg",
        "c": "7 mg",
        "d": "0 µg",
        "e": "0.8 mg",
        "k": "5.9 µg"
      },
      "minerals": {
        "as": "0 µg",
        "b": "0 mg",
        "ca": "60 mg",
        "cl": "730 mg",
        "co": "0 µg",
        "cr": "6.5 µg",
        "cu": "0.1 mg",
        "f": "0 µg",
        "fe": "1.5 mg",
        "i": "5.3 µg",
        "k": "268 mg",
        "li": "1.4 µg",
        "mg": "60 mg",
        "mn": "0.5 mg",
        "mo": "4.3 µg",
        "na": "1120 mg",
        "ni": "4.4 µg",
        "p": "150 mg",
        "rb": "40 µg",
        "s": "101 mg",
        "se": "4.5 µg",
        "si": "0 mg",
        "sr": "20 µg",
        "v": "0 µg",
        "zn": "0.4 mg"
      }
    }
  },
  "dietaryConsiderations": {
    "isVegetarian": true,
    "isGlutenFree": true,
    "isLactoseFree": true,
    "isVegan": true,
    "isKetogenic": false,
    "isWholeFoods": true,
    "isLowFodmap": false,
    "isPaleoFriendly": false,
    "isRaw": false
  },
  "allergens": [
    "Gorczyca"
  ],
  "nutriScore": "B"
}