{
  "productName": "Napój migdałowy",
  "category": "Plant-based milk",
  "glycemicIndex": "25",
  "glycemicLoad": "0.25",
  "caffeine": "0 mg",
  "salt": "0.17 g",
  "water": "97.1 g",
  "calories": "15 kcal",
  "servingSize": "100 g",
  "nutrients": {
    "macronutrients": {
      "proteins": {
        "total": "0.6 g",
        "animalBased": "0 g",
        "plantBased": "0.6 g",
        "aminoAcids": {
          "essential": {
            "histidine": "13 mg",
            "isoleucine": "24 mg",
            "leucine": "42 mg",
            "lysine": "30 mg",
            "methionine": "4 mg",
            "phenylalanine": "28 mg",
            "threonine": "24 mg",
            "tryptophan": "9 mg",
            "valine": "33 mg"
          },
          "nonEssential": {
            "alanine": "27 mg",
            "asparagine": "72 mg",
            "asparticAcid": "72 mg",
            "glutamicAcid": "132 mg"
          },
          "conditionallyEssential": {
            "arginine": "60 mg",
            "cysteine": "8 mg",
            "glutamine": "132 mg",
            "tyrosine": "18 mg",
            "glycine": "36 mg",
            "proline": "27 mg",
            "serine": "27 mg"
          }
        }
      },
      "fats": {
        "total": "1.1 g",
        "saturated": {
          "total": "0.1 g",
          "lauricAcid": "0 g",
          "myristicAcid": "0 g",
          "palmiticAcid": "0.08 g",
          "stearicAcid": "0.02 g"
        },
        "unsaturated": {
          "monounsaturated": {
            "total": "0.7 g",
            "omega9": {
              "total": "0.7 g",
              "oleicAcid": "0.7 g",
              "erucicAcid": "0 g"
            }
          },
          "polyunsaturated": {
            "total": "0.3 g",
            "omega3": {
              "total": "0.01 g",
              "ala": "0.01 g",
              "epa": "0 g",
              "dha": "0 g"
            },
            "omega6": {
              "total": "0.29 g",
              "linoleicAcid": "0.29 g",
              "arachidonicAcid": "0 g"
            }
          }
        },
        "trans": "0 g",
        "cholesterol": "0 mg"
      },
      "carbohydrates": {
        "total": "0.3 g",
        "simple": {
          "total": "0.2 g",
          "monosaccharides": {
            "glucose": "0.1 g",
            "fructose": "0.1 g",
            "galactose": "0 g"
          },
          "disaccharides": {
            "sucrose": "0 g",
            "lactose": "0 g",
            "maltose": "0 g"
          }
        },
        "complex": {
          "total": "0.1 g",
          "starches": "0 g",
          "fiber": {
            "total": "0.1 g",
            "soluble": "0.05 g",
            "insoluble": "0.05 g"
          },
          "glycogen": "0 g"
        }
      }
    },
    "micronutrients": {
      "vitamins": {
        "a": {
          "total": "15 µg",
          "retinol": "15 µg",
          "betaCarotene": "0 µg"
        },
        "b1": "0.02 mg",
        "b2": "0.09 mg",
        "b3": {
          "total": "0.19 mg",
          "niacin": "0.19 mg",
          "niacinamide": "0 mg"
        },
        "b4": "7.2 mg",
        "b5": "0.08 mg",
        "b6": "0.04 mg",
        "b7": "0.1 µg",
        "b8": "0 mg",
        "b9": "3 µg",
        "b12": "0.38 µg",
        "c": "0 mg",
        "d": "1.1 µg",
        "e": "5.3 mg",
        "k": "0 µg"
      },
      "minerals": {
        "as": "0 µg",
        "b": "0 mg",
        "ca": "184 mg",
        "cl": "103 mg",
        "co": "0 µg",
        "cr": "0 µg",
        "cu": "0.02 mg",
        "f": "0 µg",
        "fe": "0.3 mg",
        "i": "9 µg",
        "k": "17 mg",
        "li": "0 µg",
        "mg": "14 mg",
        "mn": "0.05 mg",
        "mo": "0 µg",
        "na": "70 mg",
        "ni": "0 µg",
        "p": "22 mg",
        "rb": "0 µg",
        "s": "0 mg",
        "se": "0.3 µg",
        "si": "0 mg",
        "sr": "0 µg",
        "v": "0 µg",
        "zn": "0.2 mg"
      }
    }
  },
  "dietaryConsiderations": {
    "isVegetarian": true,
    "isGlutenFree": true,
    "isLactoseFree": true,
    "isVegan": true,
    "isKetogenic": true,
    "isWholeFoods": false,
    "isLowFodmap": true,
    "isPaleoFriendly": false,
    "isRaw": false
  },
  "allergens": [
    "Migdały"
  ],
  "nutriScore": "B"
}