{
  "productName": "Napój sojowy",
  "category": "Plant-based milk",
  "glycemicIndex": "30",
  "glycemicLoad": "1.2",
  "caffeine": "0 mg",
  "salt": "0.1 g",
  "water": "90.3 g",
  "calories": "33 kcal",
  "servingSize": "100 g",
  "nutrients": {
    "macronutrients": {
      "proteins": {
        "total": "3.3 g",
        "animalBased": "0 g",
        "plantBased": "3.3 g",
        "aminoAcids": {
          "essential": {
            "histidine": "84 mg",
            "isoleucine": "162 mg",
            "leucine": "264 mg",
            "lysine": "198 mg",
            "methionine": "42 mg",
            "phenylalanine": "165 mg",
            "threonine": "125 mg",
            "tryptophan": "43 mg",
            "valine": "158 mg"
          },
          "nonEssential": {
            "alanine": "140 mg",
            "asparagine": "363 mg",
            "asparticAcid": "363 mg",
            "glutamicAcid": "594 mg"
          },
          "conditionallyEssential": {
            "arginine": "241 mg",
            "cysteine": "54 mg",
            "glutamine": "594 mg",
            "tyrosine": "121 mg",
            "glycine": "137 mg",
            "proline": "172 mg",
            "serine": "163 mg"
          }
        }
      },
      "fats": {
        "total": "1.8 g",
        "saturated": {
          "total": "0.2 g",
          "lauricAcid": "0 g",
          "myristicAcid": "0 g",
          "palmiticAcid": "0.15 g",
          "stearicAcid": "0.05 g"
        },
        "unsaturated": {
          "monounsaturated": {
            "total": "0.4 g",
            "omega9": {
              "total": "0.4 g",
              "oleicAcid": "0.4 g",
              "erucicAcid": "0 g"
            }
          },
          "polyunsaturated": {
            "total": "1.2 g",
            "omega3": {
              "total": "0.15 g",
              "ala": "0.15 g",
              "epa": "0 g",
              "dha": "0 g"
            },
            "omega6": {
              "total": "1.05 g",
              "linoleicAcid": "1.05 g",
              "arachidonicAcid": "0 g"
            }
          }
        },
        "trans": "0 g",
        "cholesterol": "0 mg"
      },
      "carbohydrates": {
        "total": "1.8 g",
        "simple": {
          "total": "1.6 g",
          "monosaccharides": {
            "glucose": "0.8 g",
            "fructose": "0.8 g",
            "galactose": "0 g"
          },
          "disaccharides": {
            "sucrose": "0 g",
            "lactose": "0 g",
            "maltose": "0 g"
          }
        },
        "complex": {
          "total": "0.2 g",
          "starches": "0 g",
          "fiber": {
            "total": "0.2 g",
            "soluble": "0.1 g",
            "insoluble": "0.1 g"
          },
          "glycogen": "0 g"
        }
      }
    },
    "micronutrients": {
      "vitamins": {
        "a": {
          "total": "60 µg",
          "retinol": "60 µg",
          "betaCarotene": "0 µg"
        },
        "b1": "0.06 mg",
        "b2": "0.21 mg",
        "b3": {
          "total": "0.52 mg",
          "niacin": "0.52 mg",
          "niacinamide": "0 mg"
        },
        "b4": "12 mg",
        "b5": "0.2 mg",
        "b6": "0.05 mg",
        "b7": "2 µg",
        "b8": "0 mg",
        "b9": "24 µg",
        "b12": "0.38 µg",
        "c": "0 mg",
        "d": "1.1 µg",
        "e": "0.17 mg",
        "k": "3 µg"
      },
      "minerals": {
        "as": "0 µg",
        "b": "0 mg",
        "ca": "123 mg",
        "cl": "61 mg",
        "co": "0 µg",
        "cr": "0.2 µg",
        "cu": "0.12 mg",
        "f": "0 µg",
        "fe": "0.4 mg",
        "i": "9 µg",
        "k": "120 mg",
        "li": "0 µg",
        "mg": "25 mg",
        "mn": "0.17 mg",
        "mo": "10 µg",
        "na": "41 mg",
        "ni": "0 µg",
        "p": "52 mg",
        "rb": "0 µg",
        "s": "0 mg",
        "se": "3 µg",
        "si": "0 mg",
        "sr": "0 µg",
        "v": "0 µg",
        "zn": "0.3 mg"
      }
    }
  },
  "dietaryConsiderations": {
    "isVegetarian": true,
    "isGlutenFree": true,
    "isLactoseFree": true,
    "isVegan": true,
    "isKetogenic": false,
    "isWholeFoods": false,
    "isLowFodmap": false,
    "isPaleoFriendly": false,
    "isRaw": false
  },
  "allergens": [
    "Soja"
  ],
  "nutriScore": "B"
}