{
  "productName": "Nasiona chia",
  "category": "Seeds",
  "glycemicIndex": "1",
  "glycemicLoad": "0",
  "caffeine": "0 mg",
  "salt": "0.016 g",
  "water": "5.8 g",
  "calories": "486 kcal",
  "servingSize": "100 g",
  "nutrients": {
    "macronutrients": {
      "proteins": {
        "total": "16.54 g",
        "animalBased": "0 g",
        "plantBased": "16.54 g",
        "aminoAcids": {
          "essential": {
            "histidine": "531 mg",
            "isoleucine": "801 mg",
            "leucine": "1371 mg",
            "lysine": "970 mg",
            "methionine": "588 mg",
            "phenylalanine": "1016 mg",
            "threonine": "709 mg",
            "tryptophan": "436 mg",
            "valine": "950 mg"
          },
          "nonEssential": {
            "alanine": "1044 mg",
            "asparagine": "1689 mg",
            "asparticAcid": "1689 mg",
            "glutamicAcid": "3500 mg"
          },
          "conditionallyEssential": {
            "arginine": "2143 mg",
            "cysteine": "407 mg",
            "glutamine": "3500 mg",
            "tyrosine": "563 mg",
            "glycine": "952 mg",
            "proline": "808 mg",
            "serine": "1049 mg"
          }
        }
      },
      "fats": {
        "total": "30.74 g",
        "saturated": {
          "total": "3.33 g",
          "lauricAcid": "0 g",
          "myristicAcid": "0.02 g",
          "palmiticAcid": "2.17 g",
          "stearicAcid": "1.14 g"
        },
        "unsaturated": {
          "monounsaturated": {
            "total": "2.31 g",
            "omega9": {
              "total": "2.31 g",
              "oleicAcid": "2.31 g",
              "erucicAcid": "0 g"
            }
          },
          "polyunsaturated": {
            "total": "23.67 g",
            "omega3": {
              "total": "17.83 g",
              "ala": "17.83 g",
              "epa": "0 g",
              "dha": "0 g"
            },
            "omega6": {
              "total": "5.84 g",
              "linoleicAcid": "5.84 g",
              "arachidonicAcid": "0 g"
            }
          }
        },
        "trans": "0 g",
        "cholesterol": "0 mg"
      },
      "carbohydrates": {
        "total": "42.12 g",
        "simple": {
          "total": "0 g",
          "monosaccharides": {
            "glucose": "0 g",
            "fructose": "0 g",
            "galactose": "0 g"
          },
          "disaccharides": {
            "sucrose": "0 g",
            "lactose": "0 g",
            "maltose": "0 g"
          }
        },
        "complex": {
          "total": "42.12 g",
          "starches": "0.42 g",
          "fiber": {
            "total": "34.4 g",
            "soluble": "5.16 g",
            "insoluble": "29.24 g"
          },
          "glycogen": "0 g"
        }
      }
    },
    "micronutrients": {
      "vitamins": {
        "a": {
          "total": "54 µg",
          "retinol": "0 µg",
          "betaCarotene": "648 µg"
        },
        "b1": "0.62 mg",
        "b2": "0.17 mg",
        "b3": {
          "total": "8.83 mg",
          "niacin": "8.83 mg",
          "niacinamide": "0 mg"
        },
        "b4": "78.4 mg",
        "b5": "0.94 mg",
        "b6": "0.22 mg",
        "b7": "0.6 µg",
        "b8": "0 mg",
        "b9": "49 µg",
        "b12": "0 µg",
        "c": "1.6 mg",
        "d": "0 µg",
        "e": "0.5 mg",
        "k": "0 µg"
      },
      "minerals": {
        "as": "0 µg",
        "b": "0.12 mg",
        "ca": "631 mg",
        "cl": "0 mg",
        "co": "0 µg",
        "cr": "0 µg",
        "cu": "0.92 mg",
        "f": "0 µg",
        "fe": "7.72 mg",
        "i": "0 µg",
        "k": "407 mg",
        "li": "0 µg",
        "mg": "335 mg",
        "mn": "2.72 mg",
        "mo": "0 µg",
        "na": "16 mg",
        "ni": "0 µg",
        "p": "860 mg",
        "rb": "0 µg",
        "s": "0 mg",
        "se": "55.2 µg",
        "si": "0 mg",
        "sr": "0 µg",
        "v": "0 µg",
        "zn": "4.58 mg"
      }
    }
  },
  "dietaryConsiderations": {
    "isVegetarian": true,
    "isGlutenFree": true,
    "isLactoseFree": true,
    "isVegan": true,
    "isKetogenic": false,
    "isWholeFoods": true,
    "isLowFodmap": true,
    "isPaleoFriendly": true,
    "isRaw": true
  },
  "allergens": [],
  "nutriScore": "A"
}