{
  "productName": "Natka pietruszki suszona",
  "category": "Herbs and Spices",
  "glycemicIndex": "0",
  "glycemicLoad": "0",
  "caffeine": "0 mg",
  "salt": "0.452 g",
  "water": "5.44 g",
  "calories": "292 kcal",
  "servingSize": "100 g",
  "nutrients": {
    "macronutrients": {
      "proteins": {
        "total": "26.63 g",
        "animalBased": "0 g",
        "plantBased": "26.63 g",
        "aminoAcids": {
          "essential": {
            "histidine": "530 mg",
            "isoleucine": "1160 mg",
            "leucine": "2010 mg",
            "lysine": "1550 mg",
            "methionine": "430 mg",
            "phenylalanine": "1290 mg",
            "threonine": "1080 mg",
            "tryptophan": "410 mg",
            "valine": "1430 mg"
          },
          "nonEssential": {
            "alanine": "1360 mg",
            "asparagine": "2570 mg",
            "asparticAcid": "2570 mg",
            "glutamicAcid": "2770 mg"
          },
          "conditionallyEssential": {
            "arginine": "1240 mg",
            "cysteine": "370 mg",
            "glutamine": "2770 mg",
            "tyrosine": "950 mg",
            "glycine": "1300 mg",
            "proline": "1160 mg",
            "serine": "1120 mg"
          }
        }
      },
      "fats": {
        "total": "5.48 g",
        "saturated": {
          "total": "1.296 g",
          "lauricAcid": "0 g",
          "myristicAcid": "0.011 g",
          "palmiticAcid": "0.954 g",
          "stearicAcid": "0.127 g"
        },
        "unsaturated": {
          "monounsaturated": {
            "total": "3.195 g",
            "omega9": {
              "total": "3.158 g",
              "oleicAcid": "3.158 g",
              "erucicAcid": "0 g"
            }
          },
          "polyunsaturated": {
            "total": "0.989 g",
            "omega3": {
              "total": "0.437 g",
              "ala": "0.437 g",
              "epa": "0 g",
              "dha": "0 g"
            },
            "omega6": {
              "total": "0.552 g",
              "linoleicAcid": "0.552 g",
              "arachidonicAcid": "0 g"
            }
          }
        },
        "trans": "0 g",
        "cholesterol": "0 mg"
      },
      "carbohydrates": {
        "total": "50.64 g",
        "simple": {
          "total": "6.74 g",
          "monosaccharides": {
            "glucose": "3.37 g",
            "fructose": "3.37 g",
            "galactose": "0 g"
          },
          "disaccharides": {
            "sucrose": "0 g",
            "lactose": "0 g",
            "maltose": "0 g"
          }
        },
        "complex": {
          "total": "43.9 g",
          "starches": "17.2 g",
          "fiber": {
            "total": "26.7 g",
            "soluble": "8.01 g",
            "insoluble": "18.69 g"
          },
          "glycogen": "0 g"
        }
      }
    },
    "micronutrients": {
      "vitamins": {
        "a": {
          "total": "1215 µg",
          "retinol": "0 µg",
          "betaCarotene": "14580 µg"
        },
        "b1": "0.62 mg",
        "b2": "2.69 mg",
        "b3": {
          "total": "9.943 mg",
          "niacin": "9.943 mg",
          "niacinamide": "0 mg"
        },
        "b4": "13 mg",
        "b5": "1.702 mg",
        "b6": "1.851 mg",
        "b7": "0 µg",
        "b8": "0 mg",
        "b9": "180 µg",
        "b12": "0 µg",
        "c": "125 mg",
        "d": "0 µg",
        "e": "8.96 mg",
        "k": "1640 µg"
      },
      "minerals": {
        "as": "0 µg",
        "b": "0 mg",
        "ca": "1140 mg",
        "cl": "0 mg",
        "co": "0 µg",
        "cr": "0 µg",
        "cu": "0.93 mg",
        "f": "0 µg",
        "fe": "22.04 mg",
        "i": "0 µg",
        "k": "2683 mg",
        "li": "0 µg",
        "mg": "400 mg",
        "mn": "5.53 mg",
        "mo": "0 µg",
        "na": "452 mg",
        "ni": "0 µg",
        "p": "436 mg",
        "rb": "0 µg",
        "s": "0 mg",
        "se": "14.1 µg",
        "si": "0 mg",
        "sr": "0 µg",
        "v": "0 µg",
        "zn": "5.44 mg"
      }
    }
  },
  "dietaryConsiderations": {
    "isVegetarian": true,
    "isGlutenFree": true,
    "isLactoseFree": true,
    "isVegan": true,
    "isKetogenic": true,
    "isWholeFoods": true,
    "isLowFodmap": true,
    "isPaleoFriendly": true,
    "isRaw": false
  },
  "allergens": [],
  "nutriScore": "A"
}