{
  "productName": "Odżywka białkowa",
  "category": "Dietary Supplements",
  "glycemicIndex": "0",
  "glycemicLoad": "0",
  "caffeine": "0 mg",
  "salt": "0.3 g",
  "water": "4 g",
  "calories": "380 kcal",
  "servingSize": "100 g",
  "nutrients": {
    "macronutrients": {
      "proteins": {
        "total": "80 g",
        "animalBased": "80 g",
        "plantBased": "0 g",
        "aminoAcids": {
          "essential": {
            "histidine": "1600 mg",
            "isoleucine": "5200 mg",
            "leucine": "8800 mg",
            "lysine": "7200 mg",
            "methionine": "1600 mg",
            "phenylalanine": "2400 mg",
            "threonine": "5600 mg",
            "tryptophan": "1600 mg",
            "valine": "4800 mg"
          },
          "nonEssential": {
            "alanine": "4000 mg",
            "asparagine": "8800 mg",
            "asparticAcid": "8800 mg",
            "glutamicAcid": "13600 mg"
          },
          "conditionallyEssential": {
            "arginine": "2400 mg",
            "cysteine": "2400 mg",
            "glutamine": "13600 mg",
            "tyrosine": "2400 mg",
            "glycine": "1600 mg",
            "proline": "4800 mg",
            "serine": "4000 mg"
          }
        }
      },
      "fats": {
        "total": "3 g",
        "saturated": {
          "total": "2 g",
          "lauricAcid": "0 g",
          "myristicAcid": "0 g",
          "palmiticAcid": "1.2 g",
          "stearicAcid": "0.8 g"
        },
        "unsaturated": {
          "monounsaturated": {
            "total": "0.8 g",
            "omega9": {
              "total": "0.8 g",
              "oleicAcid": "0.8 g",
              "erucicAcid": "0 g"
            }
          },
          "polyunsaturated": {
            "total": "0.2 g",
            "omega3": {
              "total": "0.05 g",
              "ala": "0.05 g",
              "epa": "0 g",
              "dha": "0 g"
            },
            "omega6": {
              "total": "0.15 g",
              "linoleicAcid": "0.15 g",
              "arachidonicAcid": "0 g"
            }
          }
        },
        "trans": "0 g",
        "cholesterol": "50 mg"
      },
      "carbohydrates": {
        "total": "7 g",
        "simple": {
          "total": "3 g",
          "monosaccharides": {
            "glucose": "1.5 g",
            "fructose": "0 g",
            "galactose": "1.5 g"
          },
          "disaccharides": {
            "sucrose": "0 g",
            "lactose": "0 g",
            "maltose": "0 g"
          }
        },
        "complex": {
          "total": "4 g",
          "starches": "4 g",
          "fiber": {
            "total": "0 g",
            "soluble": "0 g",
            "insoluble": "0 g"
          },
          "glycogen": "0 g"
        }
      }
    },
    "micronutrients": {
      "vitamins": {
        "a": {
          "total": "0 µg",
          "retinol": "0 µg",
          "betaCarotene": "0 µg"
        },
        "b1": "0.1 mg",
        "b2": "0.6 mg",
        "b3": {
          "total": "2 mg",
          "niacin": "2 mg",
          "niacinamide": "0 mg"
        },
        "b4": "50 mg",
        "b5": "1.5 mg",
        "b6": "0.6 mg",
        "b7": "10 µg",
        "b8": "0 mg",
        "b9": "30 µg",
        "b12": "1 µg",
        "c": "0 mg",
        "d": "0 µg",
        "e": "0 mg",
        "k": "0 µg"
      },
      "minerals": {
        "as": "0 µg",
        "b": "0 mg",
        "ca": "600 mg",
        "cl": "400 mg",
        "co": "0 µg",
        "cr": "0 µg",
        "cu": "0.2 mg",
        "f": "0 µg",
        "fe": "1 mg",
        "i": "0 µg",
        "k": "400 mg",
        "li": "0 µg",
        "mg": "80 mg",
        "mn": "0.1 mg",
        "mo": "0 µg",
        "na": "300 mg",
        "ni": "0 µg",
        "p": "400 mg",
        "rb": "0 µg",
        "s": "0 mg",
        "se": "10 µg",
        "si": "0 mg",
        "sr": "0 µg",
        "v": "0 µg",
        "zn": "3 mg"
      }
    }
  },
  "dietaryConsiderations": {
    "isVegetarian": true,
    "isGlutenFree": true,
    "isLactoseFree": false,
    "isVegan": false,
    "isKetogenic": true,
    "isWholeFoods": false,
    "isLowFodmap": false,
    "isPaleoFriendly": false,
    "isRaw": false
  },
  "allergens": [
    "Mleko"
  ],
  "nutriScore": "A"
}