{
  "productName": "Orzechy włoskie",
  "category": "Nuts",
  "glycemicIndex": "15",
  "glycemicLoad": "1",
  "caffeine": "0 mg",
  "salt": "0.002 g",
  "water": "4.07 g",
  "calories": "654 kcal",
  "servingSize": "100 g",
  "nutrients": {
    "macronutrients": {
      "proteins": {
        "total": "15.23 g",
        "animalBased": "0 g",
        "plantBased": "15.23 g",
        "aminoAcids": {
          "essential": {
            "histidine": "391 mg",
            "isoleucine": "625 mg",
            "leucine": "1170 mg",
            "lysine": "424 mg",
            "methionine": "236 mg",
            "phenylalanine": "711 mg",
            "threonine": "596 mg",
            "tryptophan": "170 mg",
            "valine": "753 mg"
          },
          "nonEssential": {
            "alanine": "654 mg",
            "asparagine": "1295 mg",
            "asparticAcid": "1295 mg",
            "glutamicAcid": "2816 mg"
          },
          "conditionallyEssential": {
            "arginine": "2278 mg",
            "cysteine": "241 mg",
            "glutamine": "2816 mg",
            "tyrosine": "463 mg",
            "glycine": "766 mg",
            "proline": "706 mg",
            "serine": "940 mg"
          }
        }
      },
      "fats": {
        "total": "65.21 g",
        "saturated": {
          "total": "6.126 g",
          "lauricAcid": "0 g",
          "myristicAcid": "0 g",
          "palmiticAcid": "4.404 g",
          "stearicAcid": "1.659 g"
        },
        "unsaturated": {
          "monounsaturated": {
            "total": "8.933 g",
            "omega9": {
              "total": "8.799 g",
              "oleicAcid": "8.799 g",
              "erucicAcid": "0 g"
            }
          },
          "polyunsaturated": {
            "total": "47.174 g",
            "omega3": {
              "total": "9.080 g",
              "ala": "9.080 g",
              "epa": "0 g",
              "dha": "0 g"
            },
            "omega6": {
              "total": "38.093 g",
              "linoleicAcid": "38.093 g",
              "arachidonicAcid": "0 g"
            }
          }
        },
        "trans": "0.054 g",
        "cholesterol": "0 mg"
      },
      "carbohydrates": {
        "total": "13.71 g",
        "simple": {
          "total": "2.61 g",
          "monosaccharides": {
            "glucose": "0.76 g",
            "fructose": "0.13 g",
            "galactose": "0 g"
          },
          "disaccharides": {
            "sucrose": "1.72 g",
            "lactose": "0 g",
            "maltose": "0 g"
          }
        },
        "complex": {
          "total": "11.10 g",
          "starches": "4.3 g",
          "fiber": {
            "total": "6.7 g",
            "soluble": "0.6 g",
            "insoluble": "6.1 g"
          },
          "glycogen": "0 g"
        }
      }
    },
    "micronutrients": {
      "vitamins": {
        "a": {
          "total": "1 µg",
          "retinol": "0 µg",
          "betaCarotene": "12 µg"
        },
        "b1": "0.341 mg",
        "b2": "0.150 mg",
        "b3": {
          "total": "1.125 mg",
          "niacin": "1.125 mg",
          "niacinamide": "0 mg"
        },
        "b4": "39.2 mg",
        "b5": "0.570 mg",
        "b6": "0.537 mg",
        "b7": "19 µg",
        "b8": "0 mg",
        "b9": "98 µg",
        "b12": "0 µg",
        "c": "1.3 mg",
        "d": "0 µg",
        "e": "0.7 mg",
        "k": "2.7 µg"
      },
      "minerals": {
        "as": "0 µg",
        "b": "1.710 mg",
        "ca": "98 mg",
        "cl": "0 mg",
        "co": "0 µg",
        "cr": "2.5 µg",
        "cu": "1.586 mg",
        "f": "0 µg",
        "fe": "2.91 mg",
        "i": "10 µg",
        "k": "441 mg",
        "li": "2.7 µg",
        "mg": "158 mg",
        "mn": "3.414 mg",
        "mo": "4.5 µg",
        "na": "2 mg",
        "ni": "0.2 µg",
        "p": "346 mg",
        "rb": "0 µg",
        "s": "0 mg",
        "se": "4.9 µg",
        "si": "0 mg",
        "sr": "90 µg",
        "v": "0 µg",
        "zn": "3.09 mg"
      }
    }
  },
  "dietaryConsiderations": {
    "isVegetarian": true,
    "isGlutenFree": true,
    "isLactoseFree": true,
    "isVegan": true,
    "isKetogenic": true,
    "isWholeFoods": true,
    "isLowFodmap": true,
    "isPaleoFriendly": true,
    "isRaw": true
  },
  "allergens": [
    "Orzechy"
  ],
  "nutriScore": "A"
}