{
  "productName": "Papryka chili",
  "category": "Vegetables",
  "glycemicIndex": "15",
  "glycemicLoad": "1",
  "caffeine": "0 mg",
  "salt": "0.007 g",
  "water": "88.02 g",
  "calories": "40 kcal",
  "servingSize": "100 g",
  "nutrients": {
    "macronutrients": {
      "proteins": {
        "total": "1.87 g",
        "animalBased": "0 g",
        "plantBased": "1.87 g",
        "aminoAcids": {
          "essential": {
            "histidine": "37 mg",
            "isoleucine": "61 mg",
            "leucine": "93 mg",
            "lysine": "87 mg",
            "methionine": "26 mg",
            "phenylalanine": "62 mg",
            "threonine": "65 mg",
            "tryptophan": "19 mg",
            "valine": "75 mg"
          },
          "nonEssential": {
            "alanine": "78 mg",
            "asparagine": "0 mg",
            "asparticAcid": "252 mg",
            "glutamicAcid": "324 mg"
          },
          "conditionallyEssential": {
            "arginine": "79 mg",
            "cysteine": "24 mg",
            "glutamine": "0 mg",
            "tyrosine": "39 mg",
            "glycine": "74 mg",
            "proline": "61 mg",
            "serine": "72 mg"
          }
        }
      },
      "fats": {
        "total": "0.44 g",
        "saturated": {
          "total": "0.084 g",
          "lauricAcid": "0 g",
          "myristicAcid": "0 g",
          "palmiticAcid": "0.074 g",
          "stearicAcid": "0.01 g"
        },
        "unsaturated": {
          "monounsaturated": {
            "total": "0.045 g",
            "omega9": {
              "total": "0.045 g",
              "oleicAcid": "0.042 g",
              "erucicAcid": "0 g"
            }
          },
          "polyunsaturated": {
            "total": "0.217 g",
            "omega3": {
              "total": "0.043 g",
              "ala": "0.043 g",
              "epa": "0 g",
              "dha": "0 g"
            },
            "omega6": {
              "total": "0.174 g",
              "linoleicAcid": "0.169 g",
              "arachidonicAcid": "0 g"
            }
          }
        },
        "trans": "0 g",
        "cholesterol": "0 mg"
      },
      "carbohydrates": {
        "total": "8.81 g",
        "simple": {
          "total": "5.3 g",
          "monosaccharides": {
            "glucose": "2.26 g",
            "fructose": "2.48 g",
            "galactose": "0 g"
          },
          "disaccharides": {
            "sucrose": "0.56 g",
            "lactose": "0 g",
            "maltose": "0 g"
          }
        },
        "complex": {
          "total": "3.51 g",
          "starches": "0.1 g",
          "fiber": {
            "total": "1.5 g",
            "soluble": "0.6 g",
            "insoluble": "0.9 g"
          },
          "glycogen": "0 g"
        }
      }
    },
    "micronutrients": {
      "vitamins": {
        "a": {
          "total": "48 µg",
          "retinol": "0 µg",
          "betaCarotene": "534 µg"
        },
        "b1": "0.072 mg",
        "b2": "0.086 mg",
        "b3": {
          "total": "1.242 mg",
          "niacin": "1.242 mg",
          "niacinamide": "0 mg"
        },
        "b4": "0 mg",
        "b5": "0.288 mg",
        "b6": "0.506 mg",
        "b7": "0 µg",
        "b8": "0 mg",
        "b9": "23 µg",
        "b12": "0 µg",
        "c": "143.7 mg",
        "d": "0 µg",
        "e": "0.69 mg",
        "k": "14 µg"
      },
      "minerals": {
        "as": "0 µg",
        "b": "0 mg",
        "ca": "14 mg",
        "cl": "0 mg",
        "co": "0 µg",
        "cr": "0 µg",
        "cu": "0.129 mg",
        "f": "0 µg",
        "fe": "1.03 mg",
        "i": "0 µg",
        "k": "322 mg",
        "li": "0 µg",
        "mg": "23 mg",
        "mn": "0.154 mg",
        "mo": "0 µg",
        "na": "7 mg",
        "ni": "0 µg",
        "p": "43 mg",
        "rb": "0 µg",
        "s": "0 mg",
        "se": "0.5 µg",
        "si": "0 mg",
        "sr": "0 µg",
        "v": "0 µg",
        "zn": "0.26 mg"
      }
    }
  },
  "dietaryConsiderations": {
    "isVegetarian": true,
    "isGlutenFree": true,
    "isLactoseFree": true,
    "isVegan": true,
    "isKetogenic": false,
    "isWholeFoods": true,
    "isLowFodmap": false,
    "isPaleoFriendly": true,
    "isRaw": true
  },
  "allergens": [],
  "nutriScore": "A"
}