{
  "productName": "Papryka żółta",
  "category": "Vegetables",
  "glycemicIndex": "15",
  "glycemicLoad": "1",
  "caffeine": "0 mg",
  "salt": "0.002 g",
  "water": "92.02 g",
  "calories": "27 kcal",
  "servingSize": "100 g",
  "nutrients": {
    "macronutrients": {
      "proteins": {
        "total": "1 g",
        "animalBased": "0 g",
        "plantBased": "1 g",
        "aminoAcids": {
          "essential": {
            "histidine": "21 mg",
            "isoleucine": "34 mg",
            "leucine": "51 mg",
            "lysine": "49 mg",
            "methionine": "14 mg",
            "phenylalanine": "34 mg",
            "threonine": "36 mg",
            "tryptophan": "10 mg",
            "valine": "41 mg"
          },
          "nonEssential": {
            "alanine": "43 mg",
            "asparagine": "0 mg",
            "asparticAcid": "139 mg",
            "glutamicAcid": "179 mg"
          },
          "conditionallyEssential": {
            "arginine": "44 mg",
            "cysteine": "13 mg",
            "glutamine": "0 mg",
            "tyrosine": "21 mg",
            "glycine": "41 mg",
            "proline": "34 mg",
            "serine": "40 mg"
          }
        }
      },
      "fats": {
        "total": "0.21 g",
        "saturated": {
          "total": "0.032 g",
          "lauricAcid": "0 g",
          "myristicAcid": "0 g",
          "palmiticAcid": "0.029 g",
          "stearicAcid": "0.003 g"
        },
        "unsaturated": {
          "monounsaturated": {
            "total": "0.005 g",
            "omega9": {
              "total": "0.005 g",
              "oleicAcid": "0.005 g",
              "erucicAcid": "0 g"
            }
          },
          "polyunsaturated": {
            "total": "0.12 g",
            "omega3": {
              "total": "0.014 g",
              "ala": "0.014 g",
              "epa": "0 g",
              "dha": "0 g"
            },
            "omega6": {
              "total": "0.106 g",
              "linoleicAcid": "0.106 g",
              "arachidonicAcid": "0 g"
            }
          }
        },
        "trans": "0 g",
        "cholesterol": "0 mg"
      },
      "carbohydrates": {
        "total": "6.32 g",
        "simple": {
          "total": "4.42 g",
          "monosaccharides": {
            "glucose": "2.4 g",
            "fructose": "2.02 g",
            "galactose": "0 g"
          },
          "disaccharides": {
            "sucrose": "0 g",
            "lactose": "0 g",
            "maltose": "0 g"
          }
        },
        "complex": {
          "total": "1.9 g",
          "starches": "0 g",
          "fiber": {
            "total": "0.9 g",
            "soluble": "0.4 g",
            "insoluble": "0.5 g"
          },
          "glycogen": "0 g"
        }
      }
    },
    "micronutrients": {
      "vitamins": {
        "a": {
          "total": "10 µg",
          "retinol": "0 µg",
          "betaCarotene": "120 µg"
        },
        "b1": "0.028 mg",
        "b2": "0.025 mg",
        "b3": {
          "total": "0.89 mg",
          "niacin": "0.89 mg",
          "niacinamide": "0 mg"
        },
        "b4": "5.7 mg",
        "b5": "0.175 mg",
        "b6": "0.175 mg",
        "b7": "0 µg",
        "b8": "0 mg",
        "b9": "26 µg",
        "b12": "0 µg",
        "c": "183.5 mg",
        "d": "0 µg",
        "e": "0.55 mg",
        "k": "11.4 µg"
      },
      "minerals": {
        "as": "0 µg",
        "b": "0 mg",
        "ca": "11 mg",
        "cl": "0 mg",
        "co": "0 µg",
        "cr": "0 µg",
        "cu": "0.107 mg",
        "f": "2 µg",
        "fe": "0.46 mg",
        "i": "0 µg",
        "k": "212 mg",
        "li": "0 µg",
        "mg": "12 mg",
        "mn": "0.122 mg",
        "mo": "5.8 µg",
        "na": "2 mg",
        "ni": "5.2 µg",
        "p": "24 mg",
        "rb": "0 µg",
        "s": "0 mg",
        "se": "0.3 µg",
        "si": "0 mg",
        "sr": "16 µg",
        "v": "0 µg",
        "zn": "0.13 mg"
      }
    }
  },
  "dietaryConsiderations": {
    "isVegetarian": true,
    "isGlutenFree": true,
    "isLactoseFree": true,
    "isVegan": true,
    "isKetogenic": false,
    "isWholeFoods": true,
    "isLowFodmap": true,
    "isPaleoFriendly": true,
    "isRaw": true
  },
  "allergens": [],
  "nutriScore": "A"
}