{
  "productName": "Pieprz czarny mielony",
  "category": "Spices",
  "glycemicIndex": "0",
  "glycemicLoad": "0",
  "caffeine": "0 mg",
  "salt": "0.02 g",
  "water": "12.46 g",
  "calories": "251 kcal",
  "servingSize": "100 g",
  "nutrients": {
    "macronutrients": {
      "proteins": {
        "total": "10.39 g",
        "animalBased": "0 g",
        "plantBased": "10.39 g",
        "aminoAcids": {
          "essential": {
            "histidine": "176 mg",
            "isoleucine": "314 mg",
            "leucine": "600 mg",
            "lysine": "369 mg",
            "methionine": "165 mg",
            "phenylalanine": "376 mg",
            "threonine": "284 mg",
            "tryptophan": "98 mg",
            "valine": "435 mg"
          },
          "nonEssential": {
            "alanine": "375 mg",
            "asparagine": "0 mg",
            "asparticAcid": "839 mg",
            "glutamicAcid": "1397 mg"
          },
          "conditionallyEssential": {
            "arginine": "367 mg",
            "cysteine": "153 mg",
            "glutamine": "0 mg",
            "tyrosine": "251 mg",
            "glycine": "341 mg",
            "proline": "325 mg",
            "serine": "353 mg"
          }
        }
      },
      "fats": {
        "total": "3.26 g",
        "saturated": {
          "total": "1.392 g",
          "lauricAcid": "0.01 g",
          "myristicAcid": "0.007 g",
          "palmiticAcid": "1.138 g",
          "stearicAcid": "0.237 g"
        },
        "unsaturated": {
          "monounsaturated": {
            "total": "0.855 g",
            "omega9": {
              "total": "0.855 g",
              "oleicAcid": "0.855 g",
              "erucicAcid": "0 g"
            }
          },
          "polyunsaturated": {
            "total": "1.013 g",
            "omega3": {
              "total": "0.155 g",
              "ala": "0.155 g",
              "epa": "0 g",
              "dha": "0 g"
            },
            "omega6": {
              "total": "0.858 g",
              "linoleicAcid": "0.858 g",
              "arachidonicAcid": "0 g"
            }
          }
        },
        "trans": "0 g",
        "cholesterol": "0 mg"
      },
      "carbohydrates": {
        "total": "63.95 g",
        "simple": {
          "total": "0.64 g",
          "monosaccharides": {
            "glucose": "0.32 g",
            "fructose": "0.32 g",
            "galactose": "0 g"
          },
          "disaccharides": {
            "sucrose": "0 g",
            "lactose": "0 g",
            "maltose": "0 g"
          }
        },
        "complex": {
          "total": "63.31 g",
          "starches": "38.31 g",
          "fiber": {
            "total": "25 g",
            "soluble": "5 g",
            "insoluble": "20 g"
          },
          "glycogen": "0 g"
        }
      }
    },
    "micronutrients": {
      "vitamins": {
        "a": {
          "total": "27 µg",
          "retinol": "0 µg",
          "betaCarotene": "324 µg"
        },
        "b1": "0.108 mg",
        "b2": "0.18 mg",
        "b3": {
          "total": "1.142 mg",
          "niacin": "1.142 mg",
          "niacinamide": "0 mg"
        },
        "b4": "11.3 mg",
        "b5": "1.399 mg",
        "b6": "0.291 mg",
        "b7": "0 µg",
        "b8": "0 mg",
        "b9": "10 µg",
        "b12": "0 µg",
        "c": "21 mg",
        "d": "0 µg",
        "e": "1.04 mg",
        "k": "163.7 µg"
      },
      "minerals": {
        "as": "0 µg",
        "b": "0 mg",
        "ca": "443 mg",
        "cl": "0 mg",
        "co": "0 µg",
        "cr": "0 µg",
        "cu": "1.33 mg",
        "f": "0 µg",
        "fe": "9.71 mg",
        "i": "0 µg",
        "k": "1259 mg",
        "li": "0 µg",
        "mg": "171 mg",
        "mn": "5.625 mg",
        "mo": "0 µg",
        "na": "20 mg",
        "ni": "0 µg",
        "p": "158 mg",
        "rb": "0 µg",
        "s": "0 mg",
        "se": "4.9 µg",
        "si": "0 mg",
        "sr": "0 µg",
        "v": "0 µg",
        "zn": "1.19 mg"
      }
    }
  },
  "dietaryConsiderations": {
    "isVegetarian": true,
    "isGlutenFree": true,
    "isLactoseFree": true,
    "isVegan": true,
    "isKetogenic": true,
    "isWholeFoods": true,
    "isLowFodmap": true,
    "isPaleoFriendly": true,
    "isRaw": false
  },
  "allergens": [],
  "nutriScore": "A"
}