{
  "productName": "Pomidory suszone",
  "category": "Dried Vegetables",
  "glycemicIndex": "35",
  "glycemicLoad": "5",
  "caffeine": "0 mg",
  "salt": "0.39 g",
  "water": "14.56 g",
  "calories": "258 kcal",
  "servingSize": "100 g",
  "nutrients": {
    "macronutrients": {
      "proteins": {
        "total": "14.11 g",
        "animalBased": "0 g",
        "plantBased": "14.11 g",
        "aminoAcids": {
          "essential": {
            "histidine": "289 mg",
            "isoleucine": "401 mg",
            "leucine": "626 mg",
            "lysine": "433 mg",
            "methionine": "112 mg",
            "phenylalanine": "449 mg",
            "threonine": "433 mg",
            "tryptophan": "96 mg",
            "valine": "449 mg"
          },
          "nonEssential": {
            "alanine": "449 mg",
            "asparagine": "0 mg",
            "asparticAcid": "2182 mg",
            "glutamicAcid": "6916 mg"
          },
          "conditionallyEssential": {
            "arginine": "337 mg",
            "cysteine": "128 mg",
            "glutamine": "0 mg",
            "tyrosine": "241 mg",
            "glycine": "385 mg",
            "proline": "321 mg",
            "serine": "417 mg"
          }
        }
      },
      "fats": {
        "total": "2.97 g",
        "saturated": {
          "total": "0.416 g",
          "lauricAcid": "0 g",
          "myristicAcid": "0 g",
          "palmiticAcid": "0.312 g",
          "stearicAcid": "0.104 g"
        },
        "unsaturated": {
          "monounsaturated": {
            "total": "0.461 g",
            "omega9": {
              "total": "0.461 g",
              "oleicAcid": "0.461 g",
              "erucicAcid": "0 g"
            }
          },
          "polyunsaturated": {
            "total": "1.234 g",
            "omega3": {
              "total": "0.208 g",
              "ala": "0.208 g",
              "epa": "0 g",
              "dha": "0 g"
            },
            "omega6": {
              "total": "1.026 g",
              "linoleicAcid": "1.026 g",
              "arachidonicAcid": "0 g"
            }
          }
        },
        "trans": "0 g",
        "cholesterol": "0 mg"
      },
      "carbohydrates": {
        "total": "55.76 g",
        "simple": {
          "total": "37.59 g",
          "monosaccharides": {
            "glucose": "18.795 g",
            "fructose": "18.795 g",
            "galactose": "0 g"
          },
          "disaccharides": {
            "sucrose": "0 g",
            "lactose": "0 g",
            "maltose": "0 g"
          }
        },
        "complex": {
          "total": "18.17 g",
          "starches": "0 g",
          "fiber": {
            "total": "12.3 g",
            "soluble": "3.69 g",
            "insoluble": "8.61 g"
          },
          "glycogen": "0 g"
        }
      }
    },
    "micronutrients": {
      "vitamins": {
        "a": {
          "total": "90 µg",
          "retinol": "0 µg",
          "betaCarotene": "1080 µg"
        },
        "b1": "0.238 mg",
        "b2": "0.489 mg",
        "b3": {
          "total": "9.337 mg",
          "niacin": "9.337 mg",
          "niacinamide": "0 mg"
        },
        "b4": "89.5 mg",
        "b5": "1.723 mg",
        "b6": "0.985 mg",
        "b7": "0 µg",
        "b8": "0 mg",
        "b9": "39 µg",
        "b12": "0 µg",
        "c": "39.2 mg",
        "d": "0 µg",
        "e": "9.04 mg",
        "k": "43 µg"
      },
      "minerals": {
        "as": "0 µg",
        "b": "0 mg",
        "ca": "110 mg",
        "cl": "0 mg",
        "co": "0 µg",
        "cr": "0 µg",
        "cu": "1.391 mg",
        "f": "0 µg",
        "fe": "9.09 mg",
        "i": "0 µg",
        "k": "3427 mg",
        "li": "0 µg",
        "mg": "194 mg",
        "mn": "1.846 mg",
        "mo": "0 µg",
        "na": "154 mg",
        "ni": "0 µg",
        "p": "356 mg",
        "rb": "0 µg",
        "s": "0 mg",
        "se": "5.5 µg",
        "si": "0 mg",
        "sr": "0 µg",
        "v": "0 µg",
        "zn": "1.99 mg"
      }
    }
  },
  "dietaryConsiderations": {
    "isVegetarian": true,
    "isGlutenFree": true,
    "isLactoseFree": true,
    "isVegan": true,
    "isKetogenic": false,
    "isWholeFoods": true,
    "isLowFodmap": false,
    "isPaleoFriendly": true,
    "isRaw": false
  },
  "allergens": [],
  "nutriScore": "B"
}