{
  "productName": "Pomidory koktajlowe",
  "category": "Vegetables",
  "glycemicIndex": "15",
  "glycemicLoad": "1",
  "caffeine": "0 mg",
  "salt": "0.005 g",
  "water": "94.52 g",
  "calories": "18 kcal",
  "servingSize": "100 g",
  "nutrients": {
    "macronutrients": {
      "proteins": {
        "total": "0.88 g",
        "animalBased": "0 g",
        "plantBased": "0.88 g",
        "aminoAcids": {
          "essential": {
            "histidine": "18 mg",
            "isoleucine": "24 mg",
            "leucine": "39 mg",
            "lysine": "32 mg",
            "methionine": "9 mg",
            "phenylalanine": "28 mg",
            "threonine": "30 mg",
            "tryptophan": "7 mg",
            "valine": "28 mg"
          },
          "nonEssential": {
            "alanine": "31 mg",
            "asparagine": "0 mg",
            "asparticAcid": "89 mg",
            "glutamicAcid": "320 mg"
          },
          "conditionallyEssential": {
            "arginine": "23 mg",
            "cysteine": "10 mg",
            "glutamine": "0 mg",
            "tyrosine": "17 mg",
            "glycine": "26 mg",
            "proline": "22 mg",
            "serine": "28 mg"
          }
        }
      },
      "fats": {
        "total": "0.2 g",
        "saturated": {
          "total": "0.028 g",
          "lauricAcid": "0 g",
          "myristicAcid": "0 g",
          "palmiticAcid": "0.021 g",
          "stearicAcid": "0.007 g"
        },
        "unsaturated": {
          "monounsaturated": {
            "total": "0.031 g",
            "omega9": {
              "total": "0.031 g",
              "oleicAcid": "0.031 g",
              "erucicAcid": "0 g"
            }
          },
          "polyunsaturated": {
            "total": "0.083 g",
            "omega3": {
              "total": "0.014 g",
              "ala": "0.014 g",
              "epa": "0 g",
              "dha": "0 g"
            },
            "omega6": {
              "total": "0.069 g",
              "linoleicAcid": "0.069 g",
              "arachidonicAcid": "0 g"
            }
          }
        },
        "trans": "0 g",
        "cholesterol": "0 mg"
      },
      "carbohydrates": {
        "total": "3.89 g",
        "simple": {
          "total": "2.63 g",
          "monosaccharides": {
            "glucose": "1.25 g",
            "fructose": "1.37 g",
            "galactose": "0.01 g"
          },
          "disaccharides": {
            "sucrose": "0 g",
            "lactose": "0 g",
            "maltose": "0 g"
          }
        },
        "complex": {
          "total": "1.26 g",
          "starches": "0 g",
          "fiber": {
            "total": "1.2 g",
            "soluble": "0.3 g",
            "insoluble": "0.9 g"
          },
          "glycogen": "0 g"
        }
      }
    },
    "micronutrients": {
      "vitamins": {
        "a": {
          "total": "42 µg",
          "retinol": "0 µg",
          "betaCarotene": "499 µg"
        },
        "b1": "0.037 mg",
        "b2": "0.019 mg",
        "b3": {
          "total": "0.594 mg",
          "niacin": "0.594 mg",
          "niacinamide": "0 mg"
        },
        "b4": "6.5 mg",
        "b5": "0.089 mg",
        "b6": "0.08 mg",
        "b7": "0 µg",
        "b8": "0 mg",
        "b9": "15 µg",
        "b12": "0 µg",
        "c": "21 mg",
        "d": "0 µg",
        "e": "0.54 mg",
        "k": "7.9 µg"
      },
      "minerals": {
        "as": "0 µg",
        "b": "0 mg",
        "ca": "10 mg",
        "cl": "0 mg",
        "co": "0 µg",
        "cr": "0 µg",
        "cu": "0.066 mg",
        "f": "0 µg",
        "fe": "0.27 mg",
        "i": "0 µg",
        "k": "237 mg",
        "li": "0 µg",
        "mg": "11 mg",
        "mn": "0.114 mg",
        "mo": "0 µg",
        "na": "5 mg",
        "ni": "0 µg",
        "p": "24 mg",
        "rb": "0 µg",
        "s": "0 mg",
        "se": "0 µg",
        "si": "0 mg",
        "sr": "0 µg",
        "v": "0 µg",
        "zn": "0.14 mg"
      }
    }
  },
  "dietaryConsiderations": {
    "isVegetarian": true,
    "isGlutenFree": true,
    "isLactoseFree": true,
    "isVegan": true,
    "isKetogenic": true,
    "isWholeFoods": true,
    "isLowFodmap": false,
    "isPaleoFriendly": true,
    "isRaw": true
  },
  "allergens": [],
  "nutriScore": "A"
}