{
  "productName": "Por",
  "category": "Vegetables",
  "glycemicIndex": "15",
  "glycemicLoad": "1",
  "caffeine": "0 mg",
  "salt": "0.02 g",
  "water": "83 g",
  "calories": "61 kcal",
  "servingSize": "100 g",
  "nutrients": {
    "macronutrients": {
      "proteins": {
        "total": "1.5 g",
        "animalBased": "0 g",
        "plantBased": "1.5 g",
        "aminoAcids": {
          "essential": {
            "histidine": "22 mg",
            "isoleucine": "52 mg",
            "leucine": "74 mg",
            "lysine": "67 mg",
            "methionine": "17 mg",
            "phenylalanine": "45 mg",
            "threonine": "45 mg",
            "tryptophan": "18 mg",
            "valine": "60 mg"
          },
          "nonEssential": {
            "alanine": "61 mg",
            "asparagine": "0 mg",
            "asparticAcid": "108 mg",
            "glutamicAcid": "162 mg"
          },
          "conditionallyEssential": {
            "arginine": "87 mg",
            "cysteine": "14 mg",
            "glutamine": "0 mg",
            "tyrosine": "34 mg",
            "glycine": "51 mg",
            "proline": "39 mg",
            "serine": "48 mg"
          }
        }
      },
      "fats": {
        "total": "0.3 g",
        "saturated": {
          "total": "0.045 g",
          "lauricAcid": "0 g",
          "myristicAcid": "0 g",
          "palmiticAcid": "0.035 g",
          "stearicAcid": "0.01 g"
        },
        "unsaturated": {
          "monounsaturated": {
            "total": "0.011 g",
            "omega9": {
              "total": "0.011 g",
              "oleicAcid": "0.011 g",
              "erucicAcid": "0 g"
            }
          },
          "polyunsaturated": {
            "total": "0.173 g",
            "omega3": {
              "total": "0.07 g",
              "ala": "0.07 g",
              "epa": "0 g",
              "dha": "0 g"
            },
            "omega6": {
              "total": "0.103 g",
              "linoleicAcid": "0.103 g",
              "arachidonicAcid": "0 g"
            }
          }
        },
        "trans": "0 g",
        "cholesterol": "0 mg"
      },
      "carbohydrates": {
        "total": "14.15 g",
        "simple": {
          "total": "3.9 g",
          "monosaccharides": {
            "glucose": "1.95 g",
            "fructose": "1.95 g",
            "galactose": "0 g"
          },
          "disaccharides": {
            "sucrose": "0 g",
            "lactose": "0 g",
            "maltose": "0 g"
          }
        },
        "complex": {
          "total": "10.25 g",
          "starches": "8.65 g",
          "fiber": {
            "total": "1.8 g",
            "soluble": "0.5 g",
            "insoluble": "1.3 g"
          },
          "glycogen": "0 g"
        }
      }
    },
    "micronutrients": {
      "vitamins": {
        "a": {
          "total": "83 µg",
          "retinol": "0 µg",
          "betaCarotene": "996 µg"
        },
        "b1": "0.06 mg",
        "b2": "0.03 mg",
        "b3": {
          "total": "0.4 mg",
          "niacin": "0.4 mg",
          "niacinamide": "0 mg"
        },
        "b4": "7.7 mg",
        "b5": "0.14 mg",
        "b6": "0.233 mg",
        "b7": "0.6 µg",
        "b8": "0 mg",
        "b9": "64 µg",
        "b12": "0 µg",
        "c": "12 mg",
        "d": "0 µg",
        "e": "0.92 mg",
        "k": "47 µg"
      },
      "minerals": {
        "as": "0 µg",
        "b": "0 mg",
        "ca": "59 mg",
        "cl": "0 mg",
        "co": "0 µg",
        "cr": "0 µg",
        "cu": "0.124 mg",
        "f": "0 µg",
        "fe": "2.1 mg",
        "i": "0 µg",
        "k": "180 mg",
        "li": "0 µg",
        "mg": "28 mg",
        "mn": "0.481 mg",
        "mo": "0 µg",
        "na": "20 mg",
        "ni": "0 µg",
        "p": "35 mg",
        "rb": "0 µg",
        "s": "0 mg",
        "se": "1.1 µg",
        "si": "0 mg",
        "sr": "0 µg",
        "v": "0 µg",
        "zn": "0.12 mg"
      }
    }
  },
  "dietaryConsiderations": {
    "isVegetarian": true,
    "isGlutenFree": true,
    "isLactoseFree": true,
    "isVegan": true,
    "isKetogenic": false,
    "isWholeFoods": true,
    "isLowFodmap": false,
    "isPaleoFriendly": true,
    "isRaw": true
  },
  "allergens": [],
  "nutriScore": "A"
}