{
  "productName": "Płatki jaglane",
  "category": "Cereals",
  "glycemicIndex": "70",
  "glycemicLoad": "17",
  "caffeine": "0 mg",
  "salt": "0.01 g",
  "water": "8.67 g",
  "calories": "378 kcal",
  "servingSize": "100 g",
  "nutrients": {
    "macronutrients": {
      "proteins": {
        "total": "11 g",
        "animalBased": "0 g",
        "plantBased": "11 g",
        "aminoAcids": {
          "essential": {
            "histidine": "230 mg",
            "isoleucine": "465 mg",
            "leucine": "1400 mg",
            "lysine": "210 mg",
            "methionine": "220 mg",
            "phenylalanine": "580 mg",
            "threonine": "400 mg",
            "tryptophan": "170 mg",
            "valine": "580 mg"
          },
          "nonEssential": {
            "alanine": "880 mg",
            "asparagine": "0 mg",
            "asparticAcid": "650 mg",
            "glutamicAcid": "2400 mg"
          },
          "conditionallyEssential": {
            "arginine": "430 mg",
            "cysteine": "210 mg",
            "glutamine": "0 mg",
            "tyrosine": "380 mg",
            "glycine": "310 mg",
            "proline": "780 mg",
            "serine": "550 mg"
          }
        }
      },
      "fats": {
        "total": "4.3 g",
        "saturated": {
          "total": "0.7 g",
          "lauricAcid": "0 g",
          "myristicAcid": "0 g",
          "palmiticAcid": "0.6 g",
          "stearicAcid": "0.1 g"
        },
        "unsaturated": {
          "monounsaturated": {
            "total": "0.8 g",
            "omega9": {
              "total": "0.8 g",
              "oleicAcid": "0.8 g",
              "erucicAcid": "0 g"
            }
          },
          "polyunsaturated": {
            "total": "2.4 g",
            "omega3": {
              "total": "0.1 g",
              "ala": "0.1 g",
              "epa": "0 g",
              "dha": "0 g"
            },
            "omega6": {
              "total": "2.3 g",
              "linoleicAcid": "2.3 g",
              "arachidonicAcid": "0 g"
            }
          }
        },
        "trans": "0 g",
        "cholesterol": "0 mg"
      },
      "carbohydrates": {
        "total": "72.9 g",
        "simple": {
          "total": "0.7 g",
          "monosaccharides": {
            "glucose": "0.35 g",
            "fructose": "0.35 g",
            "galactose": "0 g"
          },
          "disaccharides": {
            "sucrose": "0 g",
            "lactose": "0 g",
            "maltose": "0 g"
          }
        },
        "complex": {
          "total": "72.2 g",
          "starches": "66.5 g",
          "fiber": {
            "total": "5.7 g",
            "soluble": "1.7 g",
            "insoluble": "4 g"
          },
          "glycogen": "0 g"
        }
      }
    },
    "micronutrients": {
      "vitamins": {
        "a": {
          "total": "0 µg",
          "retinol": "0 µg",
          "betaCarotene": "0 µg"
        },
        "b1": "0.421 mg",
        "b2": "0.29 mg",
        "b3": {
          "total": "4.72 mg",
          "niacin": "4.72 mg",
          "niacinamide": "0 mg"
        },
        "b4": "0 mg",
        "b5": "1.17 mg",
        "b6": "0.384 mg",
        "b7": "0 µg",
        "b8": "0 mg",
        "b9": "85 µg",
        "b12": "0 µg",
        "c": "0 mg",
        "d": "0 µg",
        "e": "0.05 mg",
        "k": "0.9 µg"
      },
      "minerals": {
        "as": "0 µg",
        "b": "0 mg",
        "ca": "8 mg",
        "cl": "0 mg",
        "co": "0 µg",
        "cr": "0 µg",
        "cu": "0.75 mg",
        "f": "0 µg",
        "fe": "3 mg",
        "i": "0 µg",
        "k": "195 mg",
        "li": "0 µg",
        "mg": "114 mg",
        "mn": "1.63 mg",
        "mo": "0 µg",
        "na": "5 mg",
        "ni": "0 µg",
        "p": "285 mg",
        "rb": "0 µg",
        "s": "0 mg",
        "se": "2.7 µg",
        "si": "0 mg",
        "sr": "0 µg",
        "v": "0 µg",
        "zn": "1.68 mg"
      }
    }
  },
  "dietaryConsiderations": {
    "isVegetarian": true,
    "isGlutenFree": true,
    "isLactoseFree": true,
    "isVegan": true,
    "isKetogenic": false,
    "isWholeFoods": true,
    "isLowFodmap": true,
    "isPaleoFriendly": false,
    "isRaw": false
  },
  "allergens": [],
  "nutriScore": "A"
}