{
  "productName": "Płatki drożdżowe",
  "category": "Supplements",
  "glycemicIndex": "0",
  "glycemicLoad": "0",
  "caffeine": "0 mg",
  "salt": "0.05 g",
  "water": "5 g",
  "calories": "325 kcal",
  "servingSize": "100 g",
  "nutrients": {
    "macronutrients": {
      "proteins": {
        "total": "50 g",
        "animalBased": "0 g",
        "plantBased": "50 g",
        "aminoAcids": {
          "essential": {
            "histidine": "1000 mg",
            "isoleucine": "2300 mg",
            "leucine": "3500 mg",
            "lysine": "3200 mg",
            "methionine": "800 mg",
            "phenylalanine": "2100 mg",
            "threonine": "2400 mg",
            "tryptophan": "600 mg",
            "valine": "2900 mg"
          },
          "nonEssential": {
            "alanine": "3000 mg",
            "asparagine": "0 mg",
            "asparticAcid": "4400 mg",
            "glutamicAcid": "7600 mg"
          },
          "conditionallyEssential": {
            "arginine": "2400 mg",
            "cysteine": "600 mg",
            "glutamine": "0 mg",
            "tyrosine": "1800 mg",
            "glycine": "2200 mg",
            "proline": "2100 mg",
            "serine": "2400 mg"
          }
        }
      },
      "fats": {
        "total": "4 g",
        "saturated": {
          "total": "0.5 g",
          "lauricAcid": "0 g",
          "myristicAcid": "0 g",
          "palmiticAcid": "0.4 g",
          "stearicAcid": "0.1 g"
        },
        "unsaturated": {
          "monounsaturated": {
            "total": "0.5 g",
            "omega9": {
              "total": "0.5 g",
              "oleicAcid": "0.5 g",
              "erucicAcid": "0 g"
            }
          },
          "polyunsaturated": {
            "total": "2.5 g",
            "omega3": {
              "total": "0.1 g",
              "ala": "0.1 g",
              "epa": "0 g",
              "dha": "0 g"
            },
            "omega6": {
              "total": "2.4 g",
              "linoleicAcid": "2.4 g",
              "arachidonicAcid": "0 g"
            }
          }
        },
        "trans": "0 g",
        "cholesterol": "0 mg"
      },
      "carbohydrates": {
        "total": "30 g",
        "simple": {
          "total": "0 g",
          "monosaccharides": {
            "glucose": "0 g",
            "fructose": "0 g",
            "galactose": "0 g"
          },
          "disaccharides": {
            "sucrose": "0 g",
            "lactose": "0 g",
            "maltose": "0 g"
          }
        },
        "complex": {
          "total": "30 g",
          "starches": "0 g",
          "fiber": {
            "total": "21 g",
            "soluble": "6 g",
            "insoluble": "15 g"
          },
          "glycogen": "0 g"
        }
      }
    },
    "micronutrients": {
      "vitamins": {
        "a": {
          "total": "0 µg",
          "retinol": "0 µg",
          "betaCarotene": "0 µg"
        },
        "b1": "11.5 mg",
        "b2": "11.6 mg",
        "b3": {
          "total": "45 mg",
          "niacin": "45 mg",
          "niacinamide": "0 mg"
        },
        "b4": "0 mg",
        "b5": "14.6 mg",
        "b6": "9.6 mg",
        "b7": "78 µg",
        "b8": "0 mg",
        "b9": "4000 µg",
        "b12": "35 µg",
        "c": "0 mg",
        "d": "0 µg",
        "e": "0.5 mg",
        "k": "0 µg"
      },
      "minerals": {
        "as": "0 µg",
        "b": "0 mg",
        "ca": "60 mg",
        "cl": "0 mg",
        "co": "0 µg",
        "cr": "0 µg",
        "cu": "0.6 mg",
        "f": "0 µg",
        "fe": "5 mg",
        "i": "0 µg",
        "k": "1400 mg",
        "li": "0 µg",
        "mg": "190 mg",
        "mn": "1 mg",
        "mo": "0 µg",
        "na": "20 mg",
        "ni": "0 µg",
        "p": "1240 mg",
        "rb": "0 µg",
        "s": "0 mg",
        "se": "32 µg",
        "si": "0 mg",
        "sr": "0 µg",
        "v": "0 µg",
        "zn": "8 mg"
      }
    }
  },
  "dietaryConsiderations": {
    "isVegetarian": true,
    "isGlutenFree": true,
    "isLactoseFree": true,
    "isVegan": true,
    "isKetogenic": false,
    "isWholeFoods": false,
    "isLowFodmap": true,
    "isPaleoFriendly": false,
    "isRaw": false
  },
  "allergens": [],
  "nutriScore": "A"
}