{
  "productName": "Ryż paraboliczny",
  "category": "Grains",
  "glycemicIndex": "45",
  "glycemicLoad": "15",
  "caffeine": "0 mg",
  "salt": "0.004 g",
  "water": "10.36 g",
  "calories": "356 kcal",
  "servingSize": "100 g",
  "nutrients": {
    "macronutrients": {
      "proteins": {
        "total": "7.4 g",
        "animalBased": "0 g",
        "plantBased": "7.4 g",
        "aminoAcids": {
          "essential": {
            "histidine": "157 mg",
            "isoleucine": "290 mg",
            "leucine": "574 mg",
            "lysine": "297 mg",
            "methionine": "167 mg",
            "phenylalanine": "370 mg",
            "threonine": "259 mg",
            "tryptophan": "81 mg",
            "valine": "407 mg"
          },
          "nonEssential": {
            "alanine": "407 mg",
            "asparagine": "664 mg",
            "asparticAcid": "684 mg",
            "glutamicAcid": "1495 mg"
          },
          "conditionallyEssential": {
            "arginine": "539 mg",
            "cysteine": "132 mg",
            "glutamine": "1345 mg",
            "tyrosine": "302 mg",
            "glycine": "332 mg",
            "proline": "330 mg",
            "serine": "361 mg"
          }
        }
      },
      "fats": {
        "total": "0.9 g",
        "saturated": {
          "total": "0.178 g",
          "lauricAcid": "0 g",
          "myristicAcid": "0.001 g",
          "palmiticAcid": "0.16 g",
          "stearicAcid": "0.008 g"
        },
        "unsaturated": {
          "monounsaturated": {
            "total": "0.325 g",
            "omega9": {
              "total": "0.322 g",
              "oleicAcid": "0.322 g",
              "erucicAcid": "0 g"
            }
          },
          "polyunsaturated": {
            "total": "0.322 g",
            "omega3": {
              "total": "0.015 g",
              "ala": "0.015 g",
              "epa": "0 g",
              "dha": "0 g"
            },
            "omega6": {
              "total": "0.307 g",
              "linoleicAcid": "0.307 g",
              "arachidonicAcid": "0 g"
            }
          }
        },
        "trans": "0 g",
        "cholesterol": "0 mg"
      },
      "carbohydrates": {
        "total": "79.83 g",
        "simple": {
          "total": "0.35 g",
          "monosaccharides": {
            "glucose": "0.175 g",
            "fructose": "0.175 g",
            "galactose": "0 g"
          },
          "disaccharides": {
            "sucrose": "0.26 g",
            "lactose": "0 g",
            "maltose": "0.37 g"
          }
        },
        "complex": {
          "total": "79.48 g",
          "starches": "77.48 g",
          "fiber": {
            "total": "2 g",
            "soluble": "0.4 g",
            "insoluble": "1.6 g"
          },
          "glycogen": "0 g"
        }
      }
    },
    "micronutrients": {
      "vitamins": {
        "a": {
          "total": "0 µg",
          "retinol": "0 µg",
          "betaCarotene": "0 µg"
        },
        "b1": "0.436 mg",
        "b2": "0.052 mg",
        "b3": {
          "total": "4.095 mg",
          "niacin": "4.095 mg",
          "niacinamide": "0 mg"
        },
        "b4": "10.2 mg",
        "b5": "1.165 mg",
        "b6": "0.457 mg",
        "b7": "3.8 µg",
        "b8": "0 mg",
        "b9": "9 µg",
        "b12": "0 µg",
        "c": "0 mg",
        "d": "0 µg",
        "e": "0.09 mg",
        "k": "0.1 µg"
      },
      "minerals": {
        "as": "0 µg",
        "b": "0.17 mg",
        "ca": "28 mg",
        "cl": "0 mg",
        "co": "0 µg",
        "cr": "0 µg",
        "cu": "0.21 mg",
        "f": "0 µg",
        "fe": "1.39 mg",
        "i": "0 µg",
        "k": "115 mg",
        "li": "0 µg",
        "mg": "59 mg",
        "mn": "1.08 mg",
        "mo": "0 µg",
        "na": "4 mg",
        "ni": "0 µg",
        "p": "153 mg",
        "rb": "0 µg",
        "s": "0 mg",
        "se": "9.8 µg",
        "si": "0 mg",
        "sr": "0 µg",
        "v": "0 µg",
        "zn": "1.44 mg"
      }
    }
  },
  "dietaryConsiderations": {
    "isVegetarian": true,
    "isGlutenFree": true,
    "isLactoseFree": true,
    "isVegan": true,
    "isKetogenic": false,
    "isWholeFoods": true,
    "isLowFodmap": true,
    "isPaleoFriendly": false,
    "isRaw": false
  },
  "allergens": [],
  "nutriScore": "B"
}