{
  "productName": "Ryż arborio",
  "category": "Grains",
  "glycemicIndex": "69",
  "glycemicLoad": "28",
  "caffeine": "0 mg",
  "salt": "0.004 g",
  "water": "11.62 g",
  "calories": "354 kcal",
  "servingSize": "100 g",
  "nutrients": {
    "macronutrients": {
      "proteins": {
        "total": "6.67 g",
        "animalBased": "0 g",
        "plantBased": "6.67 g",
        "aminoAcids": {
          "essential": {
            "histidine": "144 mg",
            "isoleucine": "270 mg",
            "leucine": "530 mg",
            "lysine": "226 mg",
            "methionine": "156 mg",
            "phenylalanine": "333 mg",
            "threonine": "226 mg",
            "tryptophan": "77 mg",
            "valine": "356 mg"
          },
          "nonEssential": {
            "alanine": "366 mg",
            "asparagine": "0 mg",
            "asparticAcid": "598 mg",
            "glutamicAcid": "1297 mg"
          },
          "conditionallyEssential": {
            "arginine": "489 mg",
            "cysteine": "130 mg",
            "glutamine": "0 mg",
            "tyrosine": "270 mg",
            "glycine": "300 mg",
            "proline": "285 mg",
            "serine": "333 mg"
          }
        }
      },
      "fats": {
        "total": "0.58 g",
        "saturated": {
          "total": "0.16 g",
          "lauricAcid": "0 g",
          "myristicAcid": "0.002 g",
          "palmiticAcid": "0.134 g",
          "stearicAcid": "0.024 g"
        },
        "unsaturated": {
          "monounsaturated": {
            "total": "0.182 g",
            "omega9": {
              "total": "0.181 g",
              "oleicAcid": "0.181 g",
              "erucicAcid": "0 g"
            }
          },
          "polyunsaturated": {
            "total": "0.188 g",
            "omega3": {
              "total": "0.017 g",
              "ala": "0.017 g",
              "epa": "0 g",
              "dha": "0 g"
            },
            "omega6": {
              "total": "0.171 g",
              "linoleicAcid": "0.171 g",
              "arachidonicAcid": "0 g"
            }
          }
        },
        "trans": "0 g",
        "cholesterol": "0 mg"
      },
      "carbohydrates": {
        "total": "79.85 g",
        "simple": {
          "total": "0.21 g",
          "monosaccharides": {
            "glucose": "0.1 g",
            "fructose": "0.11 g",
            "galactose": "0 g"
          },
          "disaccharides": {
            "sucrose": "0 g",
            "lactose": "0 g",
            "maltose": "0 g"
          }
        },
        "complex": {
          "total": "79.64 g",
          "starches": "78.24 g",
          "fiber": {
            "total": "1.4 g",
            "soluble": "0.2 g",
            "insoluble": "1.2 g"
          },
          "glycogen": "0 g"
        }
      }
    },
    "micronutrients": {
      "vitamins": {
        "a": {
          "total": "0 µg",
          "retinol": "0 µg",
          "betaCarotene": "0 µg"
        },
        "b1": "0.07 mg",
        "b2": "0.05 mg",
        "b3": {
          "total": "2.6 mg",
          "niacin": "2.6 mg",
          "niacinamide": "0 mg"
        },
        "b4": "10.2 mg",
        "b5": "0.98 mg",
        "b6": "0.15 mg",
        "b7": "3.8 µg",
        "b8": "0 mg",
        "b9": "9 µg",
        "b12": "0 µg",
        "c": "0 mg",
        "d": "0 µg",
        "e": "0.13 mg",
        "k": "0.1 µg"
      },
      "minerals": {
        "as": "0 µg",
        "b": "0 mg",
        "ca": "21 mg",
        "cl": "0 mg",
        "co": "0 µg",
        "cr": "0 µg",
        "cu": "0.22 mg",
        "f": "0 µg",
        "fe": "0.80 mg",
        "i": "0 µg",
        "k": "112 mg",
        "li": "0 µg",
        "mg": "31 mg",
        "mn": "1.1 mg",
        "mo": "0 µg",
        "na": "4 mg",
        "ni": "0 µg",
        "p": "150 mg",
        "rb": "0 µg",
        "s": "0 mg",
        "se": "15.1 µg",
        "si": "0 mg",
        "sr": "0 µg",
        "v": "0 µg",
        "zn": "1.3 mg"
      }
    }
  },
  "dietaryConsiderations": {
    "isVegetarian": true,
    "isGlutenFree": true,
    "isLactoseFree": true,
    "isVegan": true,
    "isKetogenic": false,
    "isWholeFoods": true,
    "isLowFodmap": true,
    "isPaleoFriendly": false,
    "isRaw": true
  },
  "allergens": [],
  "nutriScore": "B"
}