{
  "productName": "Rzodkiewka",
  "category": "Vegetables",
  "glycemicIndex": "15",
  "glycemicLoad": "1",
  "caffeine": "0 mg",
  "salt": "0.039 g",
  "water": "95.27 g",
  "calories": "16 kcal",
  "servingSize": "100 g",
  "nutrients": {
    "macronutrients": {
      "proteins": {
        "total": "0.68 g",
        "animalBased": "0 g",
        "plantBased": "0.68 g",
        "aminoAcids": {
          "essential": {
            "histidine": "13 mg",
            "isoleucine": "25 mg",
            "leucine": "33 mg",
            "lysine": "34 mg",
            "methionine": "7 mg",
            "phenylalanine": "23 mg",
            "threonine": "26 mg",
            "tryptophan": "8 mg",
            "valine": "32 mg"
          },
          "nonEssential": {
            "alanine": "27 mg",
            "asparagine": "0 mg",
            "asparticAcid": "81 mg",
            "glutamicAcid": "183 mg"
          },
          "conditionallyEssential": {
            "arginine": "29 mg",
            "cysteine": "13 mg",
            "glutamine": "0 mg",
            "tyrosine": "13 mg",
            "glycine": "28 mg",
            "proline": "23 mg",
            "serine": "27 mg"
          }
        }
      },
      "fats": {
        "total": "0.1 g",
        "saturated": {
          "total": "0.012 g",
          "lauricAcid": "0 g",
          "myristicAcid": "0 g",
          "palmiticAcid": "0.01 g",
          "stearicAcid": "0.002 g"
        },
        "unsaturated": {
          "monounsaturated": {
            "total": "0.016 g",
            "omega9": {
              "total": "0.016 g",
              "oleicAcid": "0.016 g",
              "erucicAcid": "0 g"
            }
          },
          "polyunsaturated": {
            "total": "0.048 g",
            "omega3": {
              "total": "0.019 g",
              "ala": "0.019 g",
              "epa": "0 g",
              "dha": "0 g"
            },
            "omega6": {
              "total": "0.029 g",
              "linoleicAcid": "0.029 g",
              "arachidonicAcid": "0 g"
            }
          }
        },
        "trans": "0 g",
        "cholesterol": "0 mg"
      },
      "carbohydrates": {
        "total": "3.4 g",
        "simple": {
          "total": "1.86 g",
          "monosaccharides": {
            "glucose": "0.93 g",
            "fructose": "0.93 g",
            "galactose": "0 g"
          },
          "disaccharides": {
            "sucrose": "0 g",
            "lactose": "0 g",
            "maltose": "0 g"
          }
        },
        "complex": {
          "total": "1.54 g",
          "starches": "0.1 g",
          "fiber": {
            "total": "1.6 g",
            "soluble": "0.5 g",
            "insoluble": "1.1 g"
          },
          "glycogen": "0 g"
        }
      }
    },
    "micronutrients": {
      "vitamins": {
        "a": {
          "total": "3 µg",
          "retinol": "0 µg",
          "betaCarotene": "36 µg"
        },
        "b1": "0.012 mg",
        "b2": "0.039 mg",
        "b3": {
          "total": "0.254 mg",
          "niacin": "0.254 mg",
          "niacinamide": "0 mg"
        },
        "b4": "5.5 mg",
        "b5": "0.165 mg",
        "b6": "0.071 mg",
        "b7": "0.6 µg",
        "b8": "0 mg",
        "b9": "25 µg",
        "b12": "0 µg",
        "c": "14.8 mg",
        "d": "0 µg",
        "e": "0.04 mg",
        "k": "1.3 µg"
      },
      "minerals": {
        "as": "0 µg",
        "b": "0 mg",
        "ca": "25 mg",
        "cl": "0 mg",
        "co": "0 µg",
        "cr": "0 µg",
        "cu": "0.052 mg",
        "f": "0 µg",
        "fe": "0.34 mg",
        "i": "0 µg",
        "k": "233 mg",
        "li": "0 µg",
        "mg": "10 mg",
        "mn": "0.069 mg",
        "mo": "0 µg",
        "na": "39 mg",
        "ni": "0 µg",
        "p": "20 mg",
        "rb": "0 µg",
        "s": "0 mg",
        "se": "0.6 µg",
        "si": "0 mg",
        "sr": "0 µg",
        "v": "0 µg",
        "zn": "0.28 mg"
      }
    }
  },
  "dietaryConsiderations": {
    "isVegetarian": true,
    "isGlutenFree": true,
    "isLactoseFree": true,
    "isVegan": true,
    "isKetogenic": true,
    "isWholeFoods": true,
    "isLowFodmap": true,
    "isPaleoFriendly": true,
    "isRaw": true
  },
  "allergens": [],
  "nutriScore": "A"
}