{
  "productName": "Ser halloumi",
  "category": "Cheese",
  "glycemicIndex": "0",
  "glycemicLoad": "0",
  "caffeine": "0 mg",
  "salt": "2.9 g",
  "water": "41.5 g",
  "calories": "321 kcal",
  "servingSize": "100 g",
  "nutrients": {
    "macronutrients": {
      "proteins": {
        "total": "21.2 g",
        "animalBased": "21.2 g",
        "plantBased": "0 g",
        "aminoAcids": {
          "essential": {
            "histidine": "620 mg",
            "isoleucine": "1050 mg",
            "leucine": "2050 mg",
            "lysine": "1780 mg",
            "methionine": "580 mg",
            "phenylalanine": "1100 mg",
            "threonine": "850 mg",
            "tryptophan": "310 mg",
            "valine": "1450 mg"
          },
          "nonEssential": {
            "alanine": "750 mg",
            "asparagine": "0 mg",
            "asparticAcid": "1500 mg",
            "glutamicAcid": "4800 mg"
          },
          "conditionallyEssential": {
            "arginine": "780 mg",
            "cysteine": "180 mg",
            "glutamine": "0 mg",
            "tyrosine": "1150 mg",
            "glycine": "450 mg",
            "proline": "2200 mg",
            "serine": "1200 mg"
          }
        }
      },
      "fats": {
        "total": "25.8 g",
        "saturated": {
          "total": "16.5 g",
          "lauricAcid": "0.7 g",
          "myristicAcid": "2.8 g",
          "palmiticAcid": "7.5 g",
          "stearicAcid": "2.5 g"
        },
        "unsaturated": {
          "monounsaturated": {
            "total": "7.1 g",
            "omega9": {
              "total": "6.5 g",
              "oleicAcid": "6.5 g",
              "erucicAcid": "0 g"
            }
          },
          "polyunsaturated": {
            "total": "0.8 g",
            "omega3": {
              "total": "0.3 g",
              "ala": "0.3 g",
              "epa": "0 g",
              "dha": "0 g"
            },
            "omega6": {
              "total": "0.5 g",
              "linoleicAcid": "0.5 g",
              "arachidonicAcid": "0 g"
            }
          }
        },
        "trans": "1.1 g",
        "cholesterol": "80 mg"
      },
      "carbohydrates": {
        "total": "1.8 g",
        "simple": {
          "total": "1.8 g",
          "monosaccharides": {
            "glucose": "0 g",
            "fructose": "0 g",
            "galactose": "0 g"
          },
          "disaccharides": {
            "sucrose": "0 g",
            "lactose": "1.8 g",
            "maltose": "0 g"
          }
        },
        "complex": {
          "total": "0 g",
          "starches": "0 g",
          "fiber": {
            "total": "0 g",
            "soluble": "0 g",
            "insoluble": "0 g"
          },
          "glycogen": "0 g"
        }
      }
    },
    "micronutrients": {
      "vitamins": {
        "a": {
          "total": "280 µg",
          "retinol": "280 µg",
          "betaCarotene": "0 µg"
        },
        "b1": "0.04 mg",
        "b2": "0.35 mg",
        "b3": {
          "total": "0.3 mg",
          "niacin": "0.3 mg",
          "niacinamide": "0 mg"
        },
        "b4": "18.1 mg",
        "b5": "0.5 mg",
        "b6": "0.08 mg",
        "b7": "4.0 µg",
        "b8": "0 mg",
        "b9": "18 µg",
        "b12": "1.5 µg",
        "c": "0 mg",
        "d": "0.5 µg",
        "e": "0.7 mg",
        "k": "2.5 µg"
      },
      "minerals": {
        "as": "0 µg",
        "b": "0 mg",
        "ca": "794 mg",
        "cl": "0 mg",
        "co": "0 µg",
        "cr": "0 µg",
        "cu": "0.05 mg",
        "f": "0 µg",
        "fe": "0.4 mg",
        "i": "25 µg",
        "k": "95 mg",
        "li": "0 µg",
        "mg": "31 mg",
        "mn": "0.03 mg",
        "mo": "0 µg",
        "na": "1160 mg",
        "ni": "0 µg",
        "p": "550 mg",
        "rb": "0 µg",
        "s": "212 mg",
        "se": "22.5 µg",
        "si": "0 mg",
        "sr": "0 µg",
        "v": "0 µg",
        "zn": "3.5 mg"
      }
    }
  },
  "dietaryConsiderations": {
    "isVegetarian": true,
    "isGlutenFree": true,
    "isLactoseFree": false,
    "isVegan": false,
    "isKetogenic": true,
    "isWholeFoods": true,
    "isLowFodmap": false,
    "isPaleoFriendly": false,
    "isRaw": false
  },
  "allergens": [
    "Mleko"
  ],
  "nutriScore": "E"
}