{
  "productName": "Serek homogenizowany naturalny",
  "category": "Dairy",
  "glycemicIndex": "30",
  "glycemicLoad": "1",
  "caffeine": "0 mg",
  "salt": "0.1 g",
  "water": "79.5 g",
  "calories": "97 kcal",
  "servingSize": "100 g",
  "nutrients": {
    "macronutrients": {
      "proteins": {
        "total": "12.3 g",
        "animalBased": "12.3 g",
        "plantBased": "0 g",
        "aminoAcids": {
          "essential": {
            "histidine": "330 mg",
            "isoleucine": "580 mg",
            "leucine": "1150 mg",
            "lysine": "920 mg",
            "methionine": "320 mg",
            "phenylalanine": "580 mg",
            "threonine": "520 mg",
            "tryptophan": "170 mg",
            "valine": "730 mg"
          },
          "nonEssential": {
            "alanine": "420 mg",
            "asparagine": "0 mg",
            "asparticAcid": "850 mg",
            "glutamicAcid": "2500 mg"
          },
          "conditionallyEssential": {
            "arginine": "420 mg",
            "cysteine": "100 mg",
            "glutamine": "0 mg",
            "tyrosine": "600 mg",
            "glycine": "250 mg",
            "proline": "1200 mg",
            "serine": "650 mg"
          }
        }
      },
      "fats": {
        "total": "3.0 g",
        "saturated": {
          "total": "1.9 g",
          "lauricAcid": "0.08 g",
          "myristicAcid": "0.31 g",
          "palmiticAcid": "0.85 g",
          "stearicAcid": "0.3 g"
        },
        "unsaturated": {
          "monounsaturated": {
            "total": "0.8 g",
            "omega9": {
              "total": "0.7 g",
              "oleicAcid": "0.7 g",
              "erucicAcid": "0 g"
            }
          },
          "polyunsaturated": {
            "total": "0.1 g",
            "omega3": {
              "total": "0.04 g",
              "ala": "0.04 g",
              "epa": "0 g",
              "dha": "0 g"
            },
            "omega6": {
              "total": "0.06 g",
              "linoleicAcid": "0.06 g",
              "arachidonicAcid": "0 g"
            }
          }
        },
        "trans": "0.1 g",
        "cholesterol": "12 mg"
      },
      "carbohydrates": {
        "total": "4.8 g",
        "simple": {
          "total": "4.8 g",
          "monosaccharides": {
            "glucose": "0 g",
            "fructose": "0 g",
            "galactose": "0 g"
          },
          "disaccharides": {
            "sucrose": "0 g",
            "lactose": "4.8 g",
            "maltose": "0 g"
          }
        },
        "complex": {
          "total": "0 g",
          "starches": "0 g",
          "fiber": {
            "total": "0 g",
            "soluble": "0 g",
            "insoluble": "0 g"
          },
          "glycogen": "0 g"
        }
      }
    },
    "micronutrients": {
      "vitamins": {
        "a": {
          "total": "30 µg",
          "retinol": "30 µg",
          "betaCarotene": "0 µg"
        },
        "b1": "0.04 mg",
        "b2": "0.25 mg",
        "b3": {
          "total": "0.2 mg",
          "niacin": "0.2 mg",
          "niacinamide": "0 mg"
        },
        "b4": "15.4 mg",
        "b5": "0.3 mg",
        "b6": "0.05 mg",
        "b7": "3 µg",
        "b8": "0 mg",
        "b9": "12 µg",
        "b12": "0.7 µg",
        "c": "0.5 mg",
        "d": "0.1 µg",
        "e": "0.1 mg",
        "k": "0.3 µg"
      },
      "minerals": {
        "as": "0 µg",
        "b": "0 mg",
        "ca": "110 mg",
        "cl": "0 mg",
        "co": "0 µg",
        "cr": "0 µg",
        "cu": "0.02 mg",
        "f": "0 µg",
        "fe": "0.1 mg",
        "i": "10 µg",
        "k": "130 mg",
        "li": "0 µg",
        "mg": "12 mg",
        "mn": "0.01 mg",
        "mo": "0 µg",
        "na": "40 mg",
        "ni": "0 µg",
        "p": "230 mg",
        "rb": "0 µg",
        "s": "123 mg",
        "se": "9 µg",
        "si": "0 mg",
        "sr": "0 µg",
        "v": "0 µg",
        "zn": "0.5 mg"
      }
    }
  },
  "dietaryConsiderations": {
    "isVegetarian": true,
    "isGlutenFree": true,
    "isLactoseFree": false,
    "isVegan": false,
    "isKetogenic": true,
    "isWholeFoods": true,
    "isLowFodmap": true,
    "isPaleoFriendly": false,
    "isRaw": false
  },
  "allergens": [
    "Mleko"
  ],
  "nutriScore": "A"
}