{
  "productName": "Sezam czarny",
  "category": "Seeds",
  "glycemicIndex": "35",
  "glycemicLoad": "3",
  "caffeine": "0 mg",
  "salt": "0.011 g",
  "water": "4.7 g",
  "calories": "565 kcal",
  "servingSize": "100 g",
  "nutrients": {
    "macronutrients": {
      "proteins": {
        "total": "18.2 g",
        "animalBased": "0 g",
        "plantBased": "18.2 g",
        "aminoAcids": {
          "essential": {
            "histidine": "517 mg",
            "isoleucine": "770 mg",
            "leucine": "1374 mg",
            "lysine": "559 mg",
            "methionine": "577 mg",
            "phenylalanine": "908 mg",
            "threonine": "708 mg",
            "tryptophan": "341 mg",
            "valine": "952 mg"
          },
          "nonEssential": {
            "alanine": "924 mg",
            "asparagine": "0 mg",
            "asparticAcid": "1696 mg",
            "glutamicAcid": "4065 mg"
          },
          "conditionallyEssential": {
            "arginine": "2442 mg",
            "cysteine": "379 mg",
            "glutamine": "0 mg",
            "tyrosine": "690 mg",
            "glycine": "1037 mg",
            "proline": "771 mg",
            "serine": "914 mg"
          }
        }
      },
      "fats": {
        "total": "48.0 g",
        "saturated": {
          "total": "6.7 g",
          "lauricAcid": "0.038 g",
          "myristicAcid": "0.023 g",
          "palmiticAcid": "4.33 g",
          "stearicAcid": "2.08 g"
        },
        "unsaturated": {
          "monounsaturated": {
            "total": "18.1 g",
            "omega9": {
              "total": "17.9 g",
              "oleicAcid": "17.9 g",
              "erucicAcid": "0 g"
            }
          },
          "polyunsaturated": {
            "total": "21.0 g",
            "omega3": {
              "total": "0.35 g",
              "ala": "0.35 g",
              "epa": "0 g",
              "dha": "0 g"
            },
            "omega6": {
              "total": "20.65 g",
              "linoleicAcid": "20.65 g",
              "arachidonicAcid": "0 g"
            }
          }
        },
        "trans": "0 g",
        "cholesterol": "0 mg"
      },
      "carbohydrates": {
        "total": "23.5 g",
        "simple": {
          "total": "0.3 g",
          "monosaccharides": {
            "glucose": "0.1 g",
            "fructose": "0.1 g",
            "galactose": "0.1 g"
          },
          "disaccharides": {
            "sucrose": "0.2 g",
            "lactose": "0 g",
            "maltose": "0 g"
          }
        },
        "complex": {
          "total": "23.2 g",
          "starches": "9.7 g",
          "fiber": {
            "total": "13.5 g",
            "soluble": "4.5 g",
            "insoluble": "9.0 g"
          },
          "glycogen": "0 g"
        }
      }
    },
    "micronutrients": {
      "vitamins": {
        "a": {
          "total": "3 µg",
          "retinol": "0 µg",
          "betaCarotene": "36 µg"
        },
        "b1": "0.812 mg",
        "b2": "0.254 mg",
        "b3": {
          "total": "4.64 mg",
          "niacin": "4.64 mg",
          "niacinamide": "0 mg"
        },
        "b4": "26.3 mg",
        "b5": "0.052 mg",
        "b6": "0.81 mg",
        "b7": "80.5 µg",
        "b8": "0 mg",
        "b9": "100 µg",
        "b12": "0 µg",
        "c": "0 mg",
        "d": "0 µg",
        "e": "0.75 mg",
        "k": "0 µg"
      },
      "minerals": {
        "as": "0 µg",
        "b": "0 mg",
        "ca": "1070 mg",
        "cl": "0 mg",
        "co": "0 µg",
        "cr": "0 µg",
        "cu": "4.2 mg",
        "f": "0 µg",
        "fe": "14.8 mg",
        "i": "0 µg",
        "k": "481 mg",
        "li": "0 µg",
        "mg": "362 mg",
        "mn": "2.53 mg",
        "mo": "0 µg",
        "na": "11 mg",
        "ni": "0 µg",
        "p": "647 mg",
        "rb": "0 µg",
        "s": "0 mg",
        "se": "35.4 µg",
        "si": "0 mg",
        "sr": "0 µg",
        "v": "0 µg",
        "zn": "7.8 mg"
      }
    }
  },
  "dietaryConsiderations": {
    "isVegetarian": true,
    "isGlutenFree": true,
    "isLactoseFree": true,
    "isVegan": true,
    "isKetogenic": false,
    "isWholeFoods": true,
    "isLowFodmap": true,
    "isPaleoFriendly": true,
    "isRaw": true
  },
  "allergens": [
    "Sezam"
  ],
  "nutriScore": "B"
}