{
  "productName": "Siemię lniane",
  "category": "Seeds",
  "glycemicIndex": "35",
  "glycemicLoad": "1",
  "caffeine": "0 mg",
  "salt": "0.03 g",
  "water": "6.96 g",
  "calories": "534 kcal",
  "servingSize": "100 g",
  "nutrients": {
    "macronutrients": {
      "proteins": {
        "total": "18.29 g",
        "animalBased": "0 g",
        "plantBased": "18.29 g",
        "aminoAcids": {
          "essential": {
            "histidine": "453 mg",
            "isoleucine": "897 mg",
            "leucine": "1241 mg",
            "lysine": "896 mg",
            "methionine": "408 mg",
            "phenylalanine": "907 mg",
            "threonine": "766 mg",
            "tryptophan": "297 mg",
            "valine": "1035 mg"
          },
          "nonEssential": {
            "alanine": "933 mg",
            "asparagine": "0 mg",
            "asparticAcid": "1983 mg",
            "glutamicAcid": "3880 mg"
          },
          "conditionallyEssential": {
            "arginine": "2030 mg",
            "cysteine": "375 mg",
            "glutamine": "0 mg",
            "tyrosine": "525 mg",
            "glycine": "1246 mg",
            "proline": "787 mg",
            "serine": "1005 mg"
          }
        }
      },
      "fats": {
        "total": "42.16 g",
        "saturated": {
          "total": "3.663 g",
          "lauricAcid": "0 g",
          "myristicAcid": "0.03 g",
          "palmiticAcid": "2.17 g",
          "stearicAcid": "1.46 g"
        },
        "unsaturated": {
          "monounsaturated": {
            "total": "7.527 g",
            "omega9": {
              "total": "7.36 g",
              "oleicAcid": "7.36 g",
              "erucicAcid": "0 g"
            }
          },
          "polyunsaturated": {
            "total": "28.73 g",
            "omega3": {
              "total": "22.813 g",
              "ala": "22.813 g",
              "epa": "0 g",
              "dha": "0 g"
            },
            "omega6": {
              "total": "5.903 g",
              "linoleicAcid": "5.903 g",
              "arachidonicAcid": "0 g"
            }
          }
        },
        "trans": "0.1 g",
        "cholesterol": "0 mg"
      },
      "carbohydrates": {
        "total": "28.88 g",
        "simple": {
          "total": "1.55 g",
          "monosaccharides": {
            "glucose": "0.37 g",
            "fructose": "0.29 g",
            "galactose": "0 g"
          },
          "disaccharides": {
            "sucrose": "0.89 g",
            "lactose": "0 g",
            "maltose": "0 g"
          }
        },
        "complex": {
          "total": "27.33 g",
          "starches": "0.33 g",
          "fiber": {
            "total": "27 g",
            "soluble": "11.61 g",
            "insoluble": "15.39 g"
          },
          "glycogen": "0 g"
        }
      }
    },
    "micronutrients": {
      "vitamins": {
        "a": {
          "total": "0 µg",
          "retinol": "0 µg",
          "betaCarotene": "0 µg"
        },
        "b1": "1.644 mg",
        "b2": "0.161 mg",
        "b3": {
          "total": "3.08 mg",
          "niacin": "3.08 mg",
          "niacinamide": "0 mg"
        },
        "b4": "78.7 mg",
        "b5": "0.985 mg",
        "b6": "0.473 mg",
        "b7": "0.6 µg",
        "b8": "0 mg",
        "b9": "87 µg",
        "b12": "0 µg",
        "c": "0.6 mg",
        "d": "0 µg",
        "e": "0.31 mg",
        "k": "4.3 µg"
      },
      "minerals": {
        "as": "0 µg",
        "b": "0 mg",
        "ca": "255 mg",
        "cl": "0 mg",
        "co": "0 µg",
        "cr": "0 µg",
        "cu": "1.22 mg",
        "f": "0 µg",
        "fe": "5.73 mg",
        "i": "0 µg",
        "k": "813 mg",
        "li": "0 µg",
        "mg": "392 mg",
        "mn": "2.482 mg",
        "mo": "0 µg",
        "na": "30 mg",
        "ni": "0 µg",
        "p": "642 mg",
        "rb": "0 µg",
        "s": "0 mg",
        "se": "25.4 µg",
        "si": "0 mg",
        "sr": "0 µg",
        "v": "0 µg",
        "zn": "4.34 mg"
      }
    }
  },
  "dietaryConsiderations": {
    "isVegetarian": true,
    "isGlutenFree": true,
    "isLactoseFree": true,
    "isVegan": true,
    "isKetogenic": false,
    "isWholeFoods": true,
    "isLowFodmap": false,
    "isPaleoFriendly": true,
    "isRaw": true
  },
  "allergens": [
    "Nasiona lnu"
  ],
  "nutriScore": "A"
}