{
  "productName": "Szczypiorek",
  "category": "Herbs",
  "glycemicIndex": "15",
  "glycemicLoad": "0",
  "caffeine": "0 mg",
  "salt": "0.003 g",
  "water": "90.65 g",
  "calories": "30 kcal",
  "servingSize": "100 g",
  "nutrients": {
    "macronutrients": {
      "proteins": {
        "total": "3.27 g",
        "animalBased": "0 g",
        "plantBased": "3.27 g",
        "aminoAcids": {
          "essential": {
            "histidine": "27 mg",
            "isoleucine": "103 mg",
            "leucine": "156 mg",
            "lysine": "130 mg",
            "methionine": "34 mg",
            "phenylalanine": "94 mg",
            "threonine": "88 mg",
            "tryptophan": "41 mg",
            "valine": "124 mg"
          },
          "nonEssential": {
            "alanine": "118 mg",
            "asparagine": "0 mg",
            "asparticAcid": "170 mg",
            "glutamicAcid": "208 mg"
          },
          "conditionallyEssential": {
            "arginine": "113 mg",
            "cysteine": "20 mg",
            "glutamine": "0 mg",
            "tyrosine": "66 mg",
            "glycine": "103 mg",
            "proline": "82 mg",
            "serine": "86 mg"
          }
        }
      },
      "fats": {
        "total": "0.73 g",
        "saturated": {
          "total": "0.091 g",
          "lauricAcid": "0 g",
          "myristicAcid": "0.001 g",
          "palmiticAcid": "0.069 g",
          "stearicAcid": "0.021 g"
        },
        "unsaturated": {
          "monounsaturated": {
            "total": "0.042 g",
            "omega9": {
              "total": "0.042 g",
              "oleicAcid": "0.042 g",
              "erucicAcid": "0 g"
            }
          },
          "polyunsaturated": {
            "total": "0.389 g",
            "omega3": {
              "total": "0.271 g",
              "ala": "0.271 g",
              "epa": "0 g",
              "dha": "0 g"
            },
            "omega6": {
              "total": "0.118 g",
              "linoleicAcid": "0.118 g",
              "arachidonicAcid": "0 g"
            }
          }
        },
        "trans": "0 g",
        "cholesterol": "0 mg"
      },
      "carbohydrates": {
        "total": "4.35 g",
        "simple": {
          "total": "1.85 g",
          "monosaccharides": {
            "glucose": "0.93 g",
            "fructose": "0.92 g",
            "galactose": "0 g"
          },
          "disaccharides": {
            "sucrose": "0 g",
            "lactose": "0 g",
            "maltose": "0 g"
          }
        },
        "complex": {
          "total": "2.5 g",
          "starches": "0 g",
          "fiber": {
            "total": "2.5 g",
            "soluble": "0.5 g",
            "insoluble": "2 g"
          },
          "glycogen": "0 g"
        }
      }
    },
    "micronutrients": {
      "vitamins": {
        "a": {
          "total": "218 µg",
          "retinol": "0 µg",
          "betaCarotene": "2612 µg"
        },
        "b1": "0.078 mg",
        "b2": "0.115 mg",
        "b3": {
          "total": "0.647 mg",
          "niacin": "0.647 mg",
          "niacinamide": "0 mg"
        },
        "b4": "5.3 mg",
        "b5": "0.324 mg",
        "b6": "0.138 mg",
        "b7": "0.6 µg",
        "b8": "0 mg",
        "b9": "105 µg",
        "b12": "0 µg",
        "c": "58.1 mg",
        "d": "0 µg",
        "e": "0.21 mg",
        "k": "212.7 µg"
      },
      "minerals": {
        "as": "0 µg",
        "b": "0 mg",
        "ca": "92 mg",
        "cl": "0 mg",
        "co": "0 µg",
        "cr": "3.2 µg",
        "cu": "0.15 mg",
        "f": "0 µg",
        "fe": "1.6 mg",
        "i": "0 µg",
        "k": "296 mg",
        "li": "0 µg",
        "mg": "42 mg",
        "mn": "0.373 mg",
        "mo": "1.2 µg",
        "na": "3 mg",
        "ni": "0 µg",
        "p": "58 mg",
        "rb": "0 µg",
        "s": "0 mg",
        "se": "0.9 µg",
        "si": "0 mg",
        "sr": "0 µg",
        "v": "0 µg",
        "zn": "0.56 mg"
      }
    }
  },
  "dietaryConsiderations": {
    "isVegetarian": true,
    "isGlutenFree": true,
    "isLactoseFree": true,
    "isVegan": true,
    "isKetogenic": true,
    "isWholeFoods": true,
    "isLowFodmap": true,
    "isPaleoFriendly": true,
    "isRaw": true
  },
  "allergens": [],
  "nutriScore": "A"
}