{
  "productName": "Winogrona",
  "category": "Fruits",
  "glycemicIndex": "53",
  "glycemicLoad": "7",
  "caffeine": "0 mg",
  "salt": "0.002 g",
  "water": "80.54 g",
  "calories": "69 kcal",
  "servingSize": "100 g",
  "nutrients": {
    "macronutrients": {
      "proteins": {
        "total": "0.72 g",
        "animalBased": "0 g",
        "plantBased": "0.72 g",
        "aminoAcids": {
          "essential": {
            "histidine": "15 mg",
            "isoleucine": "21 mg",
            "leucine": "40 mg",
            "lysine": "29 mg",
            "methionine": "8 mg",
            "phenylalanine": "24 mg",
            "threonine": "26 mg",
            "tryptophan": "6 mg",
            "valine": "28 mg"
          },
          "nonEssential": {
            "alanine": "26 mg",
            "asparagine": "0 mg",
            "asparticAcid": "132 mg",
            "glutamicAcid": "88 mg"
          },
          "conditionallyEssential": {
            "arginine": "31 mg",
            "cysteine": "6 mg",
            "glutamine": "0 mg",
            "tyrosine": "17 mg",
            "glycine": "27 mg",
            "proline": "21 mg",
            "serine": "28 mg"
          }
        }
      },
      "fats": {
        "total": "0.16 g",
        "saturated": {
          "total": "0.054 g",
          "lauricAcid": "0 g",
          "myristicAcid": "0 g",
          "palmiticAcid": "0.044 g",
          "stearicAcid": "0.01 g"
        },
        "unsaturated": {
          "monounsaturated": {
            "total": "0.007 g",
            "omega9": {
              "total": "0.007 g",
              "oleicAcid": "0.007 g",
              "erucicAcid": "0 g"
            }
          },
          "polyunsaturated": {
            "total": "0.048 g",
            "omega3": {
              "total": "0.024 g",
              "ala": "0.024 g",
              "epa": "0 g",
              "dha": "0 g"
            },
            "omega6": {
              "total": "0.024 g",
              "linoleicAcid": "0.024 g",
              "arachidonicAcid": "0 g"
            }
          }
        },
        "trans": "0 g",
        "cholesterol": "0 mg"
      },
      "carbohydrates": {
        "total": "18.1 g",
        "simple": {
          "total": "15.48 g",
          "monosaccharides": {
            "glucose": "7.2 g",
            "fructose": "8.13 g",
            "galactose": "0 g"
          },
          "disaccharides": {
            "sucrose": "0.15 g",
            "lactose": "0 g",
            "maltose": "0 g"
          }
        },
        "complex": {
          "total": "2.62 g",
          "starches": "0.03 g",
          "fiber": {
            "total": "0.9 g",
            "soluble": "0.3 g",
            "insoluble": "0.6 g"
          },
          "glycogen": "0 g"
        }
      }
    },
    "micronutrients": {
      "vitamins": {
        "a": {
          "total": "3 µg",
          "retinol": "0 µg",
          "betaCarotene": "39 µg"
        },
        "b1": "0.069 mg",
        "b2": "0.07 mg",
        "b3": {
          "total": "0.188 mg",
          "niacin": "0.188 mg",
          "niacinamide": "0 mg"
        },
        "b4": "5.6 mg",
        "b5": "0.05 mg",
        "b6": "0.086 mg",
        "b7": "0.2 µg",
        "b8": "0 mg",
        "b9": "2 µg",
        "b12": "0 µg",
        "c": "3.2 mg",
        "d": "0 µg",
        "e": "0.19 mg",
        "k": "14.6 µg"
      },
      "minerals": {
        "as": "0 µg",
        "b": "0 mg",
        "ca": "10 mg",
        "cl": "0 mg",
        "co": "0 µg",
        "cr": "0 µg",
        "cu": "0.127 mg",
        "f": "0 µg",
        "fe": "0.36 mg",
        "i": "0 µg",
        "k": "191 mg",
        "li": "0 µg",
        "mg": "7 mg",
        "mn": "0.071 mg",
        "mo": "0 µg",
        "na": "2 mg",
        "ni": "0 µg",
        "p": "20 mg",
        "rb": "0 µg",
        "s": "0 mg",
        "se": "0.1 µg",
        "si": "0 mg",
        "sr": "0 µg",
        "v": "0 µg",
        "zn": "0.07 mg"
      }
    }
  },
  "dietaryConsiderations": {
    "isVegetarian": true,
    "isGlutenFree": true,
    "isLactoseFree": true,
    "isVegan": true,
    "isKetogenic": false,
    "isWholeFoods": true,
    "isLowFodmap": false,
    "isPaleoFriendly": true,
    "isRaw": true
  },
  "allergens": [],
  "nutriScore": "B"
}