{
  "productName": "Wędlina drobiowa",
  "category": "Processed Meats",
  "glycemicIndex": "0",
  "glycemicLoad": "0",
  "caffeine": "0 mg",
  "salt": "1.2 g",
  "water": "75.5 g",
  "calories": "95 kcal",
  "servingSize": "100 g",
  "nutrients": {
    "macronutrients": {
      "proteins": {
        "total": "20.5 g",
        "animalBased": "20.5 g",
        "plantBased": "0 g",
        "aminoAcids": {
          "essential": {
            "histidine": "550 mg",
            "isoleucine": "1025 mg",
            "leucine": "1640 mg",
            "lysine": "1845 mg",
            "methionine": "512 mg",
            "phenylalanine": "820 mg",
            "threonine": "922 mg",
            "tryptophan": "246 mg",
            "valine": "1066 mg"
          },
          "nonEssential": {
            "alanine": "1230 mg",
            "asparagine": "0 mg",
            "asparticAcid": "1845 mg",
            "glutamicAcid": "3075 mg"
          },
          "conditionallyEssential": {
            "arginine": "1230 mg",
            "cysteine": "307 mg",
            "glutamine": "0 mg",
            "tyrosine": "717 mg",
            "glycine": "1230 mg",
            "proline": "1025 mg",
            "serine": "820 mg"
          }
        }
      },
      "fats": {
        "total": "2.0 g",
        "saturated": {
          "total": "0.6 g",
          "lauricAcid": "0 g",
          "myristicAcid": "0.01 g",
          "palmiticAcid": "0.4 g",
          "stearicAcid": "0.19 g"
        },
        "unsaturated": {
          "monounsaturated": {
            "total": "0.8 g",
            "omega9": {
              "total": "0.75 g",
              "oleicAcid": "0.75 g",
              "erucicAcid": "0 g"
            }
          },
          "polyunsaturated": {
            "total": "0.5 g",
            "omega3": {
              "total": "0.06 g",
              "ala": "0.06 g",
              "epa": "0 g",
              "dha": "0 g"
            },
            "omega6": {
              "total": "0.44 g",
              "linoleicAcid": "0.44 g",
              "arachidonicAcid": "0 g"
            }
          }
        },
        "trans": "0.02 g",
        "cholesterol": "40 mg"
      },
      "carbohydrates": {
        "total": "0.5 g",
        "simple": {
          "total": "0.2 g",
          "monosaccharides": {
            "glucose": "0.1 g",
            "fructose": "0.1 g",
            "galactose": "0 g"
          },
          "disaccharides": {
            "sucrose": "0 g",
            "lactose": "0 g",
            "maltose": "0 g"
          }
        },
        "complex": {
          "total": "0.3 g",
          "starches": "0.3 g",
          "fiber": {
            "total": "0 g",
            "soluble": "0 g",
            "insoluble": "0 g"
          },
          "glycogen": "0 g"
        }
      }
    },
    "micronutrients": {
      "vitamins": {
        "a": {
          "total": "3 µg",
          "retinol": "3 µg",
          "betaCarotene": "0 µg"
        },
        "b1": "0.06 mg",
        "b2": "0.18 mg",
        "b3": {
          "total": "7.0 mg",
          "niacin": "7.0 mg",
          "niacinamide": "0 mg"
        },
        "b4": "70 mg",
        "b5": "0.9 mg",
        "b6": "0.35 mg",
        "b7": "3.0 µg",
        "b8": "0 mg",
        "b9": "6 µg",
        "b12": "0.6 µg",
        "c": "0 mg",
        "d": "0.1 µg",
        "e": "0.2 mg",
        "k": "1.0 µg"
      },
      "minerals": {
        "as": "0 µg",
        "b": "0 mg",
        "ca": "12 mg",
        "cl": "0 mg",
        "co": "0 µg",
        "cr": "0 µg",
        "cu": "0.06 mg",
        "f": "0 µg",
        "fe": "0.8 mg",
        "i": "5 µg",
        "k": "300 mg",
        "li": "0 µg",
        "mg": "25 mg",
        "mn": "0.02 mg",
        "mo": "0 µg",
        "na": "470 mg",
        "ni": "0 µg",
        "p": "230 mg",
        "rb": "0 µg",
        "s": "0 mg",
        "se": "18 µg",
        "si": "0 mg",
        "sr": "0 µg",
        "v": "0 µg",
        "zn": "1.2 mg"
      }
    }
  },
  "dietaryConsiderations": {
    "isVegetarian": false,
    "isGlutenFree": true,
    "isLactoseFree": true,
    "isVegan": false,
    "isKetogenic": true,
    "isWholeFoods": false,
    "isLowFodmap": true,
    "isPaleoFriendly": false,
    "isRaw": false
  },
  "allergens": [
    "Może zawierać śladowe ilości soi"
  ],
  "nutriScore": "B"
}