{
  "recipeName": "Jogurt z owocami",
  "subRecipes": [
    {
      "name": "Jogurt z owocami",
      "description": "1. Jabłko kroimy w kostkę, następnie układamy w miseczce.\n2. Polewamy jogurtem, na wierzch układamy plastry banana.",
      "ingredients": [
        {
          "name": "Skyr naturalny",
          "brand": "Pilos",
          "amount": "150 g"
        },
        {
          "name": "Banan",
          "amount": "60 g"
        },
        {
          "name": "Jabłko",
          "amount": "75 g"
        }
      ]
    }
  ]
}