{
  "recipeName": "Bajgiel z kremowym sosem",
  "subRecipes": [
    {
      "name": "Bajgiel",
      "description": "Pieczywo przekrajamy na pół. Następnie grillujemy pieczywo razem z serem na suchej, dobrze rozgrzanej patelni grillowej (możemy użyć zwykłej patelni).\nPieczywo smarujemy przygotowanym sosem, następnie układamy grillowany ser, plasterki pomidora oraz rukolę. Składamy kanapkę.",
      "ingredients": [
        {
          "name": "Bajgiel z sezamem",
          "amount": "75 g"
        },
        {
          "name": "Ser halloumi",
          "amount": "75 g"
        },
        {
          "name": "Rukola",
          "amount": "20 g"
        },
        {
          "name": "Pomidory",
          "amount": "40 g"
        }
      ]
    },
    {
      "name": "Sos",
      "description": "W kielichu blendera umieszczamy awokado, miód, musztardę oraz czosnek przeciśnięty przez praskę. Całość blendujemy na gładką masę. Doprawiamy solą oraz pieprzem wedle uznania.",
      "ingredients": [
        {
          "name": "Awokado",
          "amount": "20 g"
        },
        {
          "name": "Miód",
          "amount": "6 g"
        },
        {
          "name": "Musztarda",
          "amount": "10 g"
        },
        {
          "name": "Czosnek",
          "amount": "3 g"
        },
        {
          "name": "Sól",
          "brand": "Słodkie Zdrowie",
          "amount": "0.25 g"
        },
        {
          "name": "Pieprz czarny mielony",
          "amount": "0,25 g"
        }
      ]
    }
  ],
  "imageUrl": "https://mwrzosek-prod-wp-static.s3.eu-central-1.amazonaws.com/wp-content/uploads/2024/06/04140003/bajgiel.png",
  "comment": "TODO: TYMCZASOWA DEFINICJA PRZEPISU - UZUPELNIC ZGODNIE Z ORYGINALNYM PRZEPISEM NA STRONIE RESPO!!!",
  "source": "https://centrumrespo.pl/"
}