{
  "recipeName": "Bananowo-malinowy koktajl z sezamem",
  "subRecipes": [
    {
      "name": "Bananowo-malinowy koktajl z sezamem",
      "description": "Wszystkie składniki umieścić w naczyniu i zblendować do uzyskania jednolitej konsystencji. W razie potrzeby dodać wody.",
      "ingredients": [
        {
          "name": "Banan",
          "amount": "120 g"
        },
        {
          "name": "Skyr naturalny",
          "brand": "Pilos",
          "amount": "150 g"
        },
        {
          "name": "Maliny",
          "brand": "Freshona",
          "amount": "70 g"
        },
        {
          "name": "Odżywka białkowa",
          "brand": "Amix",
          "amount": "30 g"
        },
        {
          "name": "Otręby owsiane",
          "amount": "20 g"
        },
        {
          "name": "Sezam biały",
          "brand": "Słodkie Zdrowie",
          "amount": "20 g"
        }
      ]
    }
  ]
}