{
  "recipeName": "Bananowe placuszki z mąki owsianej (Wrzosek)",
  "subRecipes": [
    {
      "name": "Płatki owsiane",
      "brand": "Crownfield",
      "description": "Płatki owsiane miksujemy na mąkę. Możemy również użyć gotowej mąki owsianej.",
      "ingredients": [
        {
          "name": "Płatki owsiane",
          "brand": "Crownfield",
          "amount": "35 g"
        }
      ]
    },
    {
      "name": "Masa",
      "description": "Dojrzałego banana rozgniatamy za pomocą widelca i mieszamy razem ze skyrem i mąką owsianą.",
      "ingredients": [
        {
          "name": "Banan",
          "amount": "60 g"
        },
        {
          "name": "Skyr naturalny",
          "brand": "Pilos",
          "amount": "75 g"
        }
      ]
    },
    {
      "name": "Smażenie",
      "description": "Na patelni rozgrzewamy oliwę. Zmniejszamy moc palnik i za pomocą łyżki wykładamy porcje placuszków. Przykrywamy patelnię pokrywką i na wolny ogniu smażymy placuszki do ścięcia masy. Gdy masa będzie już ścięta, a spodnia warstwa zarumieniona, obracamy placuszki za pomocą płaskiej szpatułki i smażymy do zarumienienia drugiej strony.",
      "ingredients": [
        {
          "name": "Oliwa z oliwek",
          "brand": "Catapano",
          "amount": "5 g"
        }
      ]
    },
    {
      "name": "Placuszki",
      "description": "Gotowe placuszki przekładamy na talerz i podajemy z jogurtem, orzechami i owocami.",
      "ingredients": [
        {
          "name": "Jogurt naturalny",
          "brand": "Pilos",
          "amount": "100 g"
        },
        {
          "name": "Orzechy włoskie",
          "brand": "Alesto",
          "amount": "15 g"
        },
        {
          "name": "Maliny",
          "brand": "Freshona",
          "amount": "100 g"
        }
      ]
    }
  ]
}
