{
  "recipeName": "Borówkowa owsianka na zimno",
  "subRecipes": [
    {
      "name": "Borówkowa owsianka na zimno",
      "description": "Do miseczki wsypujemy płatki, nasiona, orzechy. Zalewamy napojem migdałowym i mieszamy. Dodajemy owoce, jogurt, cynamon, mieszamy. Całość wkładamy do lodówki na kilka godzin, najlepiej na całą noc.",
      "ingredients": [
        {
          "name": "Płatki owsiane",
          "brand": "Crownfield",
          "amount": "50 g"
        },
        {
          "name": "Nasiona chia",
          "brand": "Słodkie Zdrowie",
          "amount": "5 g"
        },
        {
          "name": "Orzechy włoskie",
          "brand": "Alesto",
          "amount": "10 g"
        },
        {
          "name": "Napój migdałowy",
          "amount": "125 g"
        },
        {
          "name": "Borówki amerykańskie",
          "brand": "Lidl",
          "amount": "25 g"
        },
        {
          "name": "Jogurt naturalny",
          "brand": "Pilos",
          "amount": "20 g"
        },
        {
          "name": "Cynamon mielony",
          "amount": "1 g"
        }
      ]
    }
  ]
}