{
  "recipeName": "Burgery drobiowe z ziemniakami",
  "subRecipes": [
    {
      "name": "Burgery drobiowe",
      "description": "Mięso z indyka zmielić. Dodać odrobinę wody i wyrobić w dłoniach. Na tłuszczu zeszklić posieką cebulę. Cukinię zetrzeć na tarce i pokroić drobno por, a pietruszkę posiekać. Wymieszać mięso z resztą składników i przyprawami. Uformować kotlety i włożyć do piekarnika rozgrzanego do 180 stopni na około 20 minut.",
      "ingredients": [
        {
          "name": "Mięso mielone z indyka",
          "amount": "175 g"
        },
        {
          "name": "Cebula",
          "amount": "50 g"
        },
        {
          "name": "Cukinia",
          "amount": "50 g"
        },
        {
          "name": "Por",
          "amount": "50 g"
        },
        {
          "name": "Natka pietruszki świeża",
          "amount": "10 g"
        },
        {
          "name": "Jajko kurze",
          "amount": "1 szt."
        },
        {
          "name": "Oliwa z oliwek",
          "brand": "Catapano",
          "amount": "5 g"
        },
        {
          "name": "Sól",
          "brand": "Słodkie Zdrowie",
          "amount": "0,2 g"
        },
        {
          "name": "Pieprz czarny mielony",
          "amount": "0,2 g"
        },
        {
          "name": "Kolendra nasiona",
          "amount": "2 g"
        }
      ]
    },
    {
      "name": "Ziemniaki",
      "description": "Ziemniaki obrać i ugotować w wodzie do miękkości.",
      "ingredients": [
        {
          "name": "Ziemniaki",
          "amount": "150 g"
        }
      ]
    },
    {
      "name": "Gotowe burgery",
      "description": "Przełożyć kotlety z pokrojonym pomidorem, liśćmi sałaty i musztardą. Podawać z ugotowanymi ziemniakami.",
      "ingredients": [
        {
          "name": "Musztarda",
          "amount": "20 g"
        },
        {
          "name": "Sałata lodowa",
          "amount": "40 g"
        },
        {
          "name": "Pomidory",
          "amount": "80 g"
        }
      ]
    }
  ]
}