{
  "recipeName": "Carpaccio z buraka (Tomek)",
  "subRecipes": [
    {
      "name": "Carpaccio z buraka",
      "description": "Buraka ugotować i pokroć w cieniutkie plasterki. Ułożyć na talerzu. Posypać rukolą, uprażonymi ziarnami słonecznika i pestkami dyni, pokruszoną feta i winogronami. Skropić odrobiną oliwy i octu balsamicznego. Doprawić wedle uznania.",
      "ingredients": [
        {
          "name": "Burak",
          "amount": "150 g"
        },
        {
          "name": "Feta",
          "amount": "100 g"
        },
        {
          "name": "Pestki dyni",
          "brand": "Alesto",
          "amount": "15 g"
        },
        {
          "name": "Rukola",
          "brand": "Ryneczek Lidla",
          "amount": "20 g"
        },
        {
          "name": "Oliwa z oliwek",
          "brand": "Catapano",
          "amount": "5 g"
        },
        {
          "name": "Nasiona słonecznika",
          "brand": "Alesto",
          "amount": "15 g"
        },
        {
          "name": "Ocet balsamiczny",
          "amount": "10 g"
        },
        {
          "name": "Winogrona",
          "amount": "100 g"
        }
      ]
    }
  ]
}