{
  "recipeName": "Chianka z malinami i czekoladą",
  "subRecipes": [
    {
      "name": "Chianka z malinami i czekoladą",
      "description": "Nasiona chia wymieszać dokładnie jogurtem, płatkami, wodą i odstawić na ok. 3 godziny do lodówki (można przygotować dzień wcześniej i odstawić na całą noc do lodówki). Następnie dodać pozostałe składniki.",
      "ingredients": [
        {
          "name": "Płatki owsiane",
          "brand": "Crownfield",
          "amount": "30 g"
        },
        {
          "name": "Jogurt naturalny",
          "brand": "Pilos",
          "amount": "20 g"
        },
        {
          "name": "Nasiona chia",
          "brand": "Słodkie Zdrowie",
          "amount": "25 g"
        },
        {
          "name": "Woda",
          "amount": "50 g"
        },
        {
          "name": "Maliny",
          "brand": "Freshona",
          "amount": "150 g"
        },
        {
          "name": "Czekolada gorzka",
          "brand": "Wawel",
          "amount": "20 g"
        }
      ]
    }
  ]
}
