{
  "recipeName": "Chleb graham z szynką i warzywami, jajka gotowane",
  "subRecipes": [
    {
      "name": "Chleb graham z szynką i warzywami, jajka gotowane",
      "description": "Chleb posmarować hummusem, nałożyć sałatę, szynkę i plasterki pomidora. Jajka ugotować na twardo i zjeść z kanapkami.",
      "ingredients": [
        {
          "name": "Chleb żytni",
          "amount": "60 g"
        },
        {
          "name": "Hummus",
          "brand": "Vemondo",
          "amount": "30 g"
        },
        {
          "name": "Sałata",
          "amount": "10 g"
        },
        {
          "name": "Wędlina drobiowa",
          "brand": "Pikok (Piratki)",
          "amount": "40 g"
        },
        {
          "name": "Pomidory",
          "amount": "80 g"
        },
        {
          "name": "Jajko kurze",
          "amount": "2 szt."
        }
      ]
    }
  ]
}