{
  "recipeName": "Chleb z hummusem, rukolą i papryką",
  "subRecipes": [
    {
      "name": "Chleb z hummusem, rukolą i papryką",
      "description": "Chleb posmaruj hummusem, połóż, rukolę i plastry papryki.",
      "ingredients": [
        {
          "name": "Chleb żytni",
          "amount": "60 g"
        },
        {
          "name": "Hummus",
          "brand": "Vemondo",
          "amount": "45 g"
        },
        {
          "name": "Rukola",
          "brand": "Ryneczek Lidla",
          "amount": "10 g"
        },
        {
          "name": "Papryka czerwona",
          "amount": "60 g"
        }
      ]
    }
  ]
}