{
  "recipeName": "Chrupiąca tortilla",
  "subRecipes": [
    {
      "name": "Chrupiąca tortilla",
      "description": "Placek posmarować serkiem, na środku wzdłuż rozłożyć pociętą na paski szynkę, ogórka i paprykę. Posypujemy posiekaną pietruszką i uprażonymi wcześniej na suchej patelni pestkami dyni i słonecznika. Zawijać ciasno i pokroić skośnie na mniejsze porcje.",
      "ingredients": [
        {
          "name": "Tortilla pełnoziarnista",
          "brand": "Snack Day",
          "amount": "1 szt."
        },
        {
          "name": "Serek śmietankowy",
          "brand": "Pilos",
          "amount": "40 g"
        },
        {
          "name": "Wędlina drobiowa",
          "brand": "Pikok (Piratki)",
          "amount": "60 g"
        },
        {
          "name": "Ogórek",
          "amount": "100 g"
        },
        {
          "name": "Papryka czerwona",
          "amount": "120 g"
        },
        {
          "name": "Natka pietruszki świeża",
          "amount": "10 g"
        },
        {
          "name": "Pestki dyni",
          "brand": "Alesto",
          "amount": "10 g"
        },
        {
          "name": "Nasiona słonecznika",
          "brand": "Alesto",
          "amount": "5 g"
        }
      ]
    }
  ]
}