{
  "recipeName": "Deser a'la 3 bit",
  "subRecipes": [
    {
      "name": "Deser a'la 3 bit",
      "description": "\n1. 2/3 mleka zagotowujemy. W pozostałym mleku rozpuszczamy skrobię ziemniaczaną.\n2. Gdy mleko będzie wrzeć, dodajemy mleko ze skrobią ziemniaczaną, intensywnie mieszamy i gotujemy 1-2 minuty. Dodajemy erytrol oraz ekstrakt waniliowy, mieszamy. Ilość erytrolu dostosowujemy do własnych preferencji. Studzimy budyń.\n3. Do miseczki/szklanki/pudełka wkładamy połowę herbatników pełnoziarnistych (mogą być w całości lub pokruszone).\n4. Na herbatniki pełnoziarniste wykładamy budyń, wykładamy pozostałe herbatniki pełnoziarniste i pudding.\n5. Wierzch posypujemy startą czekoladą.",
      "ingredients": [
        {
          "name": "Ciastka Jabłkowe Dynia Gryka",
          "brand": "Sondey",
          "amount": "200 g"
        },
        {
          "name": "Mleko 2%",
          "brand": "Pilos",
          "amount": "375 g"
        },
        {
          "name": "Skrobia ziemniaczana",
          "amount": "30 g"
        },
        {
          "name": "Wanilia ekstrakt",
          "amount": "1.5 g"
        },
        {
          "name": "Pudding proteinowy - smak karmel",
          "brand": "Pilos",
          "amount": "200 g"
        },
        {
          "name": "Czekolada gorzka",
          "brand": "Wawel",
          "amount": "40 g"
        }
      ]
    }
  ],
  "imageUrl": "https://mwrzosek-prod-wp-static.s3.eu-central-1.amazonaws.com/wp-content/uploads/2023/05/29131844/3bit.png",
  "comment": "TODO: TYMCZASOWA DEFINICJA PRZEPISU - UZUPELNIC ZGODNIE Z ORYGINALNYM PRZEPISEM NA STRONIE RESPO!!!",
  "source": "https://centrumrespo.pl/"
}