{
  "recipeName": "Dorsz smażony ze szpinakiem i ziemniakami",
  "subRecipes": [
    {
      "name": "Dorsz",
      "description": "Rybę obsypać ulubionymi ziołami i usmażyć na patelni z obu stron.",
      "ingredients": [
        {
          "name": "Oliwa z oliwek",
          "brand": "Catapano",
          "amount": "15 g"
        },
        {
          "name": "Filet z dorsza",
          "amount": "150 g"
        }
      ]
    },
    {
      "name": "Szpinak",
      "brand": "Ryneczek Lidla",
      "description": "Szpinak umyć, osuszyć. Na patelni rozgrzać oliwę, wrzucić szpinak, przeciśnięty przez praskę czosnek i dusić do miękkości, doprawić do smaku solą i pieprzem.",
      "ingredients": [
        {
          "name": "Oliwa z oliwek",
          "brand": "Catapano",
          "amount": "5 g"
        },
        {
          "name": "Szpinak",
          "brand": "Ryneczek Lidla",
          "amount": "75 g"
        },
        {
          "name": "Czosnek",
          "amount": "5 g"
        },
        {
          "name": "Sól",
          "brand": "Słodkie Zdrowie",
          "amount": "0.2 g"
        },
        {
          "name": "Pieprz czarny mielony",
          "amount": "0.2 g"
        }
      ]
    },
    {
      "name": "Ziemniaki",
      "description": "Ziemniaki umyć, obrać i ugotować w wodzie z dodatkiem soli.",
      "ingredients": [
        {
          "name": "Sól",
          "brand": "Słodkie Zdrowie",
          "amount": "0.2 g"
        },
        {
          "name": "Ziemniaki",
          "amount": "400 g"
        }
      ]
    }
  ]
}
