{
  "recipeName": "Energetyczny koktajl mleczny",
  "subRecipes": [
    {
      "name": "Energetyczny koktajl mleczny",
      "description": "Z pomarańczy wycisnąć sok. Wszystkie składniki zmiksować na jednolitą konsystencję. Podawać tuż po przyrządzeniu.",
      "ingredients": [
        {
          "name": "Skyr naturalny",
          "brand": "Pilos",
          "amount": "150 g"
        },
        {
          "name": "Mleko 2%",
          "brand": "Pilos",
          "amount": "110 g"
        },
        {
          "name": "Banan",
          "amount": "120 g"
        },
        {
          "name": "Pomarańcza",
          "amount": "150 g"
        },
        {
          "name": "Pestki dyni",
          "brand": "Alesto",
          "amount": "15 g"
        }
      ]
    }
  ]
}