{
  "recipeName": "Filet z kurczaka pieczony, ziemniaki, duszona kapusta",
  "subRecipes": [
    {
      "name": "Duszona kapusta",
      "description": "Kapustę poszatkować. W garnku o grubym dnie rozgrzać olej i wrzucić pokrojoną w kostkę cebulę. Smażyć około 5 minut, aż delikatnie się przyrumieni. Następnie dodać kapustę, szczyptę soli, pieprz i podlać wszystko wodą. Delikatnie zamieszać i dusić pod przykryciem na wolnym ogniu mieszać od czasu do czasu mieszając (około 20 minut). Pod koniec dodać cząber, posiekany koperek i dusić jeszcze parę minut. Doprawić solą i pieprzem do smaku.",
      "ingredients": [
        {
          "name": "Cebula",
          "amount": "25 g"
        },
        {
          "name": "Cząber suszony",
          "amount": "3 g"
        },
        {
          "name": "Kapusta biała",
          "amount": "150 g"
        },
        {
          "name": "Koperek świeży",
          "amount": "5 g"
        },
        {
          "name": "Olej rzepakowy",
          "brand": "Kujawski",
          "amount": "10 g"
        },
        {
          "name": "Pieprz czarny mielony",
          "amount": "0,2 g"
        },
        {
          "name": "Sól",
          "brand": "Słodkie Zdrowie",
          "amount": "0,2 g"
        },
        {
          "name": "Woda",
          "amount": "110 g"
        }
      ]
    },
    {
      "name": "Filet z kurczaka pieczony",
      "description": "Fileta umyć, oczyścić, natrzeć oliwą i przyprawami. Przełożyć do naczynia żaroodpornego i piec w nagrzanym do 200 stopni piekarniku około 20 minut.",
      "ingredients": [
        {
          "name": "Filet z kurczaka",
          "amount": "200 g"
        },
        {
          "name": "Oliwa z oliwek",
          "brand": "Catapano",
          "amount": "5 g"
        },
        {
          "name": "Przyprawa do kurczaka",
          "amount": "3 g"
        }
      ]
    },
    {
      "name": "Ziemniaki",
      "description": "Ziemniaki obrać, umyć i ugotować w wodzie z dodatkiem soli.",
      "ingredients": [
        {
          "name": "Ziemniaki",
          "amount": "300 g"
        }
      ]
    }
  ]
}
