{
  "recipeName": "Filet z indyka w jaglanej panierce, ryż, bukiet warzyw",
  "subRecipes": [
    {
      "name": "Bukiet warzyw",
      "description": "Warzywa ugotować na parze lub w wodzie.",
      "ingredients": [
        {
          "name": "Warzywa wiosenne mrożone",
          "amount": "200 g"
        }
      ]
    },
    {
      "name": "Mięso",
      "description": "Mąkę jaglaną wymieszać z posieką pietruszką i pieprzem. Mięso delikatnie rozbić, doprawić i namoczyć w rozmieszanym jajku, następnie w przygotowanej panierce. Smażyć na oliwie z oliwek z obu stron.",
      "ingredients": [
        {
          "name": "Mąka jaglana",
          "amount": "30 g"
        },
        {
          "name": "Natka pietruszki świeża",
          "amount": "5 g"
        },
        {
          "name": "Pieprz czarny mielony",
          "amount": "0,2 g"
        },
        {
          "name": "Filet z indyka",
          "amount": "150 g"
        },
        {
          "name": "Jajko kurze",
          "amount": "1 szt."
        },
        {
          "name": "Oliwa z oliwek",
          "brand": "Catapano",
          "amount": "10 g"
        }
      ]
    },
    {
      "name": "Ryż",
      "description": "Ryż ugotować według instrukcji na opakowaniu.",
      "ingredients": [
        {
          "name": "Ryż brązowy",
          "brand": "Kuchnia Lidla",
          "amount": "25 g"
        }
      ]
    }
  ]
}
