{
  "recipeName": "Fioletowy koktajl",
  "subRecipes": [
    {
      "name": "Fioletowy koktajl",
      "description": "Wszystkie składniki zblendować.",
      "ingredients": [
        {
          "name": "Banan",
          "amount": "120 g"
        },
        {
          "name": "Jagody",
          "amount": "65 g"
        },
        {
          "name": "Napój sojowy",
          "amount": "220 g"
        },
        {
          "name": "Nasiona chia",
          "brand": "Słodkie Zdrowie",
          "amount": "30 g"
        },
        {
          "name": "Odżywka białkowa",
          "brand": "Amix",
          "amount": "30 g"
        }
      ]
    }
  ]
}