{
  "recipeName": "Fit Monte",
  "subRecipes": [
    {
      "name": "Fit Monte",
      "description": "1. Kaszę zalewamy wodą w proporcji 2:1. Gotujemy ma małym ogniu do miękkości. Jeśli kasza wchłonie za dużo płynu, dolewamy kolejną porcję do uzyskania ulubionej konsystencji.\n2. Kaszę mieszamy z mascarpone, dodajemy do smaku erytrol, możemy dodać kropelkę aromatu śmietankowego. Odstawiamy do przestudzenia.\n3. Orzechy prażymy na rozgrzanej patelni do momentu, aż skórka stanie się lekko przyrumieniona. Przekładamy na ściereczkę i mocno pocieramy, aby jak najwięcej łupinek zeszło z orzechów. Uważamy, żeby się nie poparzyć!\n4. Orzechy blendujemy w blenderze.\n5. Pudding mieszamy z orzechami.\n 6. W miseczce układamy warstwami białą i czekoladową masę. Jemy z owocami. Smacznego!",
      "ingredients": [
        {
          "name": "Kasza manna",
          "amount": "45 g"
        },
        {
          "name": "Mascarpone",
          "amount": "10 g"
        },
        {
          "name": "Orzechy laskowe",
          "brand": "Alesto",
          "amount": "15 g"
        },
        {
          "name": "Pudding proteinowy o smaku czekoladowym",
          "amount": "200 g"
        },
        {
          "name": "Borówki amerykańskie",
          "amount": "100 g"
        }
      ]
    }
  ],
  "imageUrl": "https://mwrzosek-prod-wp-static.s3.eu-central-1.amazonaws.com/wp-content/uploads/2018/02/17232623/monte.png",
  "comment": "TODO: TYMCZASOWA DEFINICJA PRZEPISU - UZUPELNIC ZGODNIE Z ORYGINALNYM PRZEPISEM NA STRONIE RESPO!!!",
  "source": "https://centrumrespo.pl/"
}