{
  "recipeName": "Grillowany filet, kasza jaglana, kapusta kiszona z olejem lnianym",
  "subRecipes": [
    {
      "name": "Grillowany filet z kurczaka",
      "description": "Mięso rozbić delikatnie tłuczkiem na cienki płat, posypać przyprawą do drobiu. Grillować na rozgrzanym oleju z obu stron.",
      "ingredients": [
        {
          "name": "Olej rzepakowy",
          "brand": "Kujawski",
          "amount": "5 g"
        },
        {
          "name": "Filet z kurczaka",
          "amount": "140 g"
        },
        {
          "name": "Przyprawa do kurczaka",
          "amount": "3 g"
        }
      ]
    },
    {
      "name": "Kapusta kiszona z olejm lnianym",
      "description": "Kapustę pokroić, przełożyć na talerz i polać olejem lnianym.",
      "ingredients": [
        {
          "name": "Kapusta kiszona",
          "amount": "150 g"
        },
        {
          "name": "Olej lniany",
          "amount": "7 g"
        }
      ]
    },
    {
      "name": "Kasza jaglana",
      "description": "Kaszę ugotować według przepisu na opakowaniu.",
      "ingredients": [
        {
          "name": "Kasza jaglana",
          "amount": "75 g"
        }
      ]
    }
  ]
}