{
  "recipeName": "Gyros na parze z ryżem, warzywami i sosem czosnkowym, owoc",
  "subRecipes": [
    {
      "name": "Gyros na parze",
      "description": "Oliwę połączyć z mieszanką przypraw i czosnkiem przeciśniętym przez praskę. Kurczaka pokroić, natrzeć marynatą i gotować na parze. Podawać z ryżem, warzywami i sosem czosnkowym.",
      "ingredients": [
        {
          "name": "Cynamon mielony",
          "amount": "3 g"
        },
        {
          "name": "Czosnek",
          "amount": "5 g"
        },
        {
          "name": "Filet z kurczaka",
          "amount": "150 g"
        },
        {
          "name": "Oliwa z oliwek",
          "brand": "Catapano",
          "amount": "10 g"
        },
        {
          "name": "Papryka ostra mielona",
          "amount": "3 g"
        },
        {
          "name": "Papryka słodka mielona",
          "amount": "3 g"
        },
        {
          "name": "Pieprz ziołowy mielony",
          "amount": "4 g"
        },
        {
          "name": "Curry mielone",
          "amount": "3 g"
        },
        {
          "name": "Gałka muszkatołowa mielona",
          "amount": "3 g"
        },
        {
          "name": "Sól",
          "brand": "Słodkie Zdrowie",
          "amount": "0,2 g"
        }
      ]
    },
    {
      "name": "Owoc",
      "description": "Obrać kiwi.",
      "ingredients": [
        {
          "name": "Kiwi",
          "amount": "60 g"
        }
      ]
    },
    {
      "name": "Ryż z kurkumą",
      "description": "Ryż ugotować według przepisu na opakowaniu. Dodać kurkumę i wymieszać.",
      "ingredients": [
        {
          "name": "Kurkuma mielona",
          "amount": "250 g"
        },
        {
          "name": "Ryż brązowy",
          "brand": "Kuchnia Lidla",
          "amount": "30 g"
        }
      ]
    },
    {
      "name": "Sos czosnkowy",
      "description": " Jogurt przełożyć do miseczki. Dodać czosnek przeciśnięty przez praskę, przyprawy i wymieszać.",
      "ingredients": [
        {
          "name": "Czosnek",
          "amount": "2,5 g"
        },
        {
          "name": "Jogurt naturalny",
          "brand": "Pilos",
          "amount": "100 g"
        },
        {
          "name": "Oregano suszone",
          "amount": "1,5 g"
        },
        {
          "name": "Natka pietruszki świeża",
          "amount": "1,5 g"
        },
        {
          "name": "Sól",
          "brand": "Słodkie Zdrowie",
          "amount": "0,2 g"
        }
      ]
    },
    {
      "name": "Warzywa na parze",
      "description": " Warzywa ugotować zgodnie z instrukcją na opakowaniu.",
      "ingredients": [
        {
          "name": "Mieszanka warzywna mrożona",
          "amount": "200 g"
        }
      ]
    }
  ]
}
