{
  "recipeName": "Jaglanka z masłem orzechowym i owocami",
  "subRecipes": [
    {
      "name": "Jaglanka z masłem orzechowym i owocami",
      "description": "Kasze gotować na wodzie (w proporcji 1:2), aż do momentu jej wchłonięcia. Pod koniec dodać masło orzechowe, odżywkę i pokrojonego banana. Po ugotowaniu dodać pokrojone owoce.",
      "ingredients": [
        {
          "name": "Kasza jaglana",
          "amount": "60 g"
        },
        {
          "name": "Masło orzechowe",
          "brand": "Słodkie Zdrowie",
          "amount": "20 g"
        },
        {
          "name": "Odżywka białkowa",
          "brand": "Amix",
          "amount": "30 g"
        },
        {
          "name": "Banan",
          "amount": "120 g"
        },
        {
          "name": "Truskawki",
          "brand": "Lidl",
          "amount": "70 g"
        },
        {
          "name": "Kiwi",
          "amount": "75 g"
        }
      ]
    }
  ]
}