{
  "recipeName": "Jagodowy koktajl z nasionami chia",
  "subRecipes": [
    {
      "name": "Jagodowy koktajl z nasionami chia",
      "description": "Nasiona chia namoczyć w napoju migdałowym na około dwie godziny przed planowanym posiłkiem, dobrze wymieszać i odstawić do napęcznienia. Przelać do wysokiego naczynia, dodać jagody, odżywke białkową, obranego i pokrojonego banana i wszystko dokładnie zmiksować do uzyskania jednolitej konsystencji. Przelać do wysokiej szklanki.",
      "ingredients": [
        {
          "name": "Napój migdałowy",
          "amount": "200 g"
        },
        {
          "name": "Odżywka białkowa",
          "brand": "Amix",
          "amount": "30 g"
        },
        {
          "name": "Banan",
          "amount": "140 g"
        },
        {
          "name": "Jagody",
          "amount": "80 g"
        },
        {
          "name": "Nasiona chia",
          "brand": "Słodkie Zdrowie",
          "amount": "20 g"
        }
      ]
    }
  ]
}