{
  "recipeName": "Jajecznica ze szpinakiem i suszonymi pomidorami",
  "subRecipes": [
    {
      "name": "Jajecznica ze szpinakiem i suszonymi pomidorami",
      "description": " Na rozgrzaną patelnię z oliwą z oliwek, dodać posiekane suszone pomidory i szpinak. Do lekko podsmażonych warzyw wlać rozmieszane jajka. Całość smażyć do uzyskania odpowiedniej konsystencji. Doprawić do smaku.",
      "ingredients": [
        {
          "name": "Oliwa z oliwek",
          "brand": "Catapano",
          "amount": "5 g"
        },
        {
          "name": "Jajko kurze",
          "amount": "4 szt."
        },
        {
          "name": "Pomidory suszone",
          "amount": "50 g"
        },
        {
          "name": "Szpinak",
          "brand": "Ryneczek Lidla",
          "amount": "25 g"
        }
      ]
    }
  ]
}
