{
  "recipeName": "Jajecznica z łososiem, awokado i pomidorami",
  "subRecipes": [
    {
      "name": "Jajecznica z łososiem, awokado i pomidorami",
      "description": "Oliwę z oliwek rozgrzać na patelni, dodać pokrojone w kostkę pomidory i smażyć aż odparuje z nich woda. Dodać jajka i smażyć jajecznicę, w międzyczasie przyprawiając pieprzem. Pod koniec smażenia dodać pokrojone w kostkę awokado i łososia, wszystko razem wymieszać.",
      "ingredients": [
        {
          "name": "Oliwa z oliwek",
          "brand": "Catapano",
          "amount": "10 g"
        },
        {
          "name": "Pomidory",
          "amount": "200 g"
        },
        {
          "name": "Jajko kurze",
          "amount": "4 szt."
        },
        {
          "name": "Pieprz czarny mielony",
          "amount": "0,2 g"
        },
        {
          "name": "Awokado",
          "amount": "70 g"
        },
        {
          "name": "Łosoś wędzony na zimno",
          "brand": "Nautica",
          "amount": "75 g"
        }
      ]
    }
  ]
}