{
  "recipeName": "Jogurt z truskawkami oraz orzechami",
  "subRecipes": [
    {
      "name": "Jogurt z truskawkami oraz orzechami",
      "description": "Owoce wymieszaj z jogurtem i orzechami. Smacznego!",
      "ingredients": [
        {
          "name": "Skyr naturalny",
          "brand": "Pilos",
          "amount": "300 g"
        },
        {
          "name": "Truskawki",
          "amount": "200 g"
        },
        {
          "name": "Orzechy nerkowca",
          "amount": "60 g"
        }
      ]
    }
  ],
  "comment": "TODO: TYMCZASOWA DEFINICJA PRZEPISU - UZUPELNIC ZGODNIE Z ORYGINALNYM PRZEPISEM NA STRONIE RESPO!!!",
  "source": "https://centrumrespo.pl/"
}