{
  "recipeName": "Jogurt kokosowy z nasionami chia i jabłkiem",
  "subRecipes": [
    {
      "name": "Jogurt kokosowy z nasionami chia i jabłkiem",
      "description": "Jogurt przełożyć do miski. Dodać wiórki kokosowe, odżywke, drobno pokrojone daktyle i nasiona chia. Wszystko wymieszać. Odczekać, az nasiona nasiąkną, najlepiej zostawić na noc w lodówce. W razie potrzeby dodać wody. Na wierzchu ułożyć pokrojone jabłko.",
      "ingredients": [
        {
          "name": "Jogurt kokosowy naturalny",
          "brand": "Vemondo",
          "amount": "100 g"
        },
        {
          "name": "Wiórki kokosowe",
          "brand": "Belbake",
          "amount": "10 g"
        },
        {
          "name": "Odżywka białkowa",
          "brand": "Amix",
          "amount": "30 g"
        },
        {
          "name": "Daktyle świeże",
          "brand": "Delikatesy Zdrowo",
          "amount": "10 g"
        },
        {
          "name": "Nasiona chia",
          "brand": "Słodkie Zdrowie",
          "amount": "10 g"
        },
        {
          "name": "Jabłko",
          "amount": "120 g"
        }
      ]
    }
  ]
}
