{
  "recipeName": "Kanapka z mozzarellą i warzywami",
  "subRecipes": [
    {
      "name": "Kanapka z mozzarellą i warzywami",
      "description": "Na kromkach chleba żytniego układamy szpinak, pokrojoną w plastry mozzarellę, pomidora oraz paprykę czerwoną.",
      "ingredients": [
        {
          "name": "Chleb żytni",
          "amount": "150 g"
        },
        {
          "name": "Szpinak",
          "amount": "50 g"
        },
        {
          "name": "Mozzarella light",
          "brand": "Pilos",
          "amount": "240 g"
        },
        {
          "name": "Pomidor",
          "amount": "160 g"
        },
        {
          "name": "Papryka czerwona",
          "amount": "85 g"
        }
      ]
    }
  ],
  "imageUrl": "https://mwrzosek-prod-wp-static.s3.eu-central-1.amazonaws.com/wp-content/uploads/2019/12/17223709/gora-24.png",
  "comment": "TODO: TYMCZASOWA DEFINICJA PRZEPISU - UZUPELNIC ZGODNIE Z ORYGINALNYM PRZEPISEM NA STRONIE RESPO!!!",
  "source": "https://centrumrespo.pl/"
}