{
  "recipeName": "Kanapka z pastą z jajka oraz awokado",
  "subRecipes": [
    {
      "name": "Kanapka z pastą z jajka oraz awokado",
      "description": "1. Jajko gotujemy na twardo (około 8 minut\nod zagotowania wody). Studzimy i\nobieramy.\n2. Łączymy wszystkie składniki pasty (jajko,\nawokado, sok z cytryny, sól oraz pieprz),\nrozdrabniamy i mieszamy widelcem.\n3. Pastę kładziemy na grahamkę i układamy\nplastry pomidora.",
      "ingredients": [
        {
          "name": "Bułka wysokobiałkowa",
          "amount": "160 g"
        },
        {
          "name": "Jajko kurze",
          "amount": "4 szt."
        },
        {
          "name": "Awokado",
          "amount": "75 g"
        },
        {
          "name": "Sok z cytryny",
          "amount": "12 g"
        },
        {
          "name": "Sól",
          "brand": "Słodkie Zdrowie",
          "amount": "0,25 g"
        },
        {
          "name": "Pieprz czarny mielony",
          "amount": "0,25 g"
        },
        {
          "name": "Pomidory",
          "amount": "80 g"
        }
      ]
    }
  ],
  "imageUrl": "https://mwrzosek-prod-wp-static.s3.eu-central-1.amazonaws.com/wp-content/uploads/2020/04/17222635/gora-5.png",
  "comment": "TODO: TYMCZASOWA DEFINICJA PRZEPISU - UZUPELNIC ZGODNIE Z ORYGINALNYM PRZEPISEM NA STRONIE RESPO!!!",
  "source": "https://centrumrespo.pl/"
}