{
  "recipeName": "Kanapki z pastą jajeczną",
  "subRecipes": [
    {
      "name": "Kanapki z pastą jajeczną",
      "description": "Jajka ugotować na twardo. Rozgnieść jajka i wymieszać z olejem. Rzodkiewkę, szczypiorek drobno posiekać i dodać do jajek. Przyprawić pastę pieprzem i wymieszać. Położyć pastę na kanapkach i ułożyć na wierzchu sałatę.",
      "ingredients": [
        {
          "name": "Jajko kurze",
          "amount": "2 szt."
        },
        {
          "name": "Olej rzepakowy",
          "brand": "Kujawski",
          "amount": "10 g"
        },
        {
          "name": "Chleb graham",
          "amount": "60 g"
        },
        {
          "name": "Pieprz czarny mielony",
          "amount": "0,2 g"
        },
        {
          "name": "Rukola",
          "brand": "Ryneczek Lidla",
          "amount": "20 g"
        },
        {
          "name": "Rzodkiewka",
          "amount": "30 g"
        },
        {
          "name": "Szczypiorek",
          "amount": "20 g"
        }
      ]
    }
  ]
}