{
  "recipeName": "Kanapki z nutellą z awokado",
  "subRecipes": [
    {
      "name": "Kanapki z nutellą z awokado",
      "description": "Owoce obrać. Do malaksera dodać awokado, odżywke, banana, orzechy laskowe oraz kakao, całość zmiksować. Podawać z pieczywem.",
      "ingredients": [
        {
          "name": "Awokado",
          "amount": "100 g"
        },
        {
          "name": "Banan",
          "amount": "120 g"
        },
        {
          "name": "Pieczywo chrupkie kukurydziane",
          "brand": "Tastino",
          "amount": "30 g"
        },
        {
          "name": "Kakao",
          "brand": "Słodkie Zdrowie",
          "amount": "15 g"
        },
        {
          "name": "Odżywka białkowa",
          "brand": "Amix",
          "amount": "15 g"
        },
        {
          "name": "Orzechy laskowe",
          "brand": "Alesto",
          "amount": "30 g"
        }
      ]
    }
  ]
}