{
  "recipeName": "Kanapki z makrelą i warzywami",
  "subRecipes": [
    {
      "name": "Kanapki z makrelą i warzywami",
      "description": "Pieczywo posmarować masłem. Usunąć ości z makreli, ułożyć rozdrobnioną makrelę na pieczywie, posypać pokrojonym szczypiorkiem, ułożyć pokrojoną w półksiężyce cebulę, pokrojonego pomidora, posypać solą i świeżo zmielonym pierzem.",
      "ingredients": [
        {
          "name": "Cebula czerwona",
          "amount": "50 g"
        },
        {
          "name": "Makrela wędzona na gorąco",
          "amount": "150 g"
        },
        {
          "name": "Masło",
          "amount": "5 g"
        },
        {
          "name": "Chleb graham",
          "amount": "100 g"
        },
        {
          "name": "Pieprz czarny mielony",
          "amount": "0,2 g"
        },
        {
          "name": "Pomidory",
          "amount": "60 g"
        },
        {
          "name": "Szczypiorek",
          "amount": "60 g"
        }
      ]
    }
  ]
}