{
  "recipeName": "Kokosowy budyń jaglany z płatkami migdałów",
  "subRecipes": [
    {
      "name": "Kokosowy budyń jaglany z płatkami migdałów",
      "description": "Kaszę ugotować według przepisu na opakowaniu, pod koniec gotowania dolać mlecko kokosowe i zblendować całość na gładką masę. Przyprawić cynamonem, wanilią, dosłodzić ksylitolem/erytrolem i posypać płatkami migdałów.",
      "ingredients": [
        {
          "name": "Kasza jaglana",
          "amount": "50 g"
        },
        {
          "name": "Mleczko kokosowe light",
          "brand": "Vitasia",
          "amount": "100 g"
        },
        {
          "name": "Płatki migdałów",
          "brand": "Belbake",
          "amount": "10 g"
        },
        {
          "name": "Cynamon mielony",
          "amount": "1 g"
        }
      ]
    }
  ]
}
