{
  "recipeName": "Koktajl bananowo-jagodowy",
  "subRecipes": [
    {
      "name": "Koktajl bananowo-jagodowy",
      "description": "Mleko i kefir wlać do naczynia. Dodać jagody, odżywke i banana. Zmiksować.",
      "ingredients": [
        {
          "name": "Banan",
          "amount": "70 g"
        },
        {
          "name": "Jagody",
          "amount": "50 g"
        },
        {
          "name": "Kefir",
          "amount": "200 g"
        },
        {
          "name": "Mleko 2%",
          "brand": "Pilos",
          "amount": "220 g"
        },
        {
          "name": "Mleczko kokosowe light",
          "brand": "Vitasia",
          "amount": "50 g"
        },
        {
          "name": "Odżywka białkowa",
          "brand": "Amix",
          "amount": "20 g"
        }
      ]
    }
  ]
}