{
  "recipeName": "Koktajl jagodowy",
  "subRecipes": [
    {
      "name": "Koktajl jagodowy",
      "description": "Zmiksuj wszystkie składniki ze sobą.",
      "ingredients": [
        {
          "name": "Mleko 2%",
          "brand": "Pilos",
          "amount": "200 g"
        },
        {
          "name": "Jagody",
          "amount": "150 g"
        },
        {
          "name": "Mleczko kokosowe light",
          "brand": "Vitasia",
          "amount": "50 g"
        },
        {
          "name": "Odżywka białkowa",
          "brand": "Amix",
          "amount": "30 g"
        }
      ]
    }
  ]
}