{
  "recipeName": "Koktajl ze szpinakiem, bananem i masłem orzechowym",
  "subRecipes": [
    {
      "name": "Koktajl ze szpinakiem, bananem i masłem orzechowym",
      "description": "Wszystkie składniki zmiksować w blenderze na gładko.",
      "ingredients": [
        {
          "name": "Banan",
          "amount": "120 g"
        },
        {
          "name": "Skyr naturalny",
          "brand": "Pilos",
          "amount": "150 g"
        },
        {
          "name": "Masło orzechowe",
          "brand": "Słodkie Zdrowie",
          "amount": "30 g"
        },
        {
          "name": "Napój sojowy",
          "amount": "220 g"
        },
        {
          "name": "Szpinak",
          "brand": "Ryneczek Lidla",
          "amount": "25 g"
        }
      ]
    }
  ]
}