{
  "recipeName": "Koktajl z bananem i truskawkami",
  "subRecipes": [
    {
      "name": "Koktajl z bananem i truskawkami",
      "description": "Jogurt przełożyć do wysokiego naczynia. Dodać obrane i pokrojone w kostkę banany, truskawki świeże lub rozmrożone, odżywkę i wiórki kokosowe. Wszystko zmiksować na gładką masę.",
      "ingredients": [
        {
          "name": "Banan",
          "amount": "220 g"
        },
        {
          "name": "Skyr naturalny",
          "brand": "Pilos",
          "amount": "300 g"
        },
        {
          "name": "Odżywka białkowa",
          "brand": "Amix",
          "amount": "30 g"
        },
        {
          "name": "Truskawki",
          "brand": "Lidl",
          "amount": "150 g"
        },
        {
          "name": "Wiórki kokosowe",
          "brand": "Belbake",
          "amount": "15 g"
        }
      ]
    }
  ]
}