{
  "recipeName": "Koktajl mango lassi (Tomek)",
  "subRecipes": [
    {
      "name": "Koktajl mango lassi",
      "description": "Zmiksować",
      "ingredients": [
        {
          "name": "Kefir",
          "amount": "250 g"
        },
        {
          "name": "Mango",
          "amount": "200 g"
        },
        {
          "name": "Twaróg chudy",
          "amount": "60 g"
        },
        {
          "name": "Otręby owsiane",
          "amount": "20 g"
        },
        {
          "name": "Siemię lniane",
          "amount": "10 g"
        },
        {
          "name": "Wiórki kokosowe",
          "brand": "Belbake",
          "amount": "10 g"
        }
      ]
    }
  ]
}