{
  "recipeName": "Koktajl czerwony",
  "subRecipes": [
    {
      "name": "Koktajl czerwony",
      "description": "Wszystkie składniki koktajlu wrzucić do malaksera i zmiksować na gładko.",
      "ingredients": [
        {
          "name": "Awokado",
          "amount": "50 g"
        },
        {
          "name": "Banan",
          "amount": "100 g"
        },
        {
          "name": "Skyr naturalny",
          "brand": "Pilos",
          "amount": "50 g"
        },
        {
          "name": "Mleko 2%",
          "brand": "Pilos",
          "amount": "220 g"
        },
        {
          "name": "Nasiona chia",
          "brand": "Słodkie Zdrowie",
          "amount": "10 g"
        },
        {
          "name": "Odżywka białkowa",
          "brand": "Amix",
          "amount": "20 g"
        },
        {
          "name": "Płatki jaglane",
          "brand": "Crownfield",
          "amount": "10 g"
        },
        {
          "name": "Truskawki",
          "brand": "Lidl",
          "amount": "150 g"
        }
      ]
    }
  ]
}