{
  "recipeName": "Koktajl owocowy z masłem orzechowym",
  "subRecipes": [
    {
      "name": "Koktajl owocowy z masłem orzechowym",
      "description": "Owoce obrać. Wszystkie produkty wrzucić do blendera i zmiksować.",
      "ingredients": [
        {
          "name": "Banan",
          "amount": "100 g"
        },
        {
          "name": "Masło orzechowe",
          "brand": "Słodkie Zdrowie",
          "amount": "10 g"
        },
        {
          "name": "Napój sojowy",
          "amount": "220 g"
        },
        {
          "name": "Odżywka białkowa",
          "brand": "Amix",
          "amount": "10 g"
        },
        {
          "name": "Płatki owsiane",
          "brand": "Crownfield",
          "amount": "40 g"
        },
        {
          "name": "Truskawki",
          "brand": "Lidl",
          "amount": "100 g"
        }
      ]
    }
  ]
}