{
  "recipeName": "Koktajl borówkowy z orzechami nerkowca",
  "subRecipes": [
    {
      "name": "Koktajl borówkowy z orzechami nerkowca",
      "description": "Orzechy namoczyć w letniej wodzie co najmniej 2-3 godziny przed użyciem. Wszystkie składniki wrzucić do blendera i zmiksować.",
      "ingredients": [
        {
          "name": "Banan",
          "amount": "120 g"
        },
        {
          "name": "Borówki amerykańskie",
          "brand": "Lidl",
          "amount": "50 g"
        },
        {
          "name": "Mleko 2%",
          "brand": "Pilos",
          "amount": "150 g"
        },
        {
          "name": "Odżywka białkowa",
          "brand": "Amix",
          "amount": "30 g"
        },
        {
          "name": "Orzechy nerkowca",
          "amount": "30 g"
        }
      ]
    }
  ]
}