{
  "recipeName": "Koktajl borówkowo - bananowy z płatkami owsianymi",
  "subRecipes": [
    {
      "name": "Koktajl borówkowo - bananowy z płatkami owsianymi",
      "description": "Wszystko zmiksować na gładką masę. W razie potrzeby uzupełnić wodą",
      "ingredients": [
        {
          "name": "Banan",
          "amount": "140 g"
        },
        {
          "name": "Borówki amerykańskie",
          "brand": "Lidl",
          "amount": "50 g"
        },
        {
          "name": "Skyr naturalny",
          "brand": "Pilos",
          "amount": "150 g"
        },
        {
          "name": "Mleczko kokosowe light",
          "brand": "Vitasia",
          "amount": "50 g"
        },
        {
          "name": "Odżywka białkowa",
          "brand": "Amix",
          "amount": "20 g"
        },
        {
          "name": "Płatki owsiane",
          "brand": "Crownfield",
          "amount": "10 g"
        }
      ]
    }
  ]
}
