{
  "recipeName": "Koktajl jaglano-owocowy ze szpinakiem",
  "subRecipes": [
    {
      "name": "Koktajl jaglano-owocowy ze szpinakiem",
      "description": "Gruszki obrać ze skóry i wydrążyć. Szpinak umyć i osuszyć. Wszystkie składniki starannie zmiksować do uzyskania gładkiej konsystencji.",
      "ingredients": [
        {
          "name": "Gruszka",
          "amount": "250 g"
        },
        {
          "name": "Mleko 2%",
          "brand": "Pilos",
          "amount": "150 g"
        },
        {
          "name": "Odżywka białkowa",
          "brand": "Amix",
          "amount": "15 g"
        },
        {
          "name": "Płatki jaglane",
          "brand": "Crownfield",
          "amount": "15 g"
        },
        {
          "name": "Szpinak",
          "brand": "Ryneczek Lidla",
          "amount": "30 g"
        }
      ]
    }
  ]
}