{
  "recipeName": "Koktajl borówkowy z orzechami",
  "subRecipes": [
    {
      "name": "Koktajl borówkowy z orzechami",
      "description": "Wszystkie składniki wrzucić do blendera i zmiksować.",
      "ingredients": [
        {
          "name": "Banan",
          "amount": "120 g"
        },
        {
          "name": "Borówki amerykańskie",
          "brand": "Lidl",
          "amount": "140 g"
        },
        {
          "name": "Mleko 2%",
          "brand": "Pilos",
          "amount": "220 g"
        },
        {
          "name": "Odżywka białkowa",
          "brand": "Amix",
          "amount": "30 g"
        },
        {
          "name": "Orzechy włoskie",
          "brand": "Alesto",
          "amount": "25 g"
        }
      ]
    }
  ]
}