{
  "recipeName": "Koktajl z mango",
  "subRecipes": [
    {
      "name": "Koktajl z mango",
      "description": "Wszystkie składniki umieścić w naczyniu i dokładnie zblendować. W razie potrzeby dodać wody.",
      "ingredients": [
        {
          "name": "Skyr naturalny",
          "brand": "Pilos",
          "amount": "300 g"
        },
        {
          "name": "Mango",
          "amount": "150 g"
        },
        {
          "name": "Mleczko kokosowe light",
          "brand": "Vitasia",
          "amount": "50 g"
        },
        {
          "name": "Nasiona chia",
          "brand": "Słodkie Zdrowie",
          "amount": "15 g"
        }
      ]
    }
  ]
}