{
  "recipeName": "Krewetki z czosnkiem, natką, chili i bagietką",
  "subRecipes": [
    {
      "name": "Krewetki",
      "brand": "Ocean Sea",
      "description": "Mrożone krewetki włożyć do miski, wlać letnią wodę i rozmrozić. Nieobrane krewetki obrać z pancerzy (pozostawić ogonki). Nieoczyszczone krewetki naciąć lekko nożem wzdłuż tułowia i usunąć czarne jelito. Tak przygotowane krewetki opłukać i dokładnie osuszyć.",
      "ingredients": [
        {
          "name": "Krewetki",
          "brand": "Ocean Sea",
          "amount": "250 g"
        },
        {
          "name": "Skyr naturalny",
          "brand": "Pilos",
          "amount": "300 g"
        },
        {
          "name": "Odżywka białkowa",
          "brand": "Amix",
          "amount": "30 g"
        },
        {
          "name": "Truskawki",
          "brand": "Lidl",
          "amount": "150 g"
        },
        {
          "name": "Wiórki kokosowe",
          "brand": "Belbake",
          "amount": "15 g"
        }
      ]
    },
    {
      "name": "Krewetki2",
      "description": "Na patelni podgrzać połowę masła, włożyć drobno posiekany czosnek (i chili jeśli używamy) i smażyć przez pół minuty. Włożyć krewetki i smażyć przez minutę z jednej strony.",
      "ingredients": [
        {
          "name": "Masło",
          "amount": "20 g"
        },
        {
          "name": "Czosnek",
          "amount": "16 g"
        },
        {
          "name": "Papryka chili",
          "amount": "100 g"
        }
      ]
    },
    {
      "name": "Krewetki3",
      "description": "Wlać wino i na większym ogniu odparować, lub dodać sok z cytryny. Zmniejszyć ogień do średniego, krewetki przewrócić na drugą stronę i smażyć przez kolejną minutę.",
      "ingredients": [
        {
          "name": "Sok z cytryny",
          "amount": "20 g"
        }
      ]
    },
    {
      "name": "Krewetki4",
      "description": "Przewrócić krewetki rozcięciem do dołu i smażyć jeszcze przez pół minuty. Na koniec dodać posiekaną natkę pietruszki, resztę masła i oliwę extra vergine. Roztopić masło i odstawić z ognia. Doprawić cytryną, solą i podawać z kawałkami bagietki.",
      "ingredients": [
        {
          "name": "Masło",
          "amount": "20 g"
        },
        {
          "name": "Natka pietruszki świeża",
          "amount": "5 g"
        },
        {
          "name": "Oliwa z oliwek",
          "brand": "Catapano",
          "amount": "30 g"
        },
        {
          "name": "Sól",
          "brand": "Słodkie Zdrowie",
          "amount": "0,2 g"
        },
        {
          "name": "Chleb drwalski",
          "amount": "100 g"
        }
      ]
    }
  ]
}
