{
  "recipeName": "Kulki mocy",
  "subRecipes": [
    {
      "name": "Kulki mocy",
      "description": "Daktyle zalej wrzątkiem. Zostaw je do namoczenia na około 20 minut. Płatki owsiane wsyp do kielicha blendera. Nastaw wysoką moc obrotów i zmiel płatki na mąkę. Następnie odsącz daktyle, dodaj je do kielicha i zblenduj razem z przygotowaną mąką. Do stworzonej masy dodaj teraz mąkę kokosową i posiekane orzechy nerkowca. Następnie wymieszaj wszystkie składniki, uformuj z nich kulki i wstaw do lodówki na co najmniej dwie godziny. Po tym czasie kulki mocy Ani Lewandowskiej są już gotowe. Smacznego!",
      "ingredients": [
        {
          "name": "Daktyle świeże",
          "brand": "Delikatesy Zdrowo",
          "amount": "135 g"
        },
        {
          "name": "Płatki owsiane",
          "brand": "Crownfield",
          "amount": "40 g"
        },
        {
          "name": "Mąka kokosowa",
          "brand": "Fivio",
          "amount": "40 g"
        },
        {
          "name": "Orzechy nerkowca",
          "amount": "25 g"
        }
      ]
    }
  ]
}