{
  "recipeName": "Kurczak Fajita",
  "subRecipes": [
    {
      "name": "Kurczak Fajita",
      "description": "1. Ryż gotujemy według instrukcji na\nopakowaniu.\n2. Kurczaka kroimy. Doprawiamy solą oraz\npieprzem i odstawiamy na kilka minut.\n3. Paprykę czerwoną kroimy w paski.\n4. Cebulę czerwoną kroimy na plasterki.\n5. Warzywa mieszamy z przyprawami, polewamy sokiem z limonki.\n6. Mięso smażymy na oleju. Po usmażeniu\nodkładamy na talerz.\n7. Na tę samą patelnię wykładamy warzywa,\nzmniejszamy ogień i dokładnie\nobsmażamy, co chwilę mieszając.\n8. Dodajemy kurczaka i delikatnie mieszamy\ncałość.\n9. Posypujemy kolendrą świeżą. Podajemy z\nryżem. Smacznego!",
      "ingredients": [
        {
          "name": "Filet z kurczaka",
          "amount": "175 g"
        },
        {
          "name": "Oliwa z oliwek",
          "brand": "Catapano",
          "amount": "15 g"
        },
        {
          "name": "Cebula czerwona",
          "amount": "20 g"
        },
        {
          "name": "Papryka czerwona",
          "amount": "85 g"
        },
        {
          "name": "Limonka",
          "amount": "35 g"
        },
        {
          "name": "Kolendra świeża",
          "amount": "2 g"
        },
        {
          "name": "Sól",
          "brand": "Słodkie Zdrowie",
          "amount": "0,25 g"
        },
        {
          "name": "Kumin",
          "amount": "2,5 g"
        },
        {
          "name": "Papryka słodka mielona",
          "amount": "0,2 g"
        },
        {
          "name": "Pieprz czarny mielony",
          "amount": "0,25 g"
        },
        {
          "name": "Papryka ostra mielona",
          "amount": "1,5 g"
        },
        {
          "name": "Ryż basmati",
          "amount": "35 g"
        }
      ]
    }
  ],
  "imageUrl": "https://mwrzosek-prod-wp-static.s3.eu-central-1.amazonaws.com/wp-content/uploads/2017/12/17231625/kurczak-gora-3.png",
  "comment": "TODO: TYMCZASOWA DEFINICJA PRZEPISU - UZUPELNIC ZGODNIE Z ORYGINALNYM PRZEPISEM NA STRONIE RESPO!!!",
  "source": "https://centrumrespo.pl/"
}