{
  "recipeName": "Kurczak pieczony z warzywami i ryżem, sałatka",
  "subRecipes": [
    {
      "name": "Kurczak pieczony z warzywami",
      "description": "Ryż ugotować według przepisu na opakowaniu. Marchewkę zetrzeć na tarce, kapustę poszatkować, a cebulę drobno posiekać. Warzywa zblanszować we wrzątku minutę. Odcedzić, a potem zanurzyć warzywa w misce z zimną wodą, żeby je zahartować. Ponownie odcedzić i osuszyć papierowym ręcznikiem. Włożyć warzywa do dużej miski, pokroić kurczaka w kostkę, przyprawić i dodać do warzyw. Dodać też ugotowany ryż. Dobrze wymieszać i przełożyć do naczynia do zapiekania, następnie wstawić do piekarnika na około 30 minut -190 stopni.",
      "ingredients": [
        {
          "name": "Cebula",
          "amount": "50 g"
        },
        {
          "name": "Filet z kurczaka",
          "amount": "120 g"
        },
        {
          "name": "Kapusta pekińska",
          "amount": "50 g"
        },
        {
          "name": "Marchew",
          "amount": "50 g"
        },
        {
          "name": "Ryż paraboliczny",
          "amount": "75 g"
        }
      ]
    },
    {
      "name": "Sałatka",
      "description": "Sałatę umyć i porwać. Dodać pokrojonego w plastry ogórka, olej i szczypiorek. Doprawić do smaku.",
      "ingredients": [
        {
          "name": "Ogórek",
          "amount": "50 g"
        },
        {
          "name": "Olej rzepakowy",
          "brand": "Kujawski",
          "amount": "20 g"
        },
        {
          "name": "Sałata lodowa",
          "amount": "100 g"
        },
        {
          "name": "Szczypiorek",
          "amount": "10 g"
        }
      ]
    }
  ]
}