{
  "recipeName": "Kurczak po chińsku z warzywami i ryżem",
  "subRecipes": [
    {
      "name": "Grillowany filet z kurczaka",
      "description": "Mięso pokroić w kostkę, zamarynować w sosie sojowym i przyprawach. Na oliwie z oliwek podsmażyć posiekany czosnek z mięsem. Podsmażone mięso zdjąć z patelni i wrzucić mieszankę warzyw i różyczki kalafiora, podlać odrobiną wody, dusić aż zmiękną. Do warzyw dodać mięso, wymieszać i dusić razem jeszcze 5-10 minut. Podać z ugotowanym ryzem",
      "ingredients": [
        {
          "name": "Filet z kurczaka",
          "amount": "150 g"
        },
        {
          "name": "Sos sojowy",
          "amount": "10 g"
        },
        {
          "name": "Pieprz czarny mielony",
          "amount": "0,2 g"
        },
        {
          "name": "Papryka słodka mielona",
          "amount": "0,2 g"
        },
        {
          "name": "Curry mielone",
          "amount": "0,2 g"
        },
        {
          "name": "Oliwa z oliwek",
          "brand": "Catapano",
          "amount": "10 g"
        },
        {
          "name": "Czosnek",
          "amount": "5 g"
        },
        {
          "name": "Mieszanka chińska mrożona",
          "amount": "225 g"
        },
        {
          "name": "Kalafior",
          "amount": "150 g"
        }
      ]
    },
    {
      "name": "Ryż",
      "description": "Ryż ugotować.",
      "ingredients": [
        {
          "name": "Ryż brązowy",
          "brand": "Kuchnia Lidla",
          "amount": "50 g"
        }
      ]
    }
  ]
}
