{
  "recipeName": "Makaron z kurczakiem, suszonymi pomidorami i szpinakiem",
  "subRecipes": [
    {
      "name": "Makaron z kurczakiem, suszonymi pomidorami i szpinakiem",
      "description": "Makaron ugotować według przepisu na opakowaniu, odcedzić. Na patelni rozgrzać olej, podsmażyć posiekaną cebulę, dodać pokrojonego w kostkę kurczaka, przeciśnięty przez praskę czosnek, umyte liście szpinaku oraz odsączone z oleju i pokrojone w paski suszone pomidory. Smażyć kilka minut, podlać 2 łyżkami wody i dusić jeszcze kilka minut do miękkości mięsa. Na koniec dodać jogurt, wymieszać, nie gotować. Doprawić solą i odrobiną pieprzu. Gotowe danie ułożyć na makaronie.",
      "ingredients": [
        {
          "name": "Cebula",
          "amount": "25 g"
        },
        {
          "name": "Czosnek",
          "amount": "5 g"
        },
        {
          "name": "Filet z kurczaka",
          "amount": "120 g"
        },
        {
          "name": "Jogurt naturalny",
          "brand": "Pilos",
          "amount": "75 g"
        },
        {
          "name": "Makaron pełnoziarnisty fusilli",
          "amount": "70 g"
        },
        {
          "name": "Olej rzepakowy",
          "brand": "Kujawski",
          "amount": "10 g"
        },
        {
          "name": "Pieprz czarny mielony",
          "amount": "0,2 g"
        },
        {
          "name": "Pomidory suszone",
          "amount": "40 g"
        },
        {
          "name": "Sól",
          "brand": "Słodkie Zdrowie",
          "amount": "0,2 g"
        },
        {
          "name": "Szpinak",
          "brand": "Ryneczek Lidla",
          "amount": "120 g"
        }
      ]
    }
  ]
}