{
  "recipeName": "Makaron penne z brokułami i kurczakiem",
  "subRecipes": [
    {
      "name": "Makaron penne z brokułami i kurczakiem",
      "description": "Pierś z kurczaka pokrojoną w kostkę i różyczki brokuła ugotować na parze. Makaron ugotować w wodzie z dodatkiem soli. Cebulę pokroić i zeszklić na rozgrzanej oliwie, dodać różyczki ugotowanego brokuła i zmiksować blenderem. Dodać bazylię, oregano, pieprz i ostrą paprykę. Jeżeli sos brokułowy jest zbyt gęsty można dodać trochę wody. Do sosu dodać mięso, składniki wymieszać i podać z makaronem.",
      "ingredients": [
        {
          "name": "Filet z kurczaka",
          "amount": "140 g"
        },
        {
          "name": "Brokuł",
          "amount": "140 g"
        },
        {
          "name": "Sól",
          "brand": "Słodkie Zdrowie",
          "amount": "0,2 g"
        },
        {
          "name": "Makaron pełnoziarnisty penne",
          "brand": "Combino",
          "amount": "100 g"
        },
        {
          "name": "Oliwa z oliwek",
          "brand": "Catapano",
          "amount": "10 g"
        },
        {
          "name": "Cebula",
          "amount": "50 g"
        },
        {
          "name": "Pieprz czarny mielony",
          "amount": "0,2 g"
        },
        {
          "name": "Papryka ostra mielona",
          "amount": "0,2 g"
        },
        {
          "name": "Bazylia suszona",
          "amount": "3 g"
        },
        {
          "name": "Oregano suszone",
          "amount": "3 g"
        }
      ]
    }
  ]
}