{
  "recipeName": "Makaron z krewetkami i cukinią (Tomek)",
  "subRecipes": [
    {
      "name": "Cukinia",
      "description": "Cukinię pokroić i podsmażyć z czosnkiem na maśle.",
      "ingredients": [
        {
          "name": "Masło",
          "amount": "10 g"
        },
        {
          "name": "Cukinia",
          "amount": "100 g"
        },
        {
          "name": "Czosnek",
          "amount": "5 g"
        }
      ]
    },
    {
      "name": "Makaron z krewetkami i cukinią",
      "description": "Krewetki rozmrozić, obrać i dodać na patelnię, chwilę obsmażać z jednej i drugiej strony. Następnie dodać pokrojoną pietruszkę, jogurt naturalny. Doprawić wedle uznania. Podać z makaronem.",
      "ingredients": [
        {
          "name": "Krewetki tygrysie",
          "amount": "200 g"
        },
        {
          "name": "Natka pietruszki świeża",
          "amount": "3 g"
        },
        {
          "name": "Jogurt naturalny",
          "brand": "Pilos",
          "amount": "50 g"
        },
        {
          "name": "Makaron gryczany",
          "amount": "50 g"
        }
      ]
    }
  ]
}
