{
  "recipeName": "Makaron z kremowym sosem pieczarkowym i kurczakiem",
  "subRecipes": [
    {
      "name": "Makaron z kremowym sosem pieczarkowym i kurczakiem",
      "description": "1. Makaron gotujemy zgodnie z instrukcją.\n2. Mięso kroimy w kostkę, dodajemy sól i pieprz. Odstawiamy na kilka minut.\n3. Pieczarki myjemy i kroimy w plasterki. Cebulę obieramy i drobno siekamy.\n4. Na rozgrzanej oliwie smażymy kurczaka i cebulę.\n5. Dodajemy pieczarki oraz oregano, smażymy kilka minut.\n6. Gdy pieczarki będą już miękkie, dodajemy mleczko kokosowe i 1/3 szklanki wody, zmniejszamy ogień, przykrywamy pokrywką i podduszamy około 10 minut. Doprawiamy solą i pieprzem do smaku.\n7. Gotowy sos mieszamy z ugotowanym makaronem i posypujemy posiekaną natką pietruszki.",
      "ingredients": [
        {
          "name": "Makaron pełnoziarnisty penne",
          "brand": "Combino",
          "amount": "50 g"
        },
        {
          "name": "Filet z kurczaka",
          "amount": "150 g"
        },
        {
          "name": "Oliwa z oliwek",
          "brand": "Catapano",
          "amount": "5 g"
        },
        {
          "name": "Mleczko kokosowe light",
          "brand": "Vitasia",
          "amount": "80 g"
        },
        {
          "name": "Cebula",
          "amount": "20 g"
        },
        {
          "name": "Pieczarki",
          "amount": "100 g"
        },
        {
          "name": "Sól",
          "brand": "Słodkie Zdrowie",
          "amount": "0,25 g"
        },
        {
          "name": "Pieprz czarny mielony",
          "amount": "0,25 g"
        },
        {
          "name": "Natka pietruszki świeża",
          "amount": "15 g"
        },
        {
          "name": "Oregano suszone",
          "amount": "1,5 g"
        }
      ]
    }
  ],
  "imageUrl": "https://mwrzosek-prod-wp-static.s3.eu-central-1.amazonaws.com/wp-content/uploads/2017/12/17235747/IMG_4346-male.png",
  "comment": "TODO: TYMCZASOWA DEFINICJA PRZEPISU - UZUPELNIC ZGODNIE Z ORYGINALNYM PRZEPISEM NA STRONIE RESPO!!!",
  "source": "https://centrumrespo.pl/"
}