{
  "recipeName": "Malinowa owsianka",
  "subRecipes": [
    {
      "name": "Malinowa owsianka",
      "description": "Płatki wsypać do rondelka, zalać wodą i mlekiem, gotować około 5 minut mieszając, dodać wody w razie potrzeby. W połowie gotowania dodać mrożone owoce, w razie potrzeby słodzik. Można doprawić do smaku ekstraktem waniliowym.",
      "ingredients": [
        {
          "name": "Maliny",
          "brand": "Freshona",
          "amount": "140 g"
        },
        {
          "name": "Mleczko kokosowe light",
          "brand": "Vitasia",
          "amount": "100 g"
        },
        {
          "name": "Płatki owsiane",
          "brand": "Crownfield",
          "amount": "70 g"
        },
        {
          "name": "Woda",
          "amount": "50 g"
        }
      ]
    }
  ]
}