{
  "recipeName": "Nocna owsianka pistacjowa",
  "subRecipes": [
    {
      "name": "Nocna owsianka pistacjowa",
      "description": "1. W miseczce lub zamykanym słoiczku\numieszczamy płatki owsiane, jogurt skyr,\npastę pistacjową oraz mleko. Opcjonalnie\ndodajemy erytrol. Całość dokładnie\nmieszamy, w razie potrzeby dolewamy\nwodę i umieszczamy w lodówce na całą\nnoc. Owsiankę możemy przygotować\nszybciej i zjeść od razu, gotując płatki do\nmiękkości na podanej ilości mleka z\ndodatkiem wody (ilość wody zależna od\npreferowanej gęstości owsianki) lub zalać\nciepłym mlekiem i odstawić na chwilę, aż\nzmiękną, następnie mieszamy płatki z\npozostałymi składnikami. W tym przypadku\nnie musimy pozostawiać owsianki na noc.\n2. Gotową owsiankę przed podaniem\ndekorujemy cynamonem, orzechami\npistacjowymi oraz borówkami.",
      "ingredients": [
        {
          "name": "Płatki owsiane",
          "brand": "Crownfield",
          "amount": "70 g"
        },
        {
          "name": "Pasta pistacjowa",
          "amount": "30 g"
        },
        {
          "name": "Skyr naturalny",
          "brand": "Pilos",
          "amount": "300 g"
        },
        {
          "name": "Mleko 2%",
          "brand": "Pilos",
          "amount": "90 g"
        },
        {
          "name": "Cynamon mielony",
          "amount": "2 g"
        },
        {
          "name": "Orzechy pistacjowe",
          "amount": "15 g"
        },
        {
          "name": "Borówki amerykańskie",
          "brand": "Lidl",
          "amount": "80 g"
        }
      ]
    }
  ],
  "imageUrl": "https://mwrzosek-prod-wp-static.s3.eu-central-1.amazonaws.com/wp-content/uploads/2024/06/12132937/pistacjowa.png",
  "comment": "TODO: TYMCZASOWA DEFINICJA PRZEPISU - UZUPELNIC ZGODNIE Z ORYGINALNYM PRZEPISEM NA STRONIE RESPO!!!",
  "source": "https://centrumrespo.pl/"
}