{
  "recipeName": "Nugettsy w orzechach, ziemiaki, mizeria",
  "subRecipes": [
    {
      "name": "Mizeria",
      "description": "Ogórka obrać i pokroić w cienkie plastry. Połączyć z jogurtem i doprawić do smaku.",
      "ingredients": [
        {
          "name": "Jogurt naturalny",
          "brand": "Pilos",
          "amount": "200 g"
        },
        {
          "name": "Ogórek",
          "amount": "100 g"
        }
      ]
    },
    {
      "name": "Nugettsy w orzechach",
      "description": "Mięso pokroić na mniejsze kawałki. Orzechy włoskie drobno pokroić. Kawałki piersi z kurczaka posmarować oliwą z oejem, a następnie obtoczyć w posiekanych orzechach i płatkach jaglanych. Włożyć do piekarnika nagrzanego do 180 stopni C na około 20 minut.",
      "ingredients": [
        {
          "name": "Filet z kurczaka",
          "amount": "100 g"
        },
        {
          "name": "Olej rzepakowy",
          "brand": "Kujawski",
          "amount": "5 g"
        },
        {
          "name": "Orzechy włoskie",
          "brand": "Alesto",
          "amount": "20 g"
        },
        {
          "name": "Płatki jaglane",
          "brand": "Crownfield",
          "amount": "30 g"
        }
      ]
    },
    {
      "name": "Ziemniaki",
      "description": "Ziemniaki ugotować w wodzie. Opcjonalnie można posypać koperkiem.",
      "ingredients": [
        {
          "name": "Ziemniaki",
          "amount": "250 g"
        }
      ]
    }
  ]
}
