{
  "recipeName": "Omlecik z tortillą",
  "subRecipes": [
    {
      "name": "Omlecik z tortillą",
      "description": "1. Ser kroimy w kostkę. Natomiast pomidora na mniejsze kawałki.\n2. W miseczce rozbijamy jajka i dokładnie mieszamy widelcem. Dodajemy ser i delikatnie łączymy z masą jajeczną.\n3. Na patelni rozgrzewamy oliwę na średnim ogniu.\n4. Na patelnię wlewamy masę jajeczną i smażymy przez 1-2 minuty, aż spód zacznie się ścinać.\n5. Po upływie 1-2 minut przykrywamy masę tortillą, delikatnie dociskając, aby dobrze przylegała do jajek.\n6. Po kolejnej minucie ostrożnie odwracamy omlet przy użyciu szerokiej łopatki, tak aby tortilla znalazła się na spodzie. Doprawiamy solą oraz pieprzem wedle uznania.\n7. Na połowie omletu układamy kawałki pomidora. Składamy omlet na pół, zamykając warzywa w środku, i delikatnie dociskamy.\n8. Smażymy omlet złożony na pół po 30 sekund z każdej strony, aż tortilla stanie się lekko chrupiąca.\n9. Gotowy omlet przekładamy na talerz.",
      "ingredients": [
        {
          "name": "Tortilla pełnoziarnista",
          "brand": "Snack Day",
          "amount": "1 szt."
        },
        {
          "name": "Jajko kurze",
          "amount": "2 szt."
        },
        {
          "name": "Pomidory",
          "amount": "80 g"
        },
        {
          "name": "Mozzarella light",
          "brand": "Pilos",
          "amount": "112 g"
        },
        {
          "name": "Oliwa z oliwek",
          "brand": "Catapano",
          "amount": "5 g"
        },
        {
          "name": "Pieprz czarny mielony",
          "amount": "0,25 g"
        },
        {
          "name": "Sól",
          "brand": "Słodkie Zdrowie",
          "amount": "0,25 g"
        }
      ]
    }
  ],
  "imageUrl": "https://mwrzosek-prod-wp-static.s3.eu-central-1.amazonaws.com/wp-content/uploads/2024/11/12101818/omlecik.png",
  "comment": "TODO: TYMCZASOWA DEFINICJA PRZEPISU - UZUPELNIC ZGODNIE Z ORYGINALNYM PRZEPISEM NA STRONIE RESPO!!!",
  "source": "https://centrumrespo.pl/"
}