{
  "recipeName": "Omlet z suszonymi pomidorami",
  "subRecipes": [
    {
      "name": "Omlet z suszonymi pomidorami",
      "description": "Na oliwie poddusić pokrojoną na kawałki paprykę oraz pokrojone w cienkie paski pomidory suszone. Jajka wbić do miski i doprawić pieprzem oraz papryką słodką. Wlać jajka na patelnię. Kiedy jajka się zetną omlet przewrócić na drugą stronę i podsmażać chwilę. Po zdjęciu z patelni omlet udekorować kiełkami.",
      "ingredients": [
        {
          "name": "Oliwa z oliwek",
          "brand": "Catapano",
          "amount": "10 g"
        },
        {
          "name": "Papryka żółta",
          "amount": "130 g"
        },
        {
          "name": "Pomidory suszone",
          "amount": "35 g"
        },
        {
          "name": "Jajko kurze",
          "amount": "3 szt."
        },
        {
          "name": "Pieprz czarny mielony",
          "amount": "0,2 g"
        },
        {
          "name": "Papryka słodka mielona",
          "amount": "0,2 g"
        },
        {
          "name": "Kiełki",
          "amount": "30 g"
        }
      ]
    }
  ]
}