{
  "recipeName": "Omlet z cukinią, szynką i mozzarellą",
  "subRecipes": [
    {
      "name": "Omlet z cukinią, szynką i mozzarellą",
      "description": "Cebulę, cukinię pokroić i podsmażyć na oliwie. W misce roztrzepać jajka i przyprawić solą, pieprzem oraz czosnkiem. Masę jajeczną wylać na warzywa. Gdy jaja zaczną się ścinać, położyć na połowie omleta szynkę i ser. Omlet złożyć w pół i jeszcze chwilę dusić pod przykryciem, aż ser stopnieje.",
      "ingredients": [
        {
          "name": "Oliwa z oliwek",
          "brand": "Catapano",
          "amount": "10 g"
        },
        {
          "name": "Cebula szalotka",
          "amount": "20 g"
        },
        {
          "name": "Cukinia",
          "amount": "100 g"
        },
        {
          "name": "Jajko kurze",
          "amount": "3 szt."
        },
        {
          "name": "Sól",
          "brand": "Słodkie Zdrowie",
          "amount": "0,2 g"
        },
        {
          "name": "Pieprz czarny mielony",
          "amount": "0,2 g"
        },
        {
          "name": "Czosnek mielony",
          "amount": "0,2 g"
        },
        {
          "name": "Wędlina drobiowa",
          "brand": "Pikok (Piratki)",
          "amount": "60 g"
        },
        {
          "name": "Mozzarella light",
          "brand": "Pilos",
          "amount": "60 g"
        }
      ]
    }
  ]
}