{
  "recipeName": "Owsianka banoffee",
  "subRecipes": [
    {
      "name": "Owsianka banoffee",
      "description": "1. Płatki owsiane gotujemy na wodzie (wody dodajemy 2 razy więcej niż płatków), lekko studzimy. Lub pomijamy ten krok i od razu łączymy je z jogurtem.\n2. Banana kroimy w plasterki.\n3. Do miseczki wkładamy kilka plasterków banana, dodajemy płatki owsiane z jogurtem i znowu plasterki banana.\n 4. Na wierzch wykładamy pudding i posiekane migdały.",
      "ingredients": [
        {
          "name": "Płatki owsiane",
          "brand": "Crownfield",
          "amount": "40 g"
        },
        {
          "name": "Jogurt naturalny",
          "brand": "Pilos",
          "amount": "100 g"
        },
        {
          "name": "Banan",
          "amount": "120 g"
        },
        {
          "name": "Pudding proteinowy - smak słony karmel",
          "brand": "Go active",
          "amount": "200 g"
        },
        {
          "name": "Migdały",
          "amount": "5 g"
        }
      ]
    }
  ],
  "imageUrl": "https://mwrzosek-prod-wp-static.s3.eu-central-1.amazonaws.com/wp-content/uploads/2023/05/29131920/owsiaka.png",
  "comment": "TODO: TYMCZASOWA DEFINICJA PRZEPISU - UZUPELNIC ZGODNIE Z ORYGINALNYM PRZEPISEM NA STRONIE RESPO!!!",
  "source": "https://centrumrespo.pl/"
}