{
  "recipeName": "Owsianka z malinami na mleku kokosowym",
  "subRecipes": [
    {
      "name": "Owsianka z malinami na mleku kokosowym",
      "description": "Mleczko kokosowe zagotować z wodą, wsypać płatki i gotować na wolnym ogniu 3 minuty. Przelać na talerz, dodać słonecznik i wymieszać. Na wierzchu ułożyć maliny i polać miodem.",
      "ingredients": [
        {
          "name": "Maliny",
          "brand": "Freshona",
          "amount": "100 g"
        },
        {
          "name": "Miód",
          "amount": "5 g"
        },
        {
          "name": "Mleczko kokosowe light",
          "brand": "Vitasia",
          "amount": "60 g"
        },
        {
          "name": "Płatki owsiane",
          "brand": "Crownfield",
          "amount": "60 g"
        },
        {
          "name": "Nasiona słonecznika",
          "brand": "Alesto",
          "amount": "50 g"
        }
      ]
    }
  ]
}