{
  "recipeName": "Owsianka w stylu kinder country",
  "subRecipes": [
    {
      "name": "Owsianka w stylu kinder country",
      "description": "1. Płatki ugotuj w mleku do miękkości (płatki można również zalać gorącym mlekiem i pozostawić, aż zmiękną).\n2. W miseczce ułóż pokrojone w kostkę mango. Następnie płatki, ryż preparowany, masło orzechowe oraz jogurt skyr, wymieszaj.\n3. Całość polej rozpuszczoną czekoladą.",
      "ingredients": [
        {
          "name": "Płatki owsiane",
          "brand": "Crownfield",
          "amount": "40 g"
        },
        {
          "name": "Mango",
          "amount": "60 g"
        },
        {
          "name": "Mleko 2%",
          "brand": "Pilos",
          "amount": "150 g"
        },
        {
          "name": "Masło orzechowe",
          "brand": "Słodkie Zdrowie",
          "amount": "10 g"
        },
        {
          "name": "Orkisz ekspandowany",
          "amount": "5 g"
        },
        {
          "name": "Skyr naturalny",
          "brand": "Pilos",
          "amount": "150 g"
        },
        {
          "name": "Czekolada gorzka",
          "brand": "Wawel",
          "amount": "15 g"
        }
      ]
    }
  ],
  "imageUrl": "https://mwrzosek-prod-wp-static.s3.eu-central-1.amazonaws.com/wp-content/uploads/2023/10/20112038/kobieta.png",
  "comment": "TODO: TYMCZASOWA DEFINICJA PRZEPISU - UZUPELNIC ZGODNIE Z ORYGINALNYM PRZEPISEM NA STRONIE RESPO!!!",
  "source": "https://centrumrespo.pl/"
}