{
  "recipeName": "Owsianka z orzechami włoskimi",
  "subRecipes": [
    {
      "name": "Owsianka z orzechami włoskimi",
      "description": "Wsypać płatki owsiane do garnka, dodać szklankę wody i ugotować. Do ugotowanych płatków dodać orzechy włoskie, kakao, odżywkę, jogurt, pokrojonego banana i wymieszać.",
      "ingredients": [
        {
          "name": "Banan",
          "amount": "140 g"
        },
        {
          "name": "Skyr naturalny",
          "brand": "Pilos",
          "amount": "300 g"
        },
        {
          "name": "Kakao",
          "brand": "Słodkie Zdrowie",
          "amount": "5 g"
        },
        {
          "name": "Odżywka białkowa",
          "brand": "Amix",
          "amount": "15 g"
        },
        {
          "name": "Orzechy włoskie",
          "brand": "Alesto",
          "amount": "30 g"
        },
        {
          "name": "Płatki owsiane",
          "brand": "Crownfield",
          "amount": "50 g"
        }
      ]
    }
  ]
}