{
  "recipeName": "Owsianka sernikowa",
  "subRecipes": [
    {
      "name": "Owsianka sernikowa",
      "description": "1. Owoce myjemy i obieramy ze skóry, następnie kroimy w kostkę. Orzechy siekamy.\n2. Płatki owsiane zalewamy gorącą wodą, nieco ponad wysokość płatków i odstawiamy na 10 minut, aby zmiękły. Płatki można w ten sposób przygotować wieczorem poprzedniego dnia.\n3. Serek przekładamy do miski z płatkami, dodajemy aromat waniliowy i mieszamy.\n4. Na jogurcie układamy orzechy oraz pokrojone owoce.",
      "ingredients": [
        {
          "name": "Serek homogenizowany naturalny",
          "amount": "150 g"
        },
        {
          "name": "Banan",
          "amount": "60 g"
        },
        {
          "name": "Brzoskwinia",
          "amount": "90 g"
        },
        {
          "name": "Płatki owsiane",
          "brand": "Crownfield",
          "amount": "45 g"
        },
        {
          "name": "Orzechy nerkowca",
          "amount": "30 g"
        },
        {
          "name": "Wanilia ekstrakt",
          "amount": "0,25 g"
        },
        {
          "name": "Skyr naturalny",
          "brand": "Pilos",
          "amount": "260 g"
        }
      ]
    }
  ],
  "imageUrl": "https://mwrzosek-prod-wp-static.s3.eu-central-1.amazonaws.com/wp-content/uploads/2023/06/13123103/owsianka-sernikowa.png",
  "comment": "TODO: TYMCZASOWA DEFINICJA PRZEPISU - UZUPELNIC ZGODNIE Z ORYGINALNYM PRZEPISEM NA STRONIE RESPO!!!",
  "source": "https://centrumrespo.pl/"
}