{
  "recipeName": "Owsianka a’la Bounty",
  "subRecipes": [
    {
      "name": "Owsianka a’la Bounty",
      "description": "Blendujemy mleko, wiórki kokosowe. Przekładamy do rondelka, solimy i podgrzewamy. Dodajemy płatki owsiane i całość mieszamy. Wszystko gotujemy przez 4 minuty, co chwilę mieszając. Odstawiamy na 2 minuty, dodajemy jogurt. Podajemy z tartymi lub posiekanymi kostkami czekolady.",
      "ingredients": [
        {
          "name": "Mleko 2%",
          "brand": "Pilos",
          "amount": "62,5 g"
        },
        {
          "name": "Skyr naturalny",
          "brand": "Pilos",
          "amount": "75 g"
        },
        {
          "name": "Płatki owsiane",
          "brand": "Crownfield",
          "amount": "50 g"
        },
        {
          "name": "Czekolada gorzka",
          "brand": "Wawel",
          "amount": "10 g"
        },
        {
          "name": "Wiórki kokosowe",
          "brand": "Belbake",
          "amount": "7,5 g"
        },
        {
          "name": "Sól",
          "brand": "Słodkie Zdrowie",
          "amount": "0.1 g"
        }
      ]
    }
  ]
}