{
  "recipeName": "Owsianka a’la Snickers",
  "subRecipes": [
    {
      "name": "Owsianka a’la Snickers",
      "description": "W rondelku łączymy ze sobą płatki owsiane i mleko. Podgrzewamy przez kilka minut, następnie dodajemy czekoladę, masło orzechowe i mieszamy do momentu połączenia się składników. Dodajemy szczyptę soli. Owsiankę przekładamy do miski, dodajemy pokrojonego w kostkę banana i posypujemy orzechami. Smacznego! Możesz też przygotować owsiankę bez gotowania płatków – wsyp płatki do miski z mlekiem i odczekaj 2 minuty.",
      "ingredients": [
        {
          "name": "Płatki owsiane",
          "brand": "Crownfield",
          "amount": "40 g"
        },
        {
          "name": "Mleko 2%",
          "brand": "Pilos",
          "amount": "150 g"
        },
        {
          "name": "Czekolada gorzka",
          "brand": "Wawel",
          "amount": "6 g"
        },
        {
          "name": "Masło orzechowe",
          "brand": "Słodkie Zdrowie",
          "amount": "10 g"
        },
        {
          "name": "Banan",
          "amount": "60 g"
        },
        {
          "name": "Orzechy laskowe",
          "brand": "Alesto",
          "amount": "5 g"
        },
        {
          "name": "Sól",
          "brand": "Słodkie Zdrowie",
          "amount": "0,1 g"
        }
      ]
    }
  ]
}