{
  "recipeName": "Pinsa z szynką i rukolą",
  "subRecipes": [
    {
      "name": "Pinsa z szynką i rukolą",
      "description": "Nagrzewamy piekarnik według instrukcji zawartych na opakowaniu. Pinsę smarujemy pomidorami z puszki, nakładamy tartą mozzarellę. Pieczemy tyle czasu, ile podaje producent na opakowaniu. Na upieczoną pinsę nakładamy rukolę, plasterki mozzarelli, porwaną na kawałki szynkę i pomidorki pokrojone na połówki.",
      "ingredients": [
        {
          "name": "Pinsa",
          "brand": "Bella Italia",
          "amount": "0,5 szt."
        },
        {
          "name": "Passata pomidorowa",
          "brand": "Italiamo",
          "amount": "50 g"
        },
        {
          "name": "Mozzarella żółta",
          "brand": "Pilos",
          "amount": "15 g"
        },
        {
          "name": "Rukola",
          "brand": "Ryneczek Lidla",
          "amount": "25 g"
        },
        {
          "name": "Mozzarella light",
          "brand": "Pilos",
          "amount": "62,5 g"
        },
        {
          "name": "Wędlina drobiowa",
          "brand": "Pikok (Piratki)",
          "amount": "15 g"
        },
        {
          "name": "Pomidory koktajlowe",
          "amount": "80 g"
        }
      ]
    }
  ]
}