{
  "recipeName": "Pizzerinki na spodzie z cukinii (Tomek)",
  "subRecipes": [
    {
      "name": "Carpaccio z buraka",
      "description": "Piekarnik rozgrzać do 210 stopni. Cukinię pokroić na 1,5 centymetrowe plastry. Posmarować oliwą z dodatkiem startego czosnku i dowolnych przypraw. Wstawić na 15 minut do piekarnika. Po wyjęciu cukinii z piekarnika dodać na wierzch przecier pomidorowy z dowolnymi przyprawami, mozzarellę, szynkę i drobno pokrojoną paprykę, oliwki i pieczarki. Wstawić ponownie do piekarnika na 10 minut.",
      "ingredients": [
        {
          "name": "Cukinia",
          "amount": "140 g"
        },
        {
          "name": "Oliwa z oliwek",
          "brand": "Catapano",
          "amount": "5 g"
        },
        {
          "name": "Koncentrat pomidorowy",
          "amount": "40 g"
        },
        {
          "name": "Mozzarella light",
          "brand": "Pilos",
          "amount": "70 g"
        },
        {
          "name": "Oliwki zielone",
          "amount": "20 g"
        },
        {
          "name": "Pieczarki",
          "amount": "50 g"
        },
        {
          "name": "Czosnek",
          "amount": "1 g"
        },
        {
          "name": "Papryka czerwona",
          "amount": "40 g"
        }
      ]
    }
  ]
}