{
  "recipeName": "Placki bananowe z masłem orzechowym i owocami",
  "subRecipes": [
    {
      "name": "Placki bananowe z masłem orzechowym i owocami",
      "description": "Wszystkie składniki na ciasto (jaja, banana, mąkę) zmiksować w misce. Masa powinna być jak na naleśniki. Jeśli masa jest zbyt rzadka należy dosypać trochę mąki. Ciasto wylewać łyżką na rozgrzaną patelnię z tłuszczem. Piec z obu stron, do uzyskania złotego koloru. Podawać z masłem orzechowym i owocami.",
      "ingredients": [
        {
          "name": "Banan",
          "amount": "120 g"
        },
        {
          "name": "Jajko kurze",
          "amount": "2 szt."
        },
        {
          "name": "Mąka kokosowa",
          "brand": "Fivio",
          "amount": "20 g"
        },
        {
          "name": "Maliny",
          "brand": "Freshona",
          "amount": "50 g"
        },
        {
          "name": "Borówki amerykańskie",
          "brand": "Lidl",
          "amount": "50 g"
        },
        {
          "name": "Masło orzechowe",
          "brand": "Słodkie Zdrowie",
          "amount": "10 g"
        },
        {
          "name": "Oliwa z oliwek",
          "brand": "Catapano",
          "amount": "5 g"
        }
      ]
    }
  ]
}