{
  "recipeName": "Proteinowy budyń jaglany",
  "subRecipes": [
    {
      "name": "Proteinowy budyń jaglany",
      "description": "Kaszę zalewamy mlekiem i wodą, gotujemy aż zgęstnieje (ok 15 min). Dodajemy odżywkę a następnie blendujemy na gładką masę. Przelewamy do miseczki dodajemy pokruszoną czekoladę do środka tak aby zatopiła się w puddingu, na wierzch dodajemy świeże owoce, posypujemy cynamonem.",
      "ingredients": [
        {
          "name": "Kasza jaglana",
          "amount": "40 g"
        },
        {
          "name": "Mleko 2%",
          "brand": "Pilos",
          "amount": "150 g"
        },
        {
          "name": "Woda",
          "amount": "100 g"
        },
        {
          "name": "Odżywka białkowa",
          "brand": "Amix",
          "amount": "20 g"
        },
        {
          "name": "Czekolada gorzka",
          "brand": "Wawel",
          "amount": "15 g"
        },
        {
          "name": "Truskawki",
          "brand": "Lidl",
          "amount": "50 g"
        },
        {
          "name": "Cynamon mielony",
          "amount": "2 g"
        }
      ]
    }
  ]
}