{
  "recipeName": "Pudding chia",
  "subRecipes": [
    {
      "name": "Pudding chia (Tomka)",
      "description": "Nasiona chia wymieszać dokładnie jogurtem, wodą, erytrolem i odstawić na ok. 3 godziny do lodówki (można przygotować dzień wcześniej i odstawić na całą noc do lodówki). Następnie dodać pozostałe składniki.",
      "ingredients": [
        {
          "name": "Jogurt naturalny",
          "brand": "Pilos",
          "amount": "200 g"
        },
        {
          "name": "Nasiona chia",
          "brand": "Słodkie Zdrowie",
          "amount": "25 g"
        },
        {
          "name": "Woda",
          "amount": "50 g"
        },
        {
          "name": "Borówki amerykańskie",
          "brand": "Lidl",
          "amount": "100 g"
        },
        {
          "name": "Maliny",
          "brand": "Freshona",
          "amount": "100 g"
        },
        {
          "name": "Czekolada gorzka",
          "brand": "Wawel",
          "amount": "22 g"
        }
      ]
    }
  ]
}
