{
  "recipeName": "Pudding chia z mango",
  "subRecipes": [
    {
      "name": "Pudding chia z mango",
      "description": "Chia mieszamy z jogurtem. Czekoladę kroimy na kawałki. Do chia z jogurtem dorzucamy czekoladę wstawiamy do lodówki na noc. ½ mango blendujemy, ½ mango kroimy w kostkę. Następnie dodajemy na górę zblendowane mango i na samą górę mango w większych kawałkach.",
      "ingredients": [
        {
          "name": "Jogurt naturalny",
          "brand": "Pilos",
          "amount": "125 g"
        },
        {
          "name": "Nasiona chia",
          "brand": "Słodkie Zdrowie",
          "amount": "25 g"
        },
        {
          "name": "Mango",
          "amount": "150 g"
        },
        {
          "name": "Czekolada gorzka",
          "brand": "Wawel",
          "amount": "5 g"
        }
      ]
    }
  ]
}