{
  "recipeName": "Quesadillas z kurczakiem i sosem czosnkowym",
  "subRecipes": [
    {
      "name": "Quesadillas z kurczakiem",
      "description": "Mięso umyć, pokroić na drobną kostkę. Cebulę drobno posiekać, podsmażyć na patelni z oliwą z oliwek, po chwili dodać mięso, doprawić i podsmażyć. W osobnej misce wymieszać pokrojoną: paprykę, pomidora, pomidory suszone oraz roszponkę. Przestudzone mięso połączymy w misce z pozostałymi składnikami. Tortille podgrzać na patelni grillowej posmarowanej oliwą. Na placek wyłożyć nadzienie, ser żółty i przykryć drugą tortillą. Całość docisnąć i zapiec. Po kilku minutach zapieczone quesadillas przełożyć na talerz i przekroić na cztery trójkąty.",
      "ingredients": [
        {
          "name": "Cebula",
          "amount": "25 g"
        },
        {
          "name": "Filet z kurczaka",
          "amount": "100 g"
        },
        {
          "name": "Oliwa z oliwek",
          "brand": "Catapano",
          "amount": "5 g"
        },
        {
          "name": "Papryka czerwona",
          "amount": "50 g"
        },
        {
          "name": "Pomidory",
          "amount": "60 g"
        },
        {
          "name": "Pomidory suszone",
          "amount": "14 g"
        },
        {
          "name": "Przyprawa do kurczaka",
          "amount": "3 g"
        },
        {
          "name": "Roszponka",
          "amount": "25 g"
        },
        {
          "name": "Ser żółty",
          "amount": "30 g"
        },
        {
          "name": "Tortilla pełnoziarnista",
          "brand": "Snack Day",
          "amount": "2 szt."
        }
      ]
    },
    {
      "name": "Sos czosnkowy",
      "description": "Jogurt przełożyć do miseczki, dodać przeciśnięty przez praskę czosnek, sól i wymieszać.",
      "ingredients": [
        {
          "name": "Czosnek",
          "amount": "3 g"
        },
        {
          "name": "Jogurt naturalny",
          "brand": "Pilos",
          "amount": "50 g"
        },
        {
          "name": "Sól",
          "brand": "Słodkie Zdrowie",
          "amount": "0,2 g"
        }
      ]
    }
  ]
}
