{
  "recipeName": "Risotto z kurczakiem, pieczonym kalafiorem i camembertem (Tomek)",
  "subRecipes": [
    {
      "name": "Risotto z kurczakiem, pieczonym kalafiorem i camembertem",
      "description": "Rozgrzać piekarnik do 200 stopni. Różyczki kalafiora ułożyć na kawałku folii aluminiowej, oprószyć solą oraz pieprzem, polać 1 łyżeczką oliwy z oliwek. Folię położyć na blasze do pieczenia i wstawić do piekarnika na około 15 minut. Zagotować bulion (200 ml) i wymieszać z tymiankiem. Na suchej patelni zrumienić płatki migdałów. Na dużej patelni rozgrzać odrobinę oliwy lub masła, wsypać ryż i mieszając podsmażać przez 30 sekund. Wlać 1/2 szklanki gorącego bulionu i gotować na małym ogniu mieszając od czasu do czasu aż ryż całkowicie go zaabsorbuje. Wtedy wlać kolejną porcję bulionu i znów gotować do czasu aż ryż wchłonie cały płyn. Powtarzać przez około 18 - 20 minut, do czasu aż ryż będzie ugotowany al dente (miękki, ale nie rozgotowany). Może zostać trochę bulionu. Trzymając patelnię z ryżem na małym ogniu, włożyć kalafiora oraz pokrojony w kosteczkę ser Camembert oraz podsmażone kawałki kurczaka. Wymieszać, doprawić solą oraz pieprzem. Posypać płatkami  migdałowymi, danie podawać gorące.",
      "ingredients": [
        {
          "name": "Ryż arborio",
          "amount": "100 g"
        },
        {
          "name": "Filet z kurczaka",
          "amount": "120 g"
        },
        {
          "name": "Kalafior",
          "amount": "200 g"
        },
        {
          "name": "Masło",
          "amount": "5 g"
        },
        {
          "name": "Kostka bulionowa warzywna",
          "amount": "0,25 szt."
        },
        {
          "name": "Płatki migdałów",
          "brand": "Belbake",
          "amount": "15 g"
        },
        {
          "name": "Camembert",
          "amount": "40 g"
        },
        {
          "name": "Oliwa z oliwek",
          "brand": "Catapano",
          "amount": "5 g"
        }
      ]
    }
  ]
}
