{
  "recipeName": "Ryż z kalafiora z kurczakiem i warzywami",
  "subRecipes": [
    {
      "name": "Ryż z kalafiora z kurczakiem i warzywami",
      "description": "1. Różyczki kalafiora wrzucamy do rozdrabniacza, by uzyskać go w kawałkach wielkości ryżu.\n2.Rozgrzewamy olej na patelni. Wrzucamy ryż z kalafiora i przyprawiamy solą i pieprzem. Gotujemy 5-7 min aż zmięknie. Po tym czasie przekładamy do miski, przykrywamy i odstawiamy na bok.\n3. Na głębokiej patelni rozgrzewamy resztę oliwy. Pokrojone na małe kawałki mięso przyprawiamy (curry połowa). Posypujemy solą oraz pieprzem wedle uznania. Smażymy mięso na rozgrzanej patelni przez ok. 7 min do zrumienienia kawałków z każdej strony. Nacinamy największy kawałek, jasny kolor oznacza, że mięso jest gotowe.\n4. W tym czasie wszystkie składniki na sos poza wodą blendujemy.\n5. Gdy kurczak jest gotowy, dodajemy marchewkę pokrojoną w cienkie plasterki, paprykę, cebulę i groszek. Doprawiamy solą i pieprzem, następnie wszystko mieszamy.\n6. Gotujemy 10 min, po tym czasie dodajemy sok z cytryny, mieszamy i gotujemy dodatkowe 3 min.\n7. Następnie dodajemy sos i mieszamy. Jeśli sos jest za gęsty, dolewamy stopniowo wodę do uzyskania preferowanej konsystencji. Zostawiamy na ogniu na przynajmniej 10 min.\n8. Podajemy z ryżem z kalafiora. Na wierzch dodajemy wcześniej uprażone na suchej patelni orzechy nerkowca.",
      "ingredients": [
        {
          "name": "Filet z kurczaka",
          "amount": "150 g"
        },
        {
          "name": "Kalafior",
          "amount": "125 g"
        },
        {
          "name": "Marchew",
          "amount": "40 g"
        },
        {
          "name": "Papryka czerwona",
          "amount": "85 g"
        },
        {
          "name": "Cebula",
          "amount": "20 g"
        },
        {
          "name": "Groszek cukrowy",
          "amount": "75 g"
        },
        {
          "name": "Sok z cytryny",
          "amount": "6 g"
        },
        {
          "name": "Orzechy nerkowca",
          "amount": "10 g"
        },
        {
          "name": "Oliwa z oliwek",
          "brand": "Catapano",
          "amount": "5 g"
        },
        {
          "name": "Sól",
          "brand": "Słodkie Zdrowie",
          "amount": "0.25 g"
        },
        {
          "name": "Mleczko kokosowe light",
          "brand": "Vitasia",
          "amount": "80 g"
        },
        {
          "name": "Imbir",
          "amount": "2.5 g"
        },
        {
          "name": "Czosnek",
          "amount": "3 g"
        },
        {
          "name": "Curry mielone",
          "amount": "4 g"
        },
        {
          "name": "Kolendra świeża",
          "amount": "2 g"
        },
        {
          "name": "Cynamon mielony",
          "amount": "2 g"
        },
        {
          "name": "Płatki chilli",
          "amount": "2.5 g"
        },
        {
          "name": "Pieprz czarny mielony",
          "amount": "0,25 g"
        } 
      ]
    }
  ],
  "imageUrl": "https://mwrzosek-prod-wp-static.s3.eu-central-1.amazonaws.com/wp-content/uploads/2018/03/17233133/gora-1.png",
  "comment": "TODO: TYMCZASOWA DEFINICJA PRZEPISU - UZUPELNIC ZGODNIE Z ORYGINALNYM PRZEPISEM NA STRONIE RESPO!!!",
  "source": "https://centrumrespo.pl/"
}