{
  "recipeName": "Sałata z sera z łososiem i jajkiem, pomidor ze szczypiorkiem, pieczywo (zredukowany)",
  "subRecipes": [
    {
      "name": "Serek ziarnisty z łososiem i jajkiem, pieczywo",
      "description": "Serek wymieszać z pokrojonym w paski łososiem i ugotowanym, pokrojonym w kostkę jajkiem. Dodać posiekaną cebulę, przeciśnięty przez praskę czosnek. Doprawić pieprzem i wymieszać. Podawać z pieczywem posmarowanym masłem.",
      "ingredients": [
        {
          "name": "Cebula",
          "amount": "25 g"
        },
        {
          "name": "Pieczywo chrupkie kukurydziane",
          "brand": "Tastino",
          "amount": "30 g"
        },
        {
          "name": "Czosnek",
          "amount": "6 g"
        },
        {
          "name": "Jajko kurze",
          "amount": "1 szt."
        },
        {
          "name": "Łosoś wędzony na zimno",
          "brand": "Nautica",
          "amount": "60 g"
        },
        {
          "name": "Masło",
          "amount": "10 g"
        },
        {
          "name": "Pieprz czarny mielony",
          "amount": "0,2 g"
        },
        {
          "name": "Serek wiejski",
          "amount": "100 g"
        }
      ]
    },
    {
      "name": "Pomidor ze szczypiorkiem",
      "description": "Pomidora sparzyć, obrać ze skórki, pokroić w plastry. Ułożyć na talerzu i posypać posiekanym szczypiorkiem.",
      "ingredients": [
        {
          "name": "Pomidory",
          "amount": "150 g"
        },
        {
          "name": "Szczypiorek",
          "amount": "6 g"
        }
      ]
    }
  ]
}
