{
  "recipeName": "Serek ziarnisty, kanapki z szynką i warzywami",
  "subRecipes": [
    {
      "name": "Kanapki z szynką i warzywami",
      "description": "Pieczywo posmarować masłem, położyć sałatę, szynkę, plastry pomidora i ogórka.",
      "ingredients": [
        {
          "name": "Chleb żytni",
          "amount": "90 g"
        },
        {
          "name": "Hummus",
          "brand": "Vemondo",
          "amount": "30 g"
        },
        {
          "name": "Sałata",
          "amount": "15 g"
        },
        {
          "name": "Wędlina drobiowa",
          "brand": "Pikok (Piratki)",
          "amount": "30 g"
        },
        {
          "name": "Pomidory",
          "amount": "60 g"
        },
        {
          "name": "Ogórek",
          "amount": "50 g"
        }
      ]
    },
    {
      "name": "Serek ziarnisty",
      "description": "Serek ziarnisty wymieszać z pokrojonym szczypiorkiem.",
      "ingredients": [
        {
          "name": "Serek wiejski",
          "amount": "200 g"
        },
        {
          "name": "Szczypiorek",
          "amount": "5 g"
        }
      ]
    }
  ]
}