{
  "recipeName": "Sycący koktajl orzechowo-bananowy",
  "subRecipes": [
    {
      "name": "Sycący koktajl orzechowo-bananowy",
      "description": "Wszystkie składniki dokładnie ze sobą zmiksować.",
      "ingredients": [
        {
          "name": "Banan",
          "amount": "220 g"
        },
        {
          "name": "Masło orzechowe",
          "brand": "Słodkie Zdrowie",
          "amount": "20 g"
        },
        {
          "name": "Mleko 2%",
          "brand": "Pilos",
          "amount": "220 g"
        },
        {
          "name": "Odżywka białkowa",
          "brand": "Amix",
          "amount": "30 g"
        },
        {
          "name": "Płatki jaglane",
          "brand": "Crownfield",
          "amount": "10 g"
        }
      ]
    }
  ]
}