{
  "recipeName": "Tofucznica z czerwoną papryką, świeżym ogórkiem i pieczywem (Wrzosek)",
  "subRecipes": [
    {
      "name": "Podsmażanie",
      "description": "Paprykę i cebulkę siekamy, podsmażamy na rozgrzanym oleju przez około 5 minut. Dodajemy pokruszone tofu, sól, kurkumę, płatki drożdżowe i podsmażamy.",
      "ingredients": [
        {
          "name": "Papryka czerwona",
          "amount": "170 g"
        },
        {
          "name": "Cebula czerwona",
          "amount": "80 g"
        },
        {
          "name": "Oliwa z oliwek",
          "brand": "Catapano",
          "amount": "10 g"
        },
        {
          "name": "Tofu",
          "amount": "180 g"
        },
        {
          "name": "Sól",
          "brand": "Słodkie Zdrowie",
          "amount": "0,2 g"
        },
        {
          "name": "Kurkuma mielona",
          "amount": "1 g"
        },
        {
          "name": "Płatki drożdżowe",
          "amount": "5 g"
        }
      ]
    },
    {
      "name": "Masa",
      "description": "Dolewamy wodę i odparowujemy, aż uzyskamy odpowiednią konsystencję.",
      "ingredients": [
        {
          "name": "Woda",
          "amount": "30 g"
        }
      ]
    },
    {
      "name": "Tofucznica",
      "description": "Tofucznicę posypujemy drobnym szczypiorkiem, podajemy z pieczywem i ogórkiem pokrojonym w słupki.",
      "ingredients": [
        {
          "name": "Szczypiorek",
          "amount": "10 g"
        },
        {
          "name": "Chleb żytni",
          "amount": "120 g"
        },
        {
          "name": "Ogórek",
          "amount": "150 g"
        }
      ]
    }
  ]
}