{
  "recipeName": "Tortilla z jajecznicą",
  "subRecipes": [
    {
      "name": "Tortilla z jajecznicą",
      "description": "1. Na patelni rozgrzewamy oliwę, smażymy\njajecznicę. Przyprawiamy solą, pieprzem\noraz słodką papryką.\n2. Tortillę smarujemy serkiem, nakładamy\nszpinak, pokrojoną paprykę i jajecznicę.\nZawijamy w rulon. Smacznego!",
      "ingredients": [
        {
          "name": "Tortilla pełnoziarnista",
          "brand": "Snack Day",
          "amount": "2 szt."
        },
        {
          "name": "Wędlina drobiowa",
          "brand": "Pikok (Piratki)",
          "amount": "40 g"
        },
        {
          "name": "Papryka czerwona",
          "amount": "120 g"
        },
        {
          "name": "Ser zółty active protein",
          "brand": "Ryki",
          "amount": "80 g"
        },
        {
          "name": "Jajko kurze",
          "amount": "2 szt."
        },
        {
          "name": "Sól",
          "brand": "Słodkie Zdrowie",
          "amount": "0,25 g"
        },
        {
          "name": "Pieprz czarny mielony",
          "amount": "0,25 g"
        },
        {
          "name": "Oliwa z oliwek",
          "brand": "Catapano",
          "amount": "5 g"
        }
      ]
    }
  ],
  "imageUrl": "https://mwrzosek-prod-wp-static.s3.eu-central-1.amazonaws.com/wp-content/uploads/2023/09/29090318/tortilla-1.png",
  "comment": "TODO: TYMCZASOWA DEFINICJA PRZEPISU - UZUPELNIC ZGODNIE Z ORYGINALNYM PRZEPISEM NA STRONIE RESPO!!!",
  "source": "https://centrumrespo.pl/"
}