{
  "recipeName": "Tortilla z pastą jajeczną i awokado",
  "subRecipes": [
    {
      "name": "Pasta jajeczna z awokado",
      "description": "Jajka gotujemy. Wędline drobno kroimy. Obieramy awokado. Wszystko razem ugniatamy. Doprawić solą i pieprzem.",
      "ingredients": [
        {
          "name": "Jajko kurze",
          "amount": "2 szt."
        },
        {
          "name": "Wędlina drobiowa",
          "brand": "Pikok (Piratki)",
          "amount": "80 g"
        },
        {
          "name": "Awokado",
          "amount": "100 g"
        },
        {
          "name": "Sól",
          "brand": "Słodkie Zdrowie",
          "amount": "0,25 g"
        },
        {
          "name": "Pieprz czarny mielony",
          "amount": "0,25 g"
        },
        {
          "name": "Tortilla pełnoziarnista",
          "brand": "Snack Day",
          "amount": "1 szt."
        }
      ]
    }
  ]
}