{
  "recipeName": "Tortilla z szynką, serem i papryką",
  "subRecipes": [
    {
      "name": "Tortilla z szynką, serem i papryką",
      "description": "Placek posmarować serem, posypać szczyptą suszonej bazylii i oregano. Następnie ułożyć na nim ser oraz wędlinę oraz papryką pokrojoną na kawałki. Złóż w dowolny sposób.",
      "ingredients": [
        {
          "name": "Tortilla pełnoziarnista",
          "brand": "Snack Day",
          "amount": "1 szt."
        },
        {
          "name": "Wędlina drobiowa",
          "brand": "Pikok (Piratki)",
          "amount": "40 g"
        },
        {
          "name": "Papryka czerwona",
          "amount": "130 g"
        },
        {
          "name": "Bazylia suszona",
          "amount": "0,2 g"
        },
        {
          "name": "Oregano suszone",
          "amount": "0,2 g"
        },
        {
          "name": "Serek śmietankowy",
          "brand": "Pilos",
          "amount": "20 g"
        },
        {
          "name": "Ser żółty",
          "amount": "30 g"
        }
      ]
    }
  ]
}