{
  "recipeName": "Tortilla z kurczakiem, warzywami i serem typu feta",
  "subRecipes": [
    {
      "name": "Tortilla",
      "description": "Mięso kroimy w kawałki około 2 cm, przyprawiamy solą, pieprzem oraz czosnkiem granulowanym. Mięso smażymy na rozgrzanym oleju.\nKroimy pomidora, ogórka oraz ser typu feta.\nNa placek tortilla nakładamy sos, rukolę, pokrojone warzywa, mięso i ser. Całość zwijamy.\nJeśli chcemy, możemy podgrzać tortillę na patelni lub na grillu. Smacznego!",
      "ingredients": [
        {
          "name": "Tortilla pełnoziarnista",
          "brand": "Snack Day",
          "amount": "1 szt."
        },
        {
          "name": "Filet z kurczaka",
          "amount": "75 g"
        },
        {
          "name": "Czosnek mielony",
          "amount": "1 g"
        },
        {
          "name": "Sól",
          "brand": "Słodkie Zdrowie",
          "amount": "0.25 g"
        },
        {
          "name": "Pieprz czarny mielony",
          "amount": "0.25 g"
        },
        {
          "name": "Ogórek",
          "amount": "75 g"
        },
        {
          "name": "Pomidory",
          "amount": "40 g"
        },
        {
          "name": "Rukola",
          "brand": "Ryneczek Lidla",
          "amount": "20 g"
        },
        {
          "name": "Feta",
          "amount": "50 g"
        },
        {
          "name": "Oliwa z oliwek",
          "brand": "Catapano",
          "amount": "5 g"
        }
      ]
    },
    {
      "name": "Sos",
      "description": "Sos jogurtowy przygotowujemy z jogurtu naturalnego, startego czosnku, koperku oraz soku z cytryny. Doprawiamy solą oraz pieprzem.",
      "ingredients": [
        {
          "name": "Jogurt naturalny",
          "brand": "Pilos",
          "amount": "60 g"
        },
        {
          "name": "Czosnek",
          "amount": "3 g"
        },
        {
          "name": "Sok z cytryny",
          "amount": "6 g"
        },
        {
          "name": "Koperek świeży",
          "amount": "4 g"
        }
      ]
    }
  ],
  "imageUrl": "https://mwrzosek-prod-wp-static.s3.eu-central-1.amazonaws.com/wp-content/uploads/2021/12/18175626/tortilla-kur.png",
  "comment": "TODO: TYMCZASOWA DEFINICJA PRZEPISU - UZUPELNIC ZGODNIE Z ORYGINALNYM PRZEPISEM NA STRONIE RESPO!!!",
  "source": "https://centrumrespo.pl/"
}