{
  "recipeName": "Tortilla z majonezem, serem feta, szynką i warzywami",
  "subRecipes": [
    {
      "name": "Tortilla z majonezem, serem feta, szynką i warzywami",
      "description": "Placek posmarować majonezem, na środku wzdłuż rozłożyć pociętą na paski szynkę, ser feta, ogórka . Posypujemy posiekaną pietruszką . Zawijać ciasno i pokroić skośnie na mniejsze porcje",
      "ingredients": [
        {
          "name": "Tortilla pełnoziarnista",
          "brand": "Snack Day",
          "amount": "1 szt."
        },
        {
          "name": "Wędlina drobiowa",
          "brand": "Pikok (Piratki)",
          "amount": "100 g"
        },
        {
          "name": "Serek śmietankowy",
          "brand": "Pilos",
          "amount": "15 g"
        },
        {
          "name": "Ogórek",
          "amount": "100 g"
        },
        {
          "name": "Natka pietruszki świeża",
          "amount": "10 g"
        },
        {
          "name": "Feta",
          "amount": "50 g"
        }
      ]
    }
  ]
}