{
  "recipeName": "Tortilla z majonezem, szynka, mozzarellą i ogórkiem",
  "subRecipes": [
    {
      "name": "Tortilla z majonezem, szynka, mozzarellą i ogórkiem",
      "description": "Placek posmarować majonezem , na środku wzdłuż rozłożyć pociętą na paski szynkę, ogórka i mozzarellę . Zawijać ciasno i pokroić skośnie na mniejsze porcje.",
      "ingredients": [
        {
          "name": "Tortilla pełnoziarnista",
          "brand": "Snack Day",
          "amount": "1 szt."
        },
        {
          "name": "Wędlina drobiowa",
          "brand": "Pikok (Piratki)",
          "amount": "100 g"
        },
        {
          "name": "Serek śmietankowy",
          "brand": "Pilos",
          "amount": "20 g"
        },
        {
          "name": "Ogórek",
          "amount": "100 g"
        },
        {
          "name": "Mozzarella light",
          "brand": "Pilos",
          "amount": "45 g"
        }
      ]
    }
  ]
}