{
  "recipeName": "Tortilla na słodko z masłem orzechowym i owocami",
  "subRecipes": [
    {
      "name": "Tortilla na słodko z masłem orzechowym i owocami",
      "description": "1. Tortille smarujemy masłem orzechowym.\n2. Układamy cienkie plasterki jabłka.\n3. Składamy na pół. Kroimy na trójkąty.\n4. Tortillę zjadamy ze skyrem.",
      "ingredients": [
        {
          "name": "Tortilla pełnoziarnista",
          "brand": "Snack Day",
          "amount": "2 szt."
        },
        {
          "name": "Masło orzechowe",
          "brand": "Słodkie Zdrowie",
          "amount": "20 g"
        },
        {
          "name": "Jabłko",
          "amount": "150 g"
        },
        {
          "name": "Cynamon mielony",
          "amount": "1 g"
        },
        {
          "name": "Skyr naturalny",
          "brand": "Pilos",
          "amount": "340 g"
        }
      ]
    }
  ],
  "imageUrl": "https://mwrzosek-prod-wp-static.s3.eu-central-1.amazonaws.com/wp-content/uploads/2023/12/07103907/tortilla-na-slodko.png",
  "comment": "TODO: TYMCZASOWA DEFINICJA PRZEPISU - UZUPELNIC ZGODNIE Z ORYGINALNYM PRZEPISEM NA STRONIE RESPO!!!",
  "source": "https://centrumrespo.pl/"
}