{
  "recipeName": "Tortilla z serkiem śmietankowym, łososiem wędzonym i warzywami",
  "subRecipes": [
    {
      "name": "Tortilla z serkiem śmietankowym, łososiem wędzonym i warzywami",
      "description": "Kroimy ogórka. Siekamy szczypiorek i mieszamy z serkiem , doprawiamy solą i pieprzem. Placek tortilli smarujemy serkiem, nakładamy na niego wędzonego łososia, ogórka, umytą rukolę, a następnie zawijamy.",
      "ingredients": [
        {
          "name": "Tortilla pełnoziarnista",
          "brand": "Snack Day",
          "amount": "1 szt."
        },
        {
          "name": "Serek śmietankowy",
          "brand": "Pilos",
          "amount": "25 g"
        },
        {
          "name": "Szczypiorek",
          "amount": "5 g"
        },
        {
          "name": "Łosoś wędzony na zimno",
          "brand": "Nautica",
          "amount": "100 g"
        },
        {
          "name": "Ogórek",
          "amount": "100 g"
        },
        {
          "name": "Rukola",
          "brand": "Ryneczek Lidla",
          "amount": "20 g"
        }
      ]
    }
  ]
}