{
  "recipeName": "Tortilla z kurczakiem i warzywami",
  "subRecipes": [
    {
      "name": "Farsz",
      "description": "Mięso posmarować olejem wymieszanym ze słodką papryką. Patelnię rozgrzać do średniej temperatury i smażyć kurczaka po około 3 minuty z obu stron. Następnie zmniejszyć ogień do minimum, przykryć patelnię i smażyć jeszcze 1 minutę. Gotowego kurczaka pokroić w plastry. Na tortillę nałożyć porwaną na mniejsze kawałki sałatę, kawałki pokrojonego pomidora i ogórka oraz pokrojonego kurczaka. Całość polać sosem i posypać pestkami dyni. Złożyć boki tortilli do środka i zawinąć jak roladę. Przekroić tortillę na pół i przewiązać każdą połówkę szczypiorkiem.",
      "ingredients": [
        {
          "name": "Tortilla pełnoziarnista",
          "brand": "Snack Day",
          "amount": "1 szt."
        },
        {
          "name": "Pestki dyni",
          "brand": "Alesto",
          "amount": "10 g"
        },
        {
          "name": "Filet z kurczaka",
          "amount": "50 g"
        },
        {
          "name": "Ogórek",
          "amount": "50 g"
        },
        {
          "name": "Olej rzepakowy",
          "brand": "Kujawski",
          "amount": "5 g"
        },
        {
          "name": "Papryka słodka mielona",
          "amount": "4 g"
        },
        {
          "name": "Pomidory",
          "amount": "60 g"
        },
        {
          "name": "Sałata",
          "amount": "15 g"
        },
        {
          "name": "Szczypiorek",
          "amount": "5 g"
        }
      ]
    },
    {
      "name": "Sos",
      "description": "W niewielkiej miseczce umieścić jogurt naturalny, serek, oregano, pieprz i porządnie wymieszać.",
      "ingredients": [
        {
          "name": "Jogurt naturalny",
          "brand": "Pilos",
          "amount": "25 g"
        },
        {
          "name": "Oregano suszone",
          "amount": "0,2 g"
        },
        {
          "name": "Pieprz czarny mielony",
          "amount": "0,2 g"
        },
        {
          "name": "Serek śmietankowy",
          "brand": "Pilos",
          "amount": "10 g"
        }
      ]
    }
  ]
}