{
  "recipeName": "Twarożek z rzodkiewką, chleb chrupki z wędliną, owoc",
  "subRecipes": [
    {
      "name": "Chleb chrupki z wędliną i ogórkiem",
      "description": "Chleb chrupki posmarować masłem, położyć wędlinę oraz ogórka.",
      "ingredients": [
        {
          "name": "Pieczywo chrupkie żytnie",
          "brand": "Tastino",
          "amount": "20 g"
        },
        {
          "name": "Wędlina drobiowa",
          "brand": "Pikok (Piratki)",
          "amount": "20 g"
        },
        {
          "name": "Masło",
          "amount": "5 g"
        },
        {
          "name": "Ogórek",
          "amount": "20 g"
        }
      ]
    },
    {
      "name": "Owoc",
      "description": "Jabłko umyć przed zjedzeniem.",
      "ingredients": [
        {
          "name": "Jabłko",
          "amount": "220 g"
        }
      ]
    },
    {
      "name": "Twarożek z rzodkiewką",
      "description": "Serek przełożyć do miseczki. Dodać pokrojoną w plasterki rzodkiewkę. Przyprawić pieprzem.",
      "ingredients": [
        {
          "name": "Serek wiejski",
          "amount": "200 g"
        },
        {
          "name": "Rzodkiewka",
          "amount": "50 g"
        },
        {
          "name": "Pieprz czarny mielony",
          "amount": "0,2 g"
        }
      ]
    }
  ]
}