{
  "recipeName": "Twarożek z warzywami (Tomek)",
  "subRecipes": [
    {
      "name": "Twarożek z warzywami",
      "description": "Wymieszać.",
      "ingredients": [
        {
          "name": "Serek wiejski",
          "amount": "200 g"
        },
        {
          "name": "Pomidory",
          "amount": "100 g"
        },
        {
          "name": "Szczypiorek",
          "amount": "5 g"
        },
        {
          "name": "Rzodkiewka",
          "amount": "100 g"
        }
      ]
    }
  ]
}