{
  "recipeName": "Wrap z hummusem i kurczakiem",
  "subRecipes": [
    {
      "name": "Wrap z hummusem i kurczakiem",
      "description": "Mięso kroimy na kawałki. Przyprawiamy solą, pieprzem i papryką. Smażymy na rozgrzanej oliwie. Tortillę smarujemy hummusem. Układamy sałatę, kawałki papryki, mięso i zawijamy. Możemy podpiec na suchej patelni. Dekorujemy pomidorkami koktajlowymi.",
      "ingredients": [
        {
          "name": "Tortilla pełnoziarnista",
          "brand": "Snack Day",
          "amount": "1 szt."
        },
        {
          "name": "Hummus",
          "brand": "Vemondo",
          "amount": "30 g"
        },
        {
          "name": "Mieszanka sałat",
          "amount": "25 g"
        },
        {
          "name": "Papryka czerwona",
          "amount": "85 g"
        },
        {
          "name": "Filet z kurczaka",
          "amount": "100 g"
        },
        {
          "name": "Oliwa z oliwek",
          "brand": "Catapano",
          "amount": "2,5 g"
        },
        {
          "name": "Sól",
          "brand": "Słodkie Zdrowie",
          "amount": "0,1 g"
        },
        {
          "name": "Pieprz czarny mielony",
          "amount": "0,1 g"
        },
        {
          "name": "Papryka słodka mielona",
          "amount": "1,5 g"
        },
        {
          "name": "Pomidory koktajlowe",
          "amount": "50 g"
        }
      ]
    }
  ]
}