{
  "recipeName": "Łosoś w sosie musztardowo-miodowym z ryżem oraz brokułem",
  "subRecipes": [
    {
      "name": "Łosoś w sosie musztardowo-miodowym z ryżem oraz brokułem",
      "description": "1. Ryż gotujemy zgodnie z instrukcją na opakowaniu.\n2. Brokuła i kalafiora dzielimy na różyczki, myjemy, a następnie gotujemy w osolonej wodzie z ksylitolem przez 5-7 minut od zagotowania wody.\n3.Zdejmujemy skórę z łososia.\n4.Do miseczki nakładamy miód, musztardę, odrobinę soli, pieprzu, sok z cytryny i mieszamy na jednolitą masę.\n5. Przygotowanego łososia umieszczamy w miseczce z marynatą i dokładnie w niej obtaczamy.\n6.Blaszkę wykładamy papierem do pieczenia i układamy przyprawionego łososia. Pieczemy w temperaturze 190 stopni przez około 12-15 minut.\n7.Upieczoną rybę podajemy z ryżem oraz różyczkami kalafiora i brokuła. Smacznego!",
      "ingredients": [
        {
          "name": "Łosoś świeży",
          "amount": "175 g"
        },
        {
          "name": "Ryż basmati",
          "amount": "25 g"
        },
        {
          "name": "Brokuł",
          "amount": "50 g"
        },
        {
          "name": "Miód",
          "amount": "12 g"
        },
        {
          "name": "Musztarda",
          "amount": "10 g"
        },
        {
          "name": "Sok z cytryny",
          "amount": "6 g"
        },
        {
          "name": "Sól",
          "brand": "Słodkie Zdrowie",
          "amount": "0,25 g"
        },
        {
          "name": "Pieprz czarny mielony",
          "amount": "0,25 g"
        }
      ]
    }
  ],
  "imageUrl": "https://mwrzosek-prod-wp-static.s3.eu-central-1.amazonaws.com/wp-content/uploads/2021/11/06151804/0.png",
  "comment": "TODO: TYMCZASOWA DEFINICJA PRZEPISU - UZUPELNIC ZGODNIE Z ORYGINALNYM PRZEPISEM NA STRONIE RESPO!!!",
  "source": "https://centrumrespo.pl/"
}