{
  "recipeName": "Żółte curry z cukinią i kurczakiem",
  "subRecipes": [
    {
      "name": "Żółte curry z cukinią i kurczakiem",
      "description": "1. Pierś z kurczaka kroimy w kostkę, doprawiamy solą i pieprzem.\n2. Cebulę i czosnek drobno siekamy. Cukinię dokładnie myjemy i kroimy w talarki. Pora obieramy i kroimy w paseczki.\n3. Na patelni rozgrzewamy oliwę z oliwek. Podsmażamy kurczaka, aż się zarumieni i przekładamy do miseczki.\n4.Następnie podsmażamy cebulę i czosnek, dodajemy curry i smażymy jeszcze chwilę. Dodajemy cukinię, pora i dolewamy trochę wody. Dusimy aż warzywa będą miękkie.\n5.W tym samym czasie gotujemy ryż.\n6. Dodajemy kurczaka i mleczko kokosowe. Całość mieszamy i dusimy jeszcze kilka minut.\n 7. Nakładamy razem z ugotowanym ryżem i cieszymy się daniem. Smacznego!",
      "ingredients": [
        {
          "name": "Filet z kurczaka",
          "amount": "150 g"
        },
        {
          "name": "Cebula",
          "amount": "20 g"
        },
        {
          "name": "Czosnek",
          "amount": "6 g"
        },
        {
          "name": "Cukinia",
          "amount": "75 g"
        },
        {
          "name": "Por",
          "amount": "70 g"
        },
        {
          "name": "Oliwa z oliwek",
          "brand": "Catapano",
          "amount": "5 g"
        },
        {
          "name": "Curry mielone",
          "amount": "4 g"
        },
        {
          "name": "Ryż basmati",
          "amount": "35 g"
        },
        {
          "name": "Mleczko kokosowe light",
          "brand": "Vitasia",
          "amount": "80 g"
        },
        {
          "name": "Sól",
          "brand": "Słodkie Zdrowie",
          "amount": "0,25 g"
        },
        {
          "name": "Pieprz czarny mielony",
          "amount": "0,25 g"
        }
      ]
    }
  ],
  "imageUrl": "https://mwrzosek-prod-wp-static.s3.eu-central-1.amazonaws.com/wp-content/uploads/2017/12/18000309/Zolte-curry-z-cukinia-i-kurczakiem-male.png",
  "comment": "TODO: TYMCZASOWA DEFINICJA PRZEPISU - UZUPELNIC ZGODNIE Z ORYGINALNYM PRZEPISEM NA STRONIE RESPO!!!",
  "source": "https://centrumrespo.pl/"
}