{
  "dietDay": "2024-09-16",
  "breakfast": {
    "recipeId": "Proteinowy budyń jaglany",
    "portion": 1
  },
  "secondBreakfast": {
    "recipeId": "Chleb z hummusem, rukolą i papryką",
    "portion": 1
  },
  "lunch": {
    "recipeId": "Burgery drobiowe z ziemniakami",
    "portion": 1
  },
  "afternoonSnack": {
    "recipeId": "Chleb z hummusem, rukolą i papryką",
    "portion": 1
  },
  "dinner": {
    "recipeId": "Jagodowy koktajl z nasionami chia",
    "portion": 1
  },
  "isDietNameInsteadId": true
}
