{
  "dietDay": "2024-09-12",
  "breakfast": {
    "recipeId": "Omlet z cukinią, szynką i mozzarellą",
    "portion": 1
  },
  "secondBreakfast": {
    "recipeId": "Chleb z hummusem, rukolą i papryką",
    "portion": 1
  },
  "lunch": {
    "recipeId": "Zapiekanka jajeczna z kurczakiem i warzywami",
    "portion": 1
  },
  "afternoonSnack": {
    "recipeId": "Chleb z hummusem, rukolą i papryką",
    "portion": 1
  },
  "dinner": {
    "recipeId": "Koktajl z bananem i truskawkami",
    "portion": 1
  },
  "isDietNameInsteadId": true
}
