{
  "dietDay": "2024-09-01",
  "breakfast": {
    "recipeId": "Omlet z cukinią, szynką i mozzarellą",
    "portion": 1
  },
  "secondBreakfast": {
    "recipeId": "Jogurt kokosowy z nasionami chia i jabłkiem",
    "portion": 1
  },
  "lunch": {
    "recipeId": "Kurczak po chińsku z warzywami i ryżem",
    "portion": 1
  },
  "afternoonSnack": {
    "recipeId": "Jogurt kokosowy z nasionami chia i jabłkiem",
    "portion": 1
  },
  "dinner": {
    "recipeId": "Koktajl jaglano-owocowy ze szpinakiem",
    "portion": 1
  },
  "isDietNameInsteadId": true
}
