{
  "dietDay": "2024-09-19",
  "breakfast": {
    "recipeId": "Serek ziarnisty, kanapki z szynką i warzywami",
    "portion": 1
  },
  "secondBreakfast": {
    "recipeId": "Pudding chia",
    "portion": 1
  },
  "lunch": {
    "recipeId": "Grillowany filet, kasza jaglana, kapusta kiszona z olejem lnianym",
    "portion": 1
  },
  "afternoonSnack": {
    "recipeId": "Pudding chia",
    "portion": 1
  },
  "dinner": {
    "recipeId": "Koktajl jagodowy",
    "portion": 1
  },
  "isDietNameInsteadId": true
}
