{
  "dietDay": "2024-09-14",
  "breakfast": {
    "recipeId": "Bananowe placuszki z mąki owsianej (Wrzosek)",
    "portion": 1
  },
  "secondBreakfast": {
    "recipeId": "Wrap z hummusem i kurczakiem",
    "portion": 1
  },
  "lunch": {
    "recipeId": "Makaron z krewetkami i cukinią (Tomek)",
    "portion": 1
  },
  "afternoonSnack": {
    "recipeId": "Wrap z hummusem i kurczakiem",
    "portion": 1
  },
  "dinner": {
    "recipeId": "Koktajl jaglano-owocowy ze szpinakiem",
    "portion": 1
  },
  "isDietNameInsteadId": true
}
