{
  "dietDay": "2024-09-11",
  "breakfast": {
    "recipeId": "Kanapki z pastą jajeczną",
    "portion": 1
  },
  "secondBreakfast": {
    "recipeId": "Tortilla z kurczakiem i warzywami",
    "portion": 1
  },
  "lunch": {
    "recipeId": "Zapiekanka jajeczna z kurczakiem i warzywami",
    "portion": 1
  },
  "afternoonSnack": {
    "recipeId": "Tortilla z kurczakiem i warzywami",
    "portion": 1
  },
  "dinner": {
    "recipeId": "Energetyczny koktajl mleczny",
    "portion": 1
  },
  "isDietNameInsteadId": true
}
