{
  "dietDay": "2024-09-15",
  "breakfast": {
    "recipeId": "Jajecznica ze szpinakiem i suszonymi pomidorami",
    "portion": 1
  },
  "secondBreakfast": {
    "recipeId": "Borówkowa owsianka na zimno",
    "portion": 1
  },
  "lunch": {
    "recipeId": "Burgery drobiowe z ziemniakami",
    "portion": 1
  },
  "afternoonSnack": {
    "recipeId": "Borówkowa owsianka na zimno",
    "portion": 1
  },
  "dinner": {
    "recipeId": "Jagodowy koktajl z nasionami chia",
    "portion": 1
  },
  "isDietNameInsteadId": true
}
