{
  "dietDay": "2024-09-17",
  "breakfast": {
    "recipeId": "Omlet z cukinią, szynką i mozzarellą",
    "portion": 1
  },
  "secondBreakfast": {
    "recipeId": "Jogurt kokosowy z nasionami chia i jabłkiem",
    "portion": 1
  },
  "lunch": {
    "recipeId": "Makaron z kurczakiem, suszonymi pomidorami i szpinakiem",
    "portion": 1
  },
  "afternoonSnack": {
    "recipeId": "Jogurt kokosowy z nasionami chia i jabłkiem",
    "portion": 1
  },
  "dinner": {
    "recipeId": "Koktajl z mango",
    "portion": 1
  },
  "isDietNameInsteadId": true
}
