{
  "dietDay": "2024-09-18",
  "breakfast": {
    "recipeId": "Kanapki z nutellą z awokado",
    "portion": 1
  },
  "secondBreakfast": {
    "recipeId": "Tortilla z serkiem śmietankowym, łososiem wędzonym i warzywami",
    "portion": 1
  },
  "lunch": {
    "recipeId": "Makaron z kurczakiem, suszonymi pomidorami i szpinakiem",
    "portion": 1
  },
  "afternoonSnack": {
    "recipeId": "Tortilla z serkiem śmietankowym, łososiem wędzonym i warzywami",
    "portion": 1
  },
  "dinner": {
    "recipeId": "Koktajl z mango",
    "portion": 1
  },
  "isDietNameInsteadId": true
}
