{
  "dietDay": "2024-09-22",
  "breakfast": {
    "recipeId": "Serek ziarnisty, kanapki z szynką i warzywami",
    "portion": 1
  },
  "secondBreakfast": {
    "recipeId": "Pinsa z szynką i rukolą",
    "portion": 1
  },
  "lunch": {
    "recipeId": "Filet z indyka w jaglanej panierce, ryż, bukiet warzyw",
    "portion": 1
  },
  "afternoonSnack": {
    "recipeId": "Serek ziarnisty, kanapki z szynką i warzywami",
    "portion": 1
  },
  "dinner": {
    "recipeId": "Koktajl jaglano-owocowy ze szpinakiem",
    "portion": 1
  },
  "isDietNameInsteadId": true
}
