{
  "dietDay": "2024-09-26",
  "breakfast": {
    "recipeId": "Proteinowy budyń jaglany",
    "portion": 1
  },
  "secondBreakfast": {
    "recipeId": "Chleb z hummusem, rukolą i papryką",
    "portion": 1
  },
  "lunch": {
    "recipeId": "Dorsz smażony ze szpinakiem i ziemniakami",
    "portion": 1
  },
  "afternoonSnack": {
    "recipeId": "Chleb z hummusem, rukolą i papryką",
    "portion": 1
  },
  "dinner": {
    "recipeId": "Koktajl jagodowy",
    "portion": 1
  },
  "isDietNameInsteadId": true
}
