{
  "dietDay": "2024-09-27",
  "breakfast": {
    "recipeId": "Omlet z cukinią, szynką i mozzarellą",
    "portion": 1
  },
  "secondBreakfast": {
    "recipeId": "Jogurt kokosowy z nasionami chia i jabłkiem",
    "portion": 1
  },
  "lunch": {
    "recipeId": "Makaron penne z brokułami i kurczakiem",
    "portion": 1
  },
  "afternoonSnack": {
    "recipeId": "Jogurt kokosowy z nasionami chia i jabłkiem",
    "portion": 1
  },
  "dinner": {
    "recipeId": "Sycący koktajl orzechowo-bananowy",
    "portion": 1
  },
  "isDietNameInsteadId": true
}
