{
  "dietDay": "2024-09-28",
  "breakfast": {
    "recipeId": "Jaglanka z masłem orzechowym i owocami",
    "portion": 1
  },
  "secondBreakfast": {
    "recipeId": "Wrap z hummusem i kurczakiem",
    "portion": 1
  },
  "lunch": {
    "recipeId": "Makaron penne z brokułami i kurczakiem",
    "portion": 1
  },
  "afternoonSnack": {
    "recipeId": "Wrap z hummusem i kurczakiem",
    "portion": 1
  },
  "dinner": {
    "recipeId": "Koktajl jaglano-owocowy ze szpinakiem",
    "portion": 1
  },
  "isDietNameInsteadId": true
}
