{
  "dietDay": "2024-09-23",
  "breakfast": {
    "recipeId": "Jajecznica z łososiem, awokado i pomidorami",
    "portion": 1
  },
  "secondBreakfast": {
    "recipeId": "Borówkowa owsianka na zimno",
    "portion": 1
  },
  "lunch": {
    "recipeId": "Grillowany filet, kasza jaglana, kapusta kiszona z olejem lnianym",
    "portion": 1
  },
  "afternoonSnack": {
    "recipeId": "Borówkowa owsianka na zimno",
    "portion": 1
  },
  "dinner": {
    "recipeId": "Koktajl jagodowy",
    "portion": 1
  },
  "isDietNameInsteadId": true
}
