{
  "dietDay": "2024-09-25",
  "breakfast": {
    "recipeId": "Twarożek z rzodkiewką, chleb chrupki z wędliną, owoc",
    "portion": 1
  },
  "secondBreakfast": {
    "recipeId": "Pudding chia z mango",
    "portion": 1
  },
  "lunch": {
    "recipeId": "Dorsz smażony ze szpinakiem i ziemniakami",
    "portion": 1
  },
  "afternoonSnack": {
    "recipeId": "Pudding chia z mango",
    "portion": 1
  },
  "dinner": {
    "recipeId": "Koktajl jaglano-owocowy ze szpinakiem",
    "portion": 1
  },
  "isDietNameInsteadId": true
}
