{
  "dietDay": "2024-09-21",
  "breakfast": {
    "recipeId": "Jaglanka z masłem orzechowym i owocami",
    "portion": 1
  },
  "secondBreakfast": {
    "recipeId": "Tortilla z majonezem, serem feta, szynką i warzywami",
    "portion": 1
  },
  "lunch": {
    "recipeId": "Filet z indyka w jaglanej panierce, ryż, bukiet warzyw",
    "portion": 1
  },
  "afternoonSnack": {
    "recipeId": "Tortilla z majonezem, serem feta, szynką i warzywami",
    "portion": 1
  },
  "dinner": {
    "recipeId": "Koktajl jaglano-owocowy ze szpinakiem",
    "portion": 1
  },
  "isDietNameInsteadId": true
}
