{
  "dietDay": "2024-09-24",
  "breakfast": {
    "recipeId": "Omlet z suszonymi pomidorami",
    "portion": 1
  },
  "secondBreakfast": {
    "recipeId": "Bananowe placuszki z mąki owsianej (Wrzosek)",
    "portion": 1
  },
  "lunch": {
    "recipeId": "Grillowany filet, kasza jaglana, kapusta kiszona z olejem lnianym",
    "portion": 1
  },
  "afternoonSnack": {
    "recipeId": "Bananowe placuszki z mąki owsianej (Wrzosek)",
    "portion": 1
  },
  "dinner": {
    "recipeId": "Koktajl jagodowy",
    "portion": 1
  },
  "isDietNameInsteadId": true
}
