{
  "dietDay": "2024-09-02",
  "breakfast": {
    "recipeId": "Placki bananowe z masłem orzechowym i owocami",
    "portion": 1
  },
  "secondBreakfast": {
    "recipeId": "Tortilla z serkiem śmietankowym, łososiem wędzonym i warzywami",
    "portion": 1
  },
  "lunch": {
    "recipeId": "Kurczak po chińsku z warzywami i ryżem",
    "portion": 1
  },
  "afternoonSnack": {
    "recipeId": "Tortilla z serkiem śmietankowym, łososiem wędzonym i warzywami",
    "portion": 1
  },
  "dinner": {
    "recipeId": "Jagodowy koktajl z nasionami chia",
    "portion": 1
  },
  "isDietNameInsteadId": true
}
