{
  "dietDay": "2024-09-20",
  "breakfast": {
    "recipeId": "Malinowa owsianka",
    "portion": 1
  },
  "secondBreakfast": {
    "recipeId": "Chleb graham z szynką i warzywami, jajka gotowane",
    "portion": 1
  },
  "lunch": {
    "recipeId": "Grillowany filet, kasza jaglana, kapusta kiszona z olejem lnianym",
    "portion": 1
  },
  "afternoonSnack": {
    "recipeId": "Chleb graham z szynką i warzywami, jajka gotowane",
    "portion": 1
  },
  "dinner": {
    "recipeId": "Koktajl jagodowy",
    "portion": 1
  },
  "isDietNameInsteadId": true
}
