{
  "dietDay": "2024-09-30",
  "breakfast": {
    "recipeId": "Malinowa owsianka",
    "portion": 1
  },
  "secondBreakfast": {
    "recipeId": "Chleb graham z szynką i warzywami, jajka gotowane",
    "portion": 1
  },
  "lunch": {
    "recipeId": "Kurczak po chińsku z warzywami i ryżem",
    "portion": 1
  },
  "afternoonSnack": {
    "recipeId": "Chleb graham z szynką i warzywami, jajka gotowane",
    "portion": 1
  },
  "dinner": {
    "recipeId": "Koktajl jaglano-owocowy ze szpinakiem",
    "portion": 1
  },
  "isDietNameInsteadId": true
}
