{
  "dietDay": "2024-10-02",
  "breakfast": {
    "recipeId": "Twarożek z rzodkiewką, chleb chrupki z wędliną, owoc",
    "portion": 1
  },
  "secondBreakfast": {
    "recipeId": "Tortilla z serkiem śmietankowym, łososiem wędzonym i warzywami",
    "portion": 1
  },
  "lunch": {
    "recipeId": "Makaron z kurczakiem, suszonymi pomidorami i szpinakiem",
    "portion": 1
  },
  "afternoonSnack": {
    "recipeId": "Tortilla z serkiem śmietankowym, łososiem wędzonym i warzywami",
    "portion": 1
  },
  "dinner": {
    "recipeId": "Energetyczny koktajl mleczny",
    "portion": 1
  },
  "isDietNameInsteadId": true
}
