{
  "dietDay": "2024-09-03",
  "breakfast": {
    "recipeId": "Jajecznica ze szpinakiem i suszonymi pomidorami",
    "portion": 1
  },
  "secondBreakfast": {
    "recipeId": "Tortilla z kurczakiem i warzywami",
    "portion": 1
  },
  "lunch": {
    "recipeId": "Makaron z krewetkami i cukinią (Tomek)",
    "portion": 1
  },
  "afternoonSnack": {
    "recipeId": "Tortilla z kurczakiem i warzywami",
    "portion": 1
  },
  "dinner": {
    "recipeId": "Energetyczny koktajl mleczny",
    "portion": 1
  },
  "isDietNameInsteadId": true
}
