{
  "dietDay": "2024-09-04",
  "breakfast": {
    "recipeId": "Chianka z malinami i czekoladą (Tomek)",
    "portion": 1
  },
  "secondBreakfast": {
    "recipeId": "Chleb z hummusem, rukolą i papryką",
    "portion": 1
  },
  "lunch": {
    "recipeId": "Makaron z krewetkami i cukinią (Tomek)",
    "portion": 1
  },
  "afternoonSnack": {
    "recipeId": "Chleb z hummusem, rukolą i papryką",
    "portion": 1
  },
  "dinner": {
    "recipeId": "Koktajl z bananem i truskawkami",
    "portion": 1
  },
  "isDietNameInsteadId": true
}
