{
  "dietDay": "2024-09-05",
  "breakfast": {
    "recipeId": "Omlet z suszonymi pomidorami",
    "portion": 1
  },
  "secondBreakfast": {
    "recipeId": "Chleb graham z szynką i warzywami, jajka gotowane",
    "portion": 1
  },
  "lunch": {
    "recipeId": "Filet z indyka w jaglanej panierce, ryż, bukiet warzyw",
    "portion": 1
  },
  "afternoonSnack": {
    "recipeId": "Chleb graham z szynką i warzywami, jajka gotowane",
    "portion": 1
  },
  "dinner": {
    "recipeId": "Koktajl bananowo-jagodowy",
    "portion": 1
  },
  "isDietNameInsteadId": true
}
