{
  "dietDay": "2024-09-06",
  "breakfast": {
    "recipeId": "Jaglanka z masłem orzechowym i owocami",
    "portion": 1
  },
  "secondBreakfast": {
    "recipeId": "Twarożek z rzodkiewką, chleb chrupki z wędliną, owoc",
    "portion": 1
  },
  "lunch": {
    "recipeId": "Filet z kurczaka pieczony, ziemniaki, duszona kapusta (zredukowany)",
    "portion": 1
  },
  "afternoonSnack": {
    "recipeId": "Twarożek z rzodkiewką, chleb chrupki z wędliną, owoc",
    "portion": 1
  },
  "dinner": {
    "recipeId": "Bananowo-malinowy koktajl z sezamem",
    "portion": 1
  },
  "isDietNameInsteadId": true
}
