{
  "dietDay": "2024-09-07",
  "breakfast": {
    "recipeId": "Omlet z suszonymi pomidorami",
    "portion": 1
  },
  "secondBreakfast": {
    "recipeId": "Sałata z sera z łososiem i jajkiem, pomidor ze szczypiorkiem, pieczywo (zredukowany)",
    "portion": 1
  },
  "lunch": {
    "recipeId": "Filet z indyka w jaglanej panierce, ryż, bukiet warzyw",
    "portion": 1
  },
  "afternoonSnack": {
    "recipeId": "Sałata z sera z łososiem i jajkiem, pomidor ze szczypiorkiem, pieczywo (zredukowany)",
    "portion": 1
  },
  "dinner": {
    "recipeId": "Koktajl czerwony",
    "portion": 1
  },
  "isDietNameInsteadId": true
}
