{
  "dietDay": "2024-09-08",
  "breakfast": {
    "recipeId": "Jajecznica z łososiem, awokado i pomidorami",
    "portion": 1
  },
  "secondBreakfast": {
    "recipeId": "Bananowe placuszki z mąki owsianej (Wrzosek)",
    "portion": 1
  },
  "lunch": {
    "recipeId": "Filet z indyka w jaglanej panierce, ryż, bukiet warzyw",
    "portion": 1
  },
  "afternoonSnack": {
    "recipeId": "Bananowe placuszki z mąki owsianej (Wrzosek)",
    "portion": 1
  },
  "dinner": {
    "recipeId": "Sycący koktajl orzechowo-bananowy",
    "portion": 1
  },
  "isDietNameInsteadId": true
}
