{
  "dietDay": "2024-09-09",
  "breakfast": {
    "recipeId": "Jajecznica ze szpinakiem i suszonymi pomidorami",
    "portion": 1
  },
  "secondBreakfast": {
    "recipeId": "Jogurt kokosowy z nasionami chia i jabłkiem",
    "portion": 1
  },
  "lunch": {
    "recipeId": "Dorsz smażony ze szpinakiem i ziemniakami",
    "portion": 1
  },
  "afternoonSnack": {
    "recipeId": "Jogurt kokosowy z nasionami chia i jabłkiem",
    "portion": 1
  },
  "dinner": {
    "recipeId": "Koktajl jaglano-owocowy ze szpinakiem",
    "portion": 1
  },
  "isDietNameInsteadId": true
}
