{
  "recipeName": "Borówkowa owsianka na zimno",
  "subRecipes": [
    {
      "name": "Borówkowa owsianka na zimno",
      "description": "1. Do miseczki wsypujemy płatki owsiane oraz nasiona chia.\n2. Zalewamy mlekiem i mieszamy.\n3. Dodajemy cynamon, borówki, orzecgy włoskie oraz jogurt skyr, mieszamy. W razie potrzeby dolewamy odrobinę wody, aby uzyskać preferowaną konsystencję.\n 4. Całość wkładamy do lodówki na kilka godzin, najlepiej na całą noc.",
      "ingredients": [
        {
          "name": "Płatki owsiane",
          "brand": "Crownfield",
          "amount": "80 g"
        },
        {
          "name": "Nasiona chia",
          "brand": "Słodkie Zdrowie",
          "amount": "10 g"
        },
        {
          "name": "Mleko 2%",
          "brand": "Pilos",
          "amount": "200 g"
        },
        {
          "name": "Orzechy włoskie",
          "brand": "Alesto",
          "amount": "25 g"
        },
        {
          "name": "Borówki amerykańskie",
          "brand": "Lidl",
          "amount": "100 g"
        },
        {
          "name": "Skyr naturalny",
          "brand": "Pilos",
          "amount": "225 g"
        },
        {
          "name": "Cynamon mielony",
          "amount": "2 g"
        }
      ]
    }
  ],
  "imageUrl": "https://mwrzosek-prod-wp-static.s3.eu-central-1.amazonaws.com/wp-content/uploads/2018/02/17232531/sloik.png"
}