{
  "recipeName": "Nocna owsianka pistacjowa",
  "subRecipes": [
    {
      "name": "Nocna owsianka pistacjowa",
      "description": "1. W miseczce lub zamykanym słoiczku umieszczamy płatki owsiane, jogurt skyr, pastę pistacjową oraz mleko. Opcjonalnie dodajemy erytrol. Całość dokładnie mieszamy, w razie potrzeby dolewamy wodę i umieszczamy w lodówce na całą noc. Owsiankę możemy przygotować szybciej i zjeść od razu, gotując płatki do miękkości na podanej ilości mleka z dodatkiem wody (ilość wody zależna od preferowanej gęstości owsianki) lub zalać ciepłym mlekiem i odstawić na chwilę, aż zmiękną, następnie mieszamy płatki z pozostałymi składnikami. W tym przypadku nie musimy pozostawiać owsianki na noc.\n2. Gotową owsiankę przed podaniem dekorujemy cynamonem, orzechami pistacjowymi oraz borówkami.",
      "ingredients": [
        {
          "name": "Płatki owsiane",
          "brand": "Crownfield",
          "amount": "70 g"
        },
        {
          "name": "Pasta pistacjowa",
          "amount": "30 g"
        },
        {
          "name": "Skyr naturalny",
          "brand": "Pilos",
          "amount": "300 g"
        },
        {
          "name": "Mleko 2%",
          "brand": "Pilos",
          "amount": "90 g"
        },
        {
          "name": "Cynamon mielony",
          "amount": "2 g"
        },
        {
          "name": "Orzechy pistacjowe",
          "amount": "15 g"
        },
        {
          "name": "Borówki amerykańskie",
          "brand": "Lidl",
          "amount": "80 g"
        }
      ]
    }
  ],
  "imageUrl": "https://mwrzosek-prod-wp-static.s3.eu-central-1.amazonaws.com/wp-content/uploads/2024/06/12132937/pistacjowa.png"
}