{
  "recipeName": "Pinsa z szynką i rukolą",
  "subRecipes": [
    {
      "name": "Pinsa z szynką i rukolą",
      "description": "1.\nNagrzewamy piekarnik według instrukcji zawartych na opakowaniu.\n2. Pinsę smarujemy pomidorami z puszki, nakładamy tartą mozzarellę. Pieczemy tyle czasu, ile podaje producent na opakowaniu.\n3. Na upieczoną pinsę nakładamy rukolę, plasterki mozzarelli, porwaną na kawałki szynkę i pomidorki pokrojone na połówki.",
      "ingredients": [
        {
          "name": "Pinsa",
          "brand": "Bella Italia",
          "amount": "0,5 szt."
        },
        {
          "name": "Passata pomidorowa",
          "brand": "Italiamo",
          "amount": "40 g"
        },
        {
          "name": "Mozzarella żółta",
          "brand": "Pilos",
          "amount": "10 g"
        },
        {
          "name": "Rukola",
          "brand": "Ryneczek Lidla",
          "amount": "25 g"
        },
        {
          "name": "Mozzarella light",
          "brand": "Pilos",
          "amount": "90 g"
        },
        {
          "name": "Wędlina drobiowa",
          "brand": "Pikok (Piratki)",
          "amount": "45 g"
        },
        {
          "name": "Pomidory koktajlowe",
          "amount": "80 g"
        }
      ]
    }
  ],
  "imageUrl": "https://mwrzosek-prod-wp-static.s3.eu-central-1.amazonaws.com/wp-content/uploads/2024/07/23101047/pinsa-ala-micha.png"
}