{
  "recipeName": "Tortilla z jajecznicą",
  "subRecipes": [
    {
      "name": "Tortilla z jajecznicą",
      "description": "1. Na patelni rozgrzewamy oliwę, smażymy jajecznicę. Przyprawiamy solą, pieprzem oraz słodką papryką.\n2. Tortillę smarujemy serkiem, nakładamy szpinak, pokrojoną paprykę i jajecznicę. Zawijamy w rulon. Smacznego!",
      "ingredients": [
        {
          "name": "Oliwa z oliwek",
          "brand": "Catapano",
          "amount": "5 g"
        },
        {
          "name": "Jajko kurze",
          "amount": "3 szt."
        },
        {
          "name": "Serek śmietankowy",
          "brand": "Pilos",
          "amount": "40 g"
        },
        {
          "name": "Szpinak",
          "brand": "Ryneczek Lidla",
          "amount": "50 g"
        },
        {
          "name": "Papryka czerwona",
          "amount": "85 g"
        },
        {
          "name": "Sól",
          "brand": "Słodkie Zdrowie",
          "amount": "0,25 g"
        },
        {
          "name": "Pieprz czarny mielony",
          "amount": "0,25 g"
        },
        {
          "name": "Papryka słodka mielona",
          "amount": "1,5 g"
        },
        {
          "name": "Tortilla pełnoziarnista",
          "brand": "Snack Day",
          "amount": "2 szt."
        }
      ]
    }
  ],
  "imageUrl": "https://mwrzosek-prod-wp-static.s3.eu-central-1.amazonaws.com/wp-content/uploads/2023/09/29090318/tortilla-1.png"
}