{
  "recipeName": "Chana masala z cieciorką (Tomek)",
  "subRecipes": [
    {
      "name": "Chana masala z cieciorką",
      "description": "Podgrzać olej/ oliwę w garnku o grubym dnie. Na małym ogniu, często mieszając podsmażyć cebulę aż prawie się zeszkli. Dodać posiekany czosnek i starty imbir. Smażyć aż cebula całkiem się zeszkli, a czosnek i imbir zaczną pięknie pachnieć. Dodać wszystkie przyprawy i dobrze wymieszać. Smażyć na małym ogniu przez kilka minut często mieszając by przyprawy się nie przypaliły. Dodać pomidory, cieciorkę, połowę soli i około 100 ml wody. Gotować bez przykrycia na wolnym ogniu przez 20-30 minut aż sos zgęstnieje. Przyprawić solą i erytrolem jeśli sos jest zbyt kwaśny. Podawać z ryżem basmati posypane dużą ilością świeżej kolendry.",
      "ingredients": [
        {
          "name": "Masło klarowane",
          "amount": "5 g"
        },
        {
          "name": "Czosnek",
          "amount": "5 g"
        },
        {
          "name": "Cebula",
          "amount": "30 g"
        },
        {
          "name": "Imbir świeży",
          "amount": "10 g"
        },
        {
          "name": "Cieciorka",
          "amount": "200 g"
        },
        {
          "name": "Pomidory w puszce",
          "amount": "180 g"
        },
        {
          "name": "Sól",
          "brand": "Słodkie Zdrowie",
          "amount": "0,2 g"
        },
        {
          "name": "Kolendra nasiona",
          "amount": "0,2 g"
        },
        {
          "name": "Papryka chili mielona",
          "amount": "0,2 g"
        },
        {
          "name": "Kmin rzymski",
          "amount": "0,2 g"
        },
        {
          "name": "Kurkuma mielona",
          "amount": "0,2 g"
        },
        {
          "name": "Garam masala",
          "amount": "0,2 g"
        },
        {
          "name": "Ryż basmati",
          "amount": "80 g"
        }
      ]
    }
  ]
}