{
  "recipeName": "Jajecznica na kiełbasce ze szczypiorkiem i pomidorem",
  "subRecipes": [
    {
      "name": "Jajecznica na kiełbasce ze szczypiorkiem i pomidorem",
      "description": "Przygotuj jajecznice. Zjedź z pieczywem.",
      "ingredients": [
        {
          "name": "Chleb żytni",
          "amount": "30 g"
        },
        {
          "name": "Frankfurterka",
          "amount": "60 g"
        },
        {
          "name": "Jajko kurze",
          "amount": "3 szt."
        },
        {
          "name": "Masło klarowane",
          "amount": "5 g"
        },
        {
          "name": "Pieprz czarny mielony",
          "amount": "0,2 g"
        },
        {
          "name": "Pomidory",
          "amount": "200 g"
        },
        {
          "name": "Szczypiorek",
          "amount": "10 g"
        },
        {
          "name": "Sól",
          "brand": "Słodkie Zdrowie",
          "amount": "0,2 g"
        }
      ]
    }
  ]
}