{
  "recipeName": "Bajgiel z kremowym sosem",
  "subRecipes": [
    {
      "name": "Bajgiel z kremowym sosem",
      "description": "1. Pieczywo przekrajamy na pół. Następnie grillujemy pieczywo razem z serem na suchej, dobrze rozgrzanej patelni grillowej (możemy użyć zwykłej patelni).\n2. W kielichu blendera umieszczamy awokado, miód, musztardę oraz czosnek przeciśnięty przez praskę. Całość blendujemy na gładką masę. Doprawiamy solą oraz pieprzem wedle uznania.\n3. Pieczywo smarujemy przygotowanym sosem, następnie układamy grillowany ser, plasterki pomidora oraz rukolę. Składamy kanapkę.",
      "ingredients": [
        {
          "name": "Bajgiel z sezamem",
          "amount": "75 g"
        },
        {
          "name": "Ser halloumi",
          "amount": "125 g"
        },
        {
          "name": "Rukola",
          "amount": "25 g"
        },
        {
          "name": "Pomidor",
          "amount": "80 g"
        },
        {
          "name": "Awokado",
          "amount": "70 g"
        },
        {
          "name": "Miód",
          "amount": "12 g"
        },
        {
          "name": "Musztarda",
          "amount": "10 g"
        },
        {
          "name": "Czosnek świeży",
          "amount": "6 g"
        },
        {
          "name": "Sól",
          "amount": "0.25 g"
        },
        {
          "name": "Pieprz czarny",
          "amount": "0.25 g"
        }
      ]
    }
  ]
}