{
  "recipeName": "Bajgiel z serem i szynką parmeńską",
  "subRecipes": [
    {
      "name": "Bajgiel z serem i szynką parmeńską",
      "description": "1. Pieczywo przekrajamy na pół.\n2. W miseczce mieszamy jogurt naturalny, majonez oraz sos sriracha. Pieczywo smarujemy sosem.\n3. Na jednej połówce układamy sałatę, szynkę parmeńską, ser oraz plasterki ogórka. Składamy kanapkę.",
      "ingredients": [
        {
          "name": "Bajgiel z sezamem",
          "amount": "150 g"
        },
        {
          "name": "Miks sałat",
          "amount": "40 g"
        },
        {
          "name": "Ser żółty active protein plus Ryki",
          "amount": "60 g"
        },
        {
          "name": "Szynka parmeńska",
          "amount": "75 g"
        },
        {
          "name": "Ogórek świeży",
          "amount": "150 g"
        },
        {
          "name": "Jogurt naturalny 2%",
          "amount": "40 g"
        },
        {
          "name": "Majonez light",
          "amount": "10 g"
        },
        {
          "name": "Sos Sriracha",
          "amount": "5 g"
        }
      ]
    }
  ]
}