{
  "recipeName": "Bananowe placuszki z mąki owsianej",
  "subRecipes": [
    {
      "name": "Bananowe placuszki z mąki owsianej",
      "description": "1. Płatki owsiane miksujemy na mąkę. Możemy również użyć gotowej mąki owsianej.\n2. Dojrzałego banana rozgniatamy za pomocą widelca i mieszamy razem ze skyrem i mąką owsianą (ciasto jest gęste, jeżeli uważasz, że zbyt gęste można dodać odrobinę wody, jednak konsystencja ciasta powinna być gęstsza niż ciasta naleśnikowego). Dodajemy cynamon i erytrol wedle uznania.\n3. Na patelni rozgrzewamy oliwę. Zmniejszamy moc palnika i za pomocą łyżki wykładamy niewielkie porcje ciasta. Ciasto na patelni spłaszczamy przy pomocy łyżki (jeżeli ciasto za bardzo się klei, możemy łyżkę zwilżyć wodą). Przykrywamy patelnię pokrywką i na wolnym ogniu smażymy placuszki do ścięcia masy. Gdy masa będzie już ścięta, a spodnia warstwa zarumieniona, obracamy placuszki za pomocą płaskiej szpatułki (najlepiej użyć dwóch płaskich szpatułek i jedną szpatułką wsunąć placuszek na drugą i odwrócić). Smażymy do zarumienienia drugiej strony.\n4. Gotowe placuszki przekładamy na talerz i podajemy z jogurtem, orzechami i owocami.",
      "ingredients": [
        {
          "name": "Płatki owsiane górskie",
          "amount": "65 g"
        },
        {
          "name": "Banan",
          "amount": "120 g"
        },
        {
          "name": "Jogurt skyr",
          "amount": "150 g"
        },
        {
          "name": "Cynamon mielony",
          "amount": "4 g"
        },
        {
          "name": "Erytrytol",
          "amount": "15 g"
        },
        {
          "name": "Oliwa z oliwek",
          "amount": "10 g"
        },
        {
          "name": "Mieszanka orzechów",
          "amount": "15 g"
        },
        {
          "name": "Jogurt skyr",
          "amount": "200 g"
        },
        {
          "name": "Maliny świeże lub mrożone",
          "amount": "100 g"
        }
      ]
    }
  ]
}