{
  "recipeName": "Bananowa owsianka z malinami",
  "subRecipes": [
    {
      "name": "Bananowa owsianka z malinami",
      "description": "1. Zagotowujemy mleko. Dodajemy płatki owsiane i gotujemy do miękkości, co jakiś czas mieszając. Delikatnie studzimy.\n2. Banana kroimy na drobniejsze kawałki. Do owsianki dodajemy banana i mieszamy.\n3. Posypujemy malinami oraz orzechami włoskimi.\n4. Mieszamy z jogurtem skyr. Smacznego!",
      "ingredients": [
        {
          "name": "Płatki owsiane górskie",
          "amount": "50 g"
        },
        {
          "name": "Maliny świeże lub mrożone",
          "amount": "100 g"
        },
        {
          "name": "Mleko 1,5%",
          "amount": "200 g"
        },
        {
          "name": "Banan",
          "amount": "120 g"
        },
        {
          "name": "Orzechy włoskie",
          "amount": "25 g"
        },
        {
          "name": "Jogurt skyr",
          "amount": "300 g"
        }
      ]
    }
  ]
}