{
  "recipeName": "Borówkowa owsianka na zimno",
  "subRecipes": [
    {
      "name": "Borówkowa owsianka na zimno",
      "description": "1. Do miseczki wsypujemy płatki owsiane oraz nasiona chia.\n2. Zalewamy mlekiem i mieszamy.\n3. Dodajemy cynamon, borówki, erytrol, jogurt skyr oraz orzechy włoskie, mieszamy. W razie potrzeby dolewamy odrobinę wody, aby uzyskać preferowaną konsystencję.\n4. Całość wkładamy do lodówki na kilka godzin, najlepiej na całą noc. Smacznego!",
      "ingredients": [
        {
          "name": "Płatki owsiane górskie",
          "amount": "60 g"
        },
        {
          "name": "Mleko wysokobiałkowe 0.5% Mlekovita",
          "amount": "200 g"
        },
        {
          "name": "Nasiona chia",
          "amount": "10 g"
        },
        {
          "name": "Jogurt skyr",
          "amount": "225 g"
        },
        {
          "name": "Borówki amerykańskie, świeże lub mrożone",
          "amount": "100 g"
        },
        {
          "name": "Cynamon mielony",
          "amount": "2 g"
        },
        {
          "name": "Erytrytol",
          "amount": "10 g"
        },
        {
          "name": "Orzechy włoskie",
          "amount": "25 g"
        }
      ]
    }
  ]
}