{
  "recipeName": "Bruschetta z pomidorem, bazylią świeżą oraz startym serem",
  "subRecipes": [
    {
      "name": "Bruschetta z pomidorem, bazylią świeżą oraz startym serem",
      "description": "1. Pomidora, cebulę czerwoną oraz czosnek obieramy i kroimy w kostkę.\n2. Pokrojone warzywa mieszamy ze sobą. Dodajemy bazylię świeżą. Całość doprawiamy solą, pieprzem, octem oraz oliwą.\n3. Bagietkę kroimy na kromki i pieczemy w piekarniku rozgrzanym do 180 stopni przez około 5 minut, aż będą chrupkie.\n4. Na grzanki nakładamy warzywa, posypujemy startym serem.\n5. Po posiłku wypijamy shake białkowy (odżywka + 350 ml wody).",
      "ingredients": [
        {
          "name": "Półbagietka",
          "amount": "110 g"
        },
        {
          "name": "Pomidor",
          "amount": "255 g"
        },
        {
          "name": "Cebula czerwona",
          "amount": "40 g"
        },
        {
          "name": "Czosnek świeży",
          "amount": "6 g"
        },
        {
          "name": "Bazylia świeża",
          "amount": "3 g"
        },
        {
          "name": "Ser Grana Padano starty",
          "amount": "40 g"
        },
        {
          "name": "Ocet balsamiczny",
          "amount": "6 g"
        },
        {
          "name": "Oliwa z oliwek",
          "amount": "10 g"
        },
        {
          "name": "Sól",
          "amount": "0.25 g"
        },
        {
          "name": "Pieprz czarny",
          "amount": "0.25 g"
        },
        {
          "name": "Odżywka białkowa",
          "amount": "40 g"
        }
      ]
    }
  ]
}