{
  "recipeName": "Burger z pikantną salsą",
  "subRecipes": [
    {
      "name": "Burger z pikantną salsą",
      "description": "1. Mięso przyprawiamy solą oraz pieprzem, dokładnie mieszamy. Z wyrobionego mięsa formujemy 2 kule, spłaszczamy do ok 1 cm.\n2. Robimy salsę - pomidora oraz papryczkę chilli kroimy w drobną kostkę podobnej wielkości. Dodajemy kolendrę świeżą, sok z cytryny, sałatę oraz sól.\n3. Ogórka konserwowego kroimy w drobną kostkę, łączymy z jogurtem skyr, musztardą, ketchupem oraz pieprzem.\n4. Mięso smażymy na rozgrzanej patelni z oliwą przez ok 8 min (co 2 min przekręcamy).\n5. Dolną część bułki smarujemy sosem, nakładamy mięso, sałatę i przykrywamy drugą częścią bułki. Smacznego!",
      "ingredients": [
        {
          "name": "Bułka wysokobiałkowa Biedronka/Lidl",
          "amount": "80 g"
        },
        {
          "name": "Mięso mielone z kurczaka",
          "amount": "125 g"
        },
        {
          "name": "Pomidor",
          "amount": "80 g"
        },
        {
          "name": "Kolendra świeża",
          "amount": "2 g"
        },
        {
          "name": "Papryczka chilli",
          "amount": "10 g"
        },
        {
          "name": "Sok z cytryny",
          "amount": "6 g"
        },
        {
          "name": "Jogurt skyr",
          "amount": "20 g"
        },
        {
          "name": "Ogórek konserwowy",
          "amount": "50 g"
        },
        {
          "name": "Musztarda",
          "amount": "5 g"
        },
        {
          "name": "Ketchup",
          "amount": "10 g"
        },
        {
          "name": "Miks sałat",
          "amount": "10 g"
        },
        {
          "name": "Sól",
          "amount": "0.25 g"
        },
        {
          "name": "Pieprz czarny",
          "amount": "0.25 g"
        },
        {
          "name": "Oliwa z oliwek",
          "amount": "5 g"
        }
      ]
    }
  ]
}