{
  "recipeName": "Bułka z plastrem wegańskim",
  "subRecipes": [
    {
      "name": "Bułka z plastrem wegańskim",
      "description": "1. Bułkę kroimy na pół. Możemy ją chwilę podpiec na patelni.\n2. Następnie smarujemy serkiem śmietankowym.\n3. Układamy sałatę, plaster wegański, ser oraz pomidorki koktajlowe.",
      "ingredients": [
        {
          "name": "Sałata",
          "amount": "30 g"
        },
        {
          "name": "Plastry wegańskie Vemondo",
          "amount": "60 g"
        },
        {
          "name": "Ser żółty active protein plus Ryki",
          "amount": "80 g"
        },
        {
          "name": "Pomidorki koktajlowe",
          "amount": "100 g"
        },
        {
          "name": "Serek śmietankowy",
          "amount": "40 g"
        },
        {
          "name": "Bułka wysokobiałkowa Biedronka/Lidl",
          "amount": "160 g"
        }
      ]
    }
  ]
}