{
  "recipeName": "Chilli z mięsem",
  "subRecipes": [
    {
      "name": "Chilli z mięsem",
      "description": "1. Paprykę czerwoną, papryczkę chilli, cebulę, czosnek oraz kolendrę świeżą drobno kroimy. Bataty kroimy w kostkę.\n2. Rozgrzewamy oliwę na patelni i dodajemy warzywa. Doprawiamy kuminem. Przesmażamy warzywa około 5-7 minut, następnie przekładamy do garnka.\n3. Na tej samej patelni rozgrzewamy resztę oliwy i smażymy mięso z dodatkiem oregano, dodajemy do garnka z warzywami.\n4. Dodajemy passatę pomidorową.\n5. Dusimy na małym ogniu, aż większość wody odparuje (35-45 minut).",
      "ingredients": [
        {
          "name": "Mięso mielone z indyka",
          "amount": "175 g"
        },
        {
          "name": "Batat",
          "amount": "100 g"
        },
        {
          "name": "Cebula",
          "amount": "20 g"
        },
        {
          "name": "Czosnek świeży",
          "amount": "3 g"
        },
        {
          "name": "Papryka czerwona",
          "amount": "85 g"
        },
        {
          "name": "Papryczka chilli",
          "amount": "10 g"
        },
        {
          "name": "Kumin",
          "amount": "1 g"
        },
        {
          "name": "Oregano suszone",
          "amount": "1.5 g"
        },
        {
          "name": "Passata pomidorowa",
          "amount": "200 g"
        },
        {
          "name": "Oliwa z oliwek",
          "amount": "5 g"
        },
        {
          "name": "Sól",
          "amount": "0.25 g"
        },
        {
          "name": "Pieprz czarny",
          "amount": "0.25 g"
        },
        {
          "name": "Kolendra świeża",
          "amount": "2 g"
        }
      ]
    }
  ]
}