{
  "recipeName": "Chilli con carne z ryżem",
  "subRecipes": [
    {
      "name": "Chilli con carne z ryżem",
      "description": "1. Ryż gotujemy według instrukcji umieszczonej na opakowaniu.\n2. Cebulę, paprykę czerwoną, czosnek oraz papryczkę chilli siekamy. W rondlu rozgrzewamy oliwę i dusimy na niej warzywa.\n3. Gdy warzywa się zeszklą, dodajemy mięso i dusimy razem cały czas mieszając.\n4. Dodajemy pomidory z puszki oraz wodę i gotujemy na wolnym ogniu, aż sos zgęstnieje, a mięso będzie miękkie.\n5. Dodajemy czarną fasolę konserwową. Gotujemy wszystko razem i doprawiamy solą, pieprzem, kuminem, kakao, wędzoną papryką oraz posiekaną kolendrą.\n6. Ugotowane chilli podajemy z ryżem. Smacznego!",
      "ingredients": [
        {
          "name": "Fasola czarna konserwowa",
          "amount": "60 g"
        },
        {
          "name": "Mięso mielone z indyka",
          "amount": "130 g"
        },
        {
          "name": "Pomidory z puszki",
          "amount": "200 g"
        },
        {
          "name": "Papryka czerwona",
          "amount": "85 g"
        },
        {
          "name": "Cebula",
          "amount": "20 g"
        },
        {
          "name": "Czosnek świeży",
          "amount": "6 g"
        },
        {
          "name": "Papryczka chilli",
          "amount": "2.5 g"
        },
        {
          "name": "Kumin",
          "amount": "5 g"
        },
        {
          "name": "Kakao",
          "amount": "5 g"
        },
        {
          "name": "Ryż basmati",
          "amount": "25 g"
        },
        {
          "name": "Woda",
          "amount": "125 g"
        },
        {
          "name": "Papryka wędzona",
          "amount": "3 g"
        },
        {
          "name": "Kolendra świeża",
          "amount": "2 g"
        },
        {
          "name": "Sól",
          "amount": "0.25 g"
        },
        {
          "name": "Pieprz czarny",
          "amount": "0.25 g"
        },
        {
          "name": "Oliwa z oliwek",
          "amount": "5 g"
        }
      ]
    }
  ]
}