{
  "recipeName": "Chipsy z batata",
  "subRecipes": [
    {
      "name": "Chipsy z batata",
      "description": "1. Piekarnik rozgrzewamy do 160 stopni (termoobieg) lub 170 stopni (góra-dół).\n2. Myjemy i osuszamy bataty. Możemy je obrać lub zostawić skórkę. Kroimy je na cienkie plasterki (1-2 mm), najlepiej przy użyciu mandoliny lub ostrego noża.\n3. W misce mieszamy oliwę z przyprawami: solą, słodką papryką, czosnkiem granulowanym oraz pieprzem (ilość przypraw możemy zwiększyć lub zmniejszyć, wedle uznania). Dodajemy plasterki batata i dokładnie obtaczamy w mieszance.\n4. Na blasze wyłożonej papierem do pieczenia układamy plasterki batata tak, aby się nie dotykały.\n5. Pieczemy przez 25-35 minut, w połowie czasu przewracamy chipsy na drugą stronę. Pieczemy do zezłocenia, pilnujemy, aby się nie przypaliły (w razie potrzeby skracamy czas pieczenia).\n6. Po upieczeniu wyjmujemy chipsy i studzimy na kratce, aby stały się jeszcze bardziej chrupiące.",
      "ingredients": [
        {
          "name": "Batat",
          "amount": "400 g"
        },
        {
          "name": "Oliwa z oliwek",
          "amount": "25 g"
        },
        {
          "name": "Sól",
          "amount": "0.25 g"
        },
        {
          "name": "Papryka słodka",
          "amount": "3 g"
        },
        {
          "name": "Czosnek granulowany",
          "amount": "1.5 g"
        },
        {
          "name": "Pieprz czarny",
          "amount": "0.25 g"
        }
      ]
    }
  ]
}