{
  "recipeName": "Chipsy z buraka z startym parmezanem",
  "subRecipes": [
    {
      "name": "Chipsy z buraka z startym parmezanem",
      "description": "1. Piekarnik nagrzewany do 200 stopni, tryb termoobieg.\n2. Ugotowane buraki kroimy w cienkie plasterki. (Możemy kupić już ugotowane buraki).\n3. Plasterki buraka układamy na blaszce wyłożonej papierem do pieczenia. Następnie posypujemy solą. Buraki zapiekamy przez ok. 15-20 minut.\n4. Po tym czasie wysuwamy blaszkę i posypujemy startym serem. Następnie zapiekamy jeszcze przez 2 minuty do rozpuszczenia sera.",
      "ingredients": [
        {
          "name": "Burak surowy",
          "amount": "600 g"
        },
        {
          "name": "Parmezan starty",
          "amount": "75 g"
        },
        {
          "name": "Sól",
          "amount": "0.5 g"
        }
      ]
    }
  ]
}