{
  "recipeName": "Chipsy warzywne z dipem",
  "subRecipes": [
    {
      "name": "Chipsy warzywne z dipem",
      "description": "1. Piekarnik rozgrzewamy do 200 stopni, tryb góra-dół.\n2. Warzywa obieramy i kroimy w cienkie talarki.\n3. Pokrojone warzywa układamy na blaszce wyłożonej papierem do pieczenia i skrapiamy oliwą. Całość oprószamy solą oraz pieprzem.\n4. Przygotowane warzywa wstawiamy do rozgrzanego piekarnika i pieczemy przez ok. 20-25 minut do momentu, gdy będą chrupiące i lekko zarumienione.\n5. W miseczce dokładnie łączymy składniki sosu. Doprawiamy solą oraz pieprzem do smaku.\n6. Upieczone chipsy warzywne podajemy z dipem.",
      "ingredients": [
        {
          "name": "Buraki, gotowane w wodzie",
          "amount": "200 g"
        },
        {
          "name": "Cukinia",
          "amount": "100 g"
        },
        {
          "name": "Batat",
          "amount": "200 g"
        },
        {
          "name": "Oliwa z oliwek",
          "amount": "15 g"
        },
        {
          "name": "Sól",
          "amount": "0.5 g"
        },
        {
          "name": "Pieprz czarny",
          "amount": "0.5 g"
        },
        {
          "name": "Jogurt naturalny 2%",
          "amount": "80 g"
        },
        {
          "name": "Majonez",
          "amount": "20 g"
        },
        {
          "name": "Czosnek świeży",
          "amount": "6 g"
        },
        {
          "name": "Sok z cytryny",
          "amount": "5 g"
        },
        {
          "name": "Natka pietruszki posiekana",
          "amount": "5 g"
        }
      ]
    }
  ]
}