{
  "recipeName": "Curry z krewetkami",
  "subRecipes": [
    {
      "name": "Curry z krewetkami",
      "description": "1. Ryż gotujemy wg instrukcji na opakowaniu.\n2. Cebulę oraz czosnek siekamy. Paprykę czerwoną kroimy w paski.\n3. W garnku na rozgrzanej oliwie podsmażamy cebulę, czosnek oraz paprykę czerwoną. Dodajemy przyprawy (sól, pieprz, ostrą paprykę oraz curry).\n4. Wlewamy mleczko kokosowe, mieszamy. Zmniejszamy moc palnika, zagotowujemy.\n5. Obrane krewetki przyprawiamy solą i pieprzem. Dodajemy do garnka, gotujemy przez 2-3 minuty do miękkości.\n6. Curry przyprawiamy do smaku solą, pieprzem oraz sokiem z cytryny.\n7. Gotowe curry podajemy z ryżem. Posypujemy natką pietruszki.",
      "ingredients": [
        {
          "name": "Ryż basmati",
          "amount": "40 g"
        },
        {
          "name": "Cebula",
          "amount": "40 g"
        },
        {
          "name": "Czosnek świeży",
          "amount": "6 g"
        },
        {
          "name": "Papryka czerwona",
          "amount": "85 g"
        },
        {
          "name": "Oliwa z oliwek",
          "amount": "5 g"
        },
        {
          "name": "Sól",
          "amount": "0.25 g"
        },
        {
          "name": "Pieprz czarny",
          "amount": "0.25 g"
        },
        {
          "name": "Curry przyprawa",
          "amount": "2 g"
        },
        {
          "name": "Papryka ostra suszona",
          "amount": "1.5 g"
        },
        {
          "name": "Mleczko kokosowe 12%",
          "amount": "80 g"
        },
        {
          "name": "Krewetki",
          "amount": "175 g"
        },
        {
          "name": "Sok z cytryny",
          "amount": "6 g"
        },
        {
          "name": "Natka pietruszki posiekana",
          "amount": "10 g"
        }
      ]
    }
  ]
}