{
  "recipeName": "Czekoladowa owsianka",
  "subRecipes": [
    {
      "name": "Czekoladowa owsianka",
      "description": "1. Banana kroimy w plasterki i układamy na spodzie miseczki.\n2. Płatki owsiane mieszamy z jogurtem skyr, kakao oraz erytrolem. Jeśli jest za gęste, możemy dodać wodę, aż uzyskamy pożądaną konsystencję. Całość przekładamy do miseczki. (płatki przed podaniem do jogurtu możemy ugotować w wodzie do miękkości lub zalać gorącą wodą i pozostawić na parę minut, aż zmiękną).\n3. Gorzką czekoladę rozpuszczamy w kąpieli wodnej i polewamy owsiankę lub nierozpuszczoną układamy na wierzchu dania.\n4. Na koniec dodajemy masło orzechowe oraz orzechy nerkowca. Smacznego!",
      "ingredients": [
        {
          "name": "Płatki owsiane górskie",
          "amount": "60 g"
        },
        {
          "name": "Jogurt skyr",
          "amount": "320 g"
        },
        {
          "name": "Banan",
          "amount": "100 g"
        },
        {
          "name": "Masło orzechowe",
          "amount": "15 g"
        },
        {
          "name": "Czekolada gorzka 70%",
          "amount": "15 g"
        },
        {
          "name": "Orzechy nerkowca",
          "amount": "10 g"
        },
        {
          "name": "Kakao",
          "amount": "2.5 g"
        },
        {
          "name": "Erytrol",
          "amount": "5 g"
        }
      ]
    }
  ]
}