{
  "recipeName": "Deser a la 3 bit",
  "subRecipes": [
    {
      "name": "Deser a la 3 bit",
      "description": "1. 2/3 mleka zagotowujemy. W pozostałym mleku rozpuszczamy skrobię ziemniaczaną.\n2. Gdy mleko będzie wrzeć, dodajemy mleko ze skrobią ziemniaczaną, intensywnie mieszamy i gotujemy 1-2 minuty. Dodajemy erytrol oraz ekstrakt waniliowy, mieszamy. Ilość erytrolu dopasowujemy do własnych preferencji. Studzimy budyń.\n3. Do miseczki/szklanki/pudełka wkładamy połowę herbatników pełnoziarnistych (mogą być w całości lub pokruszone).\n4. Na herbatniki pełnoziarniste wkładamy budyń, wykładamy pozostałe herbatniki pełnoziarniste i pudding.\n5. Wierzch posypujemy startą czekoladą.",
      "ingredients": [
        {
          "name": "Herbatniki pełnoziarniste Bonitki",
          "amount": "200 g"
        },
        {
          "name": "Mleko 1,5%",
          "amount": "375 g"
        },
        {
          "name": "Skrobia ziemniaczana",
          "amount": "30 g"
        },
        {
          "name": "Wanilia ekstrakt",
          "amount": "15 g"
        },
        {
          "name": "Erytrol",
          "amount": "15 g"
        },
        {
          "name": "Pudding proteinowy smak słony karmel Go active",
          "amount": "200 g"
        },
        {
          "name": "Czekolada gorzka 70%",
          "amount": "40 g"
        }
      ]
    }
  ]
}