{
  "recipeName": "Dietetyczne spaghetti carbonara",
  "subRecipes": [
    {
      "name": "Dietetyczne spaghetti carbonara",
      "description": "1. Gotujemy makaron wg instrukcji na opakowaniu.\n2. Do miseczki wbijamy jajka i mieszamy.\n3. Dodajemy pokrojony w kostkę ser oraz posiekaną natkę. Doprawiamy pieprzem oraz solą, mieszamy.\n4. Boczek kroimy w małą kosteczkę. Wrzucamy na patelnię bez tłuszczu i smażymy około 2 minuty. Dodajemy drobno posiekany czosnek.\n5. Do boczku dorzucamy makaron i trzymamy jeszcze minutę na małym ogniu.\n6. Zmniejszamy moc palnika, wlewamy jajka, mieszamy energiczni, aby się nie ścięły.\n7. Po chwili smażenia zdejmujemy z ognia i zostawiamy na 2 minuty. Po tym czasie dodajemy jogurt skyr i mieszamy. Smacznego!",
      "ingredients": [
        {
          "name": "Ser cheddar",
          "amount": "30 g"
        },
        {
          "name": "Jajko kurze całe",
          "amount": "56 g"
        },
        {
          "name": "Boczek parzony",
          "amount": "50 g"
        },
        {
          "name": "Makaron spaghetti pełnoziarnisty",
          "amount": "40 g"
        },
        {
          "name": "Natka pietruszki posiekana",
          "amount": "10 g"
        },
        {
          "name": "Jogurt skyr",
          "amount": "100 g"
        },
        {
          "name": "Pieprz czarny",
          "amount": "0.25 g"
        },
        {
          "name": "Czosnek świeży",
          "amount": "6 g"
        },
        {
          "name": "Sól",
          "amount": "0.25 g"
        }
      ]
    }
  ]
}