{
  "recipeName": "Dorsz w sosie z czerwonym pesto z ryżem",
  "subRecipes": [
    {
      "name": "Dorsz w sosie z czerwonym pesto z ryżem",
      "description": "1. Ryż gotujemy wg instrukcji na opakowaniu.\n2. Kalafior gotujemy w wodzie do miękkości.\n3. Rybę przyprawiamy solą, pieprzem, słodką papryką oraz tymiankiem suszonym.\n4. Smażymy na rozgrzanej oliwie. Dodajemy czerwone pesto, śmietanę oraz szpinak. Mieszamy, podsmażamy, aż sos zgęstnieje.\n5. Rybę podajemy z sosem, ryżem oraz kalafiorem.",
      "ingredients": [
        {
          "name": "Dorsz świeży",
          "amount": "200 g"
        },
        {
          "name": "Oliwa z oliwek",
          "amount": "5 g"
        },
        {
          "name": "Papryka słodka",
          "amount": "0.25 g"
        },
        {
          "name": "Tymianek suszony",
          "amount": "0.25 g"
        },
        {
          "name": "Pesto czerwone",
          "amount": "10 g"
        },
        {
          "name": "Śmietana 12%",
          "amount": "56 g"
        },
        {
          "name": "Ryż basmati",
          "amount": "40 g"
        },
        {
          "name": "Kalafior, świeży lub mrożony",
          "amount": "100 g"
        },
        {
          "name": "Sól",
          "amount": "0.25 g"
        },
        {
          "name": "Pieprz czarny",
          "amount": "0.25 g"
        },
        {
          "name": "Szpinak",
          "amount": "25 g"
        }
      ]
    }
  ]
}