{
  "recipeName": "Drobiowa zapiekanka makaronowa z brokułem i roztopionym serem",
  "subRecipes": [
    {
      "name": "Drobiowa zapiekanka makaronowa z brokułem i roztopionym serem",
      "description": "1. Makaron gotujemy wg instrukcji na opakowaniu.\n2. Brokuł dzielimy na różyczki, gotujemy w osolonej wodzie do miękkości.\n3. Pomidorki kroimy w kostkę, mozzarellę w kostkę. Cebulę siekamy.\n4. Mięso kroimy w kostkę. Smażymy na rozgrzanym oleju. Po chwili dodajemy cebulę. Podsmażamy. Doprawiamy solą oraz pieprzem.\n5. Makaron, brokuła, pomidorki koktajlowe, mozzarella, kurczaka, cebulę oraz jogurt naturalny umieszczamy w naczyniu żaroodpornym. Dokładnie mieszamy, doprawiamy solą oraz pieprzem.\n6. Zapiekamy w piekarniku rozgrzanym do 180 stopni (termoobieg) lub 200 stopni (góra-dół) 10-15 minut.",
      "ingredients": [
        {
          "name": "Makaron pełnoziarnisty",
          "amount": "40 g"
        },
        {
          "name": "Brokuł, świeży lub mrożony",
          "amount": "100 g"
        },
        {
          "name": "Pomidorki koktajlowe",
          "amount": "80 g"
        },
        {
          "name": "Mięso z piersi kurczaka",
          "amount": "100 g"
        },
        {
          "name": "Ser mozzarella kulka",
          "amount": "30 g"
        },
        {
          "name": "Cebula",
          "amount": "20 g"
        },
        {
          "name": "Jogurt naturalny 2%",
          "amount": "60 g"
        },
        {
          "name": "Sól",
          "amount": "0.25 g"
        },
        {
          "name": "Pieprz czarny",
          "amount": "0.25 g"
        },
        {
          "name": "Olej rzepakowy",
          "amount": "10 g"
        }
      ]
    }
  ]
}