{
  "recipeName": "Fit Monte",
  "subRecipes": [
    {
      "name": "Fit Monte",
      "description": "1. Kaszę manną zalewamy wodą w proporcji 2:1 (woda/kasza). Gotujemy ma małym ogniu do miękkości. Jeśli kasza wchłonie za dużo płynu, dolewamy kolejną porcję do uzyskania ulubionej konsystencji.\n2. Kaszę manną mieszamy z mascarpone, dodajemy do smaku erytrol, możemy dodać kropelkę aromatu śmietankowego. Odstawiamy do przestudzenia.\n3. Orzechy prażymy na rozgrzanej patelni do momentu, aż skórka stanie się lekko przyrumieniona. Przekładamy na ściereczkę i mocno pocieramy, aby jak najwięcej łupinek zeszło z orzechów. Uważamy, żeby się nie poparzyć!\n4. Orzechy blendujemy w blenderze.\n5. Pudding mieszamy z orzechami i odżywką.\n6. W miseczce układamy warstwami białą i czekoladową masę. Jemy z owocami. Smacznego!",
      "ingredients": [
        {
          "name": "Kasza manna",
          "amount": "70 g"
        },
        {
          "name": "Mascarpone",
          "amount": "35 g"
        },
        {
          "name": "Orzechy laskowe",
          "amount": "15 g"
        },
        {
          "name": "Pudding proteinowy o smaku czekoladowym Go active",
          "amount": "200 g"
        },
        {
          "name": "Erytrol",
          "amount": "10 g"
        },
        {
          "name": "Borówki amerykańskie, świeże lub mrożone",
          "amount": "100 g"
        },
        {
          "name": "Odżywka białkowa",
          "amount": "30 g"
        }
      ]
    }
  ]
}