{
  "recipeName": "Frytki z marchwi oraz pietruszki",
  "subRecipes": [
    {
      "name": "Frytki z marchwi oraz pietruszki",
      "description": "1. Piekarnik nagrzewamy do 180 stopni, tryb góra-dół.\n2. Marchew oraz pietruszkę obieramy i kroimy na równe frytki, mieszamy z przyprawami i oliwą.\n3. Pieczemy ok. 20 minut, w zależności od grubości frytek. Posypujemy sezamem. Podajemy z sosem zrobionym z jogurtu roślinnego oraz majonezu.",
      "ingredients": [
        {
          "name": "Marchew",
          "amount": "150 g"
        },
        {
          "name": "Pietruszka korzeń",
          "amount": "100 g"
        },
        {
          "name": "Sól",
          "amount": "0.25 g"
        },
        {
          "name": "Rozmaryn suszony",
          "amount": "1.5 g"
        },
        {
          "name": "Tymianek suszony",
          "amount": "1.5 g"
        },
        {
          "name": "Czosnek granulowany",
          "amount": "3 g"
        },
        {
          "name": "Oliwa z oliwek",
          "amount": "25 g"
        },
        {
          "name": "Pieprz czarny",
          "amount": "0.25 g"
        },
        {
          "name": "Sezam nasiona",
          "amount": "15 g"
        },
        {
          "name": "Majonez wegański",
          "amount": "25 g"
        },
        {
          "name": "Jogurt roślinny",
          "amount": "40 g"
        }
      ]
    }
  ]
}