{
  "recipeName": "Frytki z ziemniaków",
  "subRecipes": [
    {
      "name": "Frytki z ziemniaków",
      "description": "1. Piekarnik nagrzewamy do 180 stopni (termoobieg).\n2. Ziemniaki obieramy i kroimy na frytki, mieszamy z przyprawami i oliwą.\n3. Pieczemy ok. 20-30 minut, w zależności od grubości frytek.",
      "ingredients": [
        {
          "name": "Rozmaryn suszony",
          "amount": "2 g"
        },
        {
          "name": "Tymianek suszony",
          "amount": "3 g"
        },
        {
          "name": "Czosnek granulowany",
          "amount": "1.5 g"
        },
        {
          "name": "Sól",
          "amount": "0.25 g"
        },
        {
          "name": "Oliwa z oliwek",
          "amount": "30 g"
        },
        {
          "name": "Ziemniaki",
          "amount": "420 g"
        }
      ]
    }
  ]
}