{
  "recipeName": "Grahamka z kurczakiem, sałatą, pomidorem oraz ogórkiem",
  "subRecipes": [
    {
      "name": "Grahamka z kurczakiem, sałatą, pomidorem oraz ogórkiem",
      "description": "1. Kurczaka spłaszczamy. Przyprawiamy solą, pieprzem, słodką papryką oraz czosnkiem granulowanym. Grillujemy 7-8 minut. Przygotowane mięso odstawiamy na bok.\n2. W czasie gdy kurczak się grilluje, kroimy warzywa i przecinamy grahamkę na pół. Pieczywo polewamy oliwą, podgrzewamy na patelni.\n3. Grahamkę wykładamy pokrojonymi warzywami i kurczakiem. Jeśli część warzyw nie mieści się na kanapce, nakładamy na pieczywo tyle, ile możemy, resztę warzyw zjadamy \"luzem\" do kanapki. Smacznego!",
      "ingredients": [
        {
          "name": "Mięso z piersi kurczaka",
          "amount": "200 g"
        },
        {
          "name": "Bułka grahamka",
          "amount": "140 g"
        },
        {
          "name": "Miks sałat",
          "amount": "20 g"
        },
        {
          "name": "Pomidor",
          "amount": "160 g"
        },
        {
          "name": "Ogórek świeży",
          "amount": "150 g"
        },
        {
          "name": "Oliwa z oliwek",
          "amount": "20 g"
        },
        {
          "name": "Papryka słodka",
          "amount": "3 g"
        },
        {
          "name": "Czosnek granulowany",
          "amount": "1 g"
        },
        {
          "name": "Sól",
          "amount": "0.25 g"
        },
        {
          "name": "Pieprz czarny",
          "amount": "0.25 g"
        }
      ]
    }
  ]
}