{
  "recipeName": "Grzanki z tuńczykiem i pomidorami",
  "subRecipes": [
    {
      "name": "Grzanki z tuńczykiem i pomidorami",
      "description": "1. Kromki chleba przypiekamy na patelni, aż staną się chrupiące.\n2. Cebulę dymkę, natkę pietruszki oraz oliwki drobno siekamy. Pomidora kroimy w kosteczkę.\n3. Warzywa łączymy z odłączonym tuńczykiem. Dodajemy oliwę. Przyprawiamy solą, pieprzem oraz sokiem z cytryny do smaku. Dokładnie mieszamy.\n4. Sałatkę nakładamy na kromki pieczywa lub obok nich.",
      "ingredients": [
        {
          "name": "Chleb żytni razowy",
          "amount": "150 g"
        },
        {
          "name": "Oliwa z oliwek",
          "amount": "20 g"
        },
        {
          "name": "Pomidor",
          "amount": "160 g"
        },
        {
          "name": "Oliwki czarne",
          "amount": "20 g"
        },
        {
          "name": "Tuńczyk w sosie własnym",
          "amount": "240 g"
        },
        {
          "name": "Cebula dymka",
          "amount": "20 g"
        },
        {
          "name": "Natka pietruszki posiekana",
          "amount": "10 g"
        },
        {
          "name": "Sok z cytryny",
          "amount": "6 g"
        },
        {
          "name": "Sól",
          "amount": "0.25 g"
        },
        {
          "name": "Pieprz czarny",
          "amount": "0.25 g"
        }
      ]
    }
  ]
}