{
  "recipeName": "High Protein Serek Wiejski Pilos [Lidl] + owoce + orzechy",
  "subRecipes": [
    {
      "name": "High Protein Serek Wiejski Pilos [Lidl] + owoce + orzechy",
      "description": "1. Serek zjadamy na przekąskę razem z dodatkami.",
      "ingredients": [
        {
          "name": "High Protein Serek Wiejski Pilos",
          "amount": "200 g"
        },
        {
          "name": "Mieszanka orzechów",
          "amount": "50 g"
        },
        {
          "name": "Borówki amerykańskie, świeże lub mrożone",
          "amount": "150 g"
        }
      ]
    }
  ]
}