{
  "recipeName": "Hummus z warzywami",
  "subRecipes": [
    {
      "name": "Hummus z warzywami",
      "description": "1. Warzywa kroimy w paski. Zjadamy z hummusem.",
      "ingredients": [
        {
          "name": "Hummus",
          "amount": "200 g"
        },
        {
          "name": "Papryka czerwona",
          "amount": "170 g"
        },
        {
          "name": "Ogórek świeży",
          "amount": "150 g"
        },
        {
          "name": "Marchew",
          "amount": "160 g"
        }
      ]
    }
  ]
}