{
  "recipeName": "Jaglany deser a la Snickers",
  "subRecipes": [
    {
      "name": "Jaglany deser a la Snickers",
      "description": "1. Kaszę jaglaną gotujemy w osolonej wodzie według instrukcji na opakowaniu.\n2. Do blendera przekładamy czekoladę (połowę), daktyle, masło orzechowe, mleko, jogurt skyr oraz kaszę jaglaną. Blendujemy.\n3. Przekładamy do szklanek oblanych syropem z agawy i posypanych posiekanymi orzechami. Na wierzchu układamy posiekaną czekoladę (połowę). Smacznego!",
      "ingredients": [
        {
          "name": "Czekolada gorzka 70%",
          "amount": "15 g"
        },
        {
          "name": "Kasza jaglana",
          "amount": "70 g"
        },
        {
          "name": "Jogurt skyr",
          "amount": "280 g"
        },
        {
          "name": "Mleko wysokobiałkowe 0,5% Mlekovita",
          "amount": "125 g"
        },
        {
          "name": "Masło orzechowe",
          "amount": "20 g"
        },
        {
          "name": "Daktyle, suszone",
          "amount": "15 g"
        },
        {
          "name": "Orzechy włoskie",
          "amount": "15 g"
        },
        {
          "name": "Syrop z agawy",
          "amount": "7 g"
        }
      ]
    }
  ]
}