{
  "recipeName": "Jajecznica z pieczarkami, cebulą oraz bułką",
  "subRecipes": [
    {
      "name": "Jajecznica z pieczarkami, cebulą oraz bułką",
      "description": "1. Cebulę oraz pieczarki kroimy. Podsmażamy na rozgrzanym oleju.\n2. Na tę samą patelnię wbijamy jajka. Smażymy na małym ogniu, cały czas mieszając, aż jajka się zetną.\n3. Gotową jajecznicę doprawiamy solą oraz pieprzem wedle uznania.\n4. Podajemy z bułką, szpinakiem oraz rzodkiewką. Smacznego!",
      "ingredients": [
        {
          "name": "Jajko kurze całe",
          "amount": "280 g"
        },
        {
          "name": "Pieczarki uprawne",
          "amount": "40 g"
        },
        {
          "name": "Cebula",
          "amount": "40 g"
        },
        {
          "name": "Szpinak",
          "amount": "20 g"
        },
        {
          "name": "Rzodkiewka",
          "amount": "30 g"
        },
        {
          "name": "Bułka wysokobiałkowa Biedronka/Lidl",
          "amount": "120 g"
        },
        {
          "name": "Sól",
          "amount": "0.25 g"
        },
        {
          "name": "Pieprz czarny",
          "amount": "0.25 g"
        },
        {
          "name": "Olej rzepakowy",
          "amount": "5 g"
        }
      ]
    }
  ]
}