{
  "recipeName": "Jajecznica ze szpinakiem oraz suszonymi pomidorami",
  "subRecipes": [
    {
      "name": "Jajecznica ze szpinakiem oraz suszonymi pomidorami",
      "description": "1. Suszone pomidory kroimy w paski, wrzucamy na patelnię razem z oliwą (lub olejem z pomidorów) i szpinakiem.\n2. Smażymy przez 2-3 minuty, dodajemy sól, pieprz oraz jajko.\n3. Smażymy, aż jajko się zetnie. Podajemy z bułką.",
      "ingredients": [
        {
          "name": "Pomidory suszone w oleju (odsączone)",
          "amount": "20 g"
        },
        {
          "name": "Oliwa z oliwek",
          "amount": "5 g"
        },
        {
          "name": "Szpinak",
          "amount": "20 g"
        },
        {
          "name": "Jajko kurze całe",
          "amount": "280 g"
        },
        {
          "name": "Bułka wysokobiałkowa Biedronka/Lidl",
          "amount": "120 g"
        },
        {
          "name": "Sól",
          "amount": "0.25 g"
        },
        {
          "name": "Pieprz czarny",
          "amount": "0.25 g"
        }
      ]
    }
  ]
}