{
  "recipeName": "Jajko sadzone ze szparagami i pieczywem",
  "subRecipes": [
    {
      "name": "Jajko sadzone ze szparagami i pieczywem",
      "description": "1. Szparagi myjemy, odcinamy zdrewniałe końcówki. Przekładamy na patelnię z oliwą, dodajemy wodę (tyle, aby przykryła dno co najmniej w połowie).\n2. Patelnię przykrywamy, wstawiamy na gaz. Gdy woda na patelni zacznie się gotować, parujemy szparagi ok 10 minut. Aż staną się miękkie. Przekładamy na talerz.\n3. Na tej samej patelni (z resztą tłuszczu i wody) smażymy jajko, tak, jak lubimy. Przekładamy do szparagów.\n4. Doprawiamy solą oraz pieprzem, podajemy z bułką.",
      "ingredients": [
        {
          "name": "Szparagi zielone",
          "amount": "180 g"
        },
        {
          "name": "Oliwa z oliwek",
          "amount": "5 g"
        },
        {
          "name": "Jajko kurze całe",
          "amount": "280 g"
        },
        {
          "name": "Bułka wysokobiałkowa Biedronka/Lidl",
          "amount": "120 g"
        },
        {
          "name": "Sól",
          "amount": "0.25 g"
        },
        {
          "name": "Pieprz czarny",
          "amount": "0.25 g"
        }
      ]
    }
  ]
}