{
  "recipeName": "Jogurt z truskawkami oraz orzechami",
  "subRecipes": [
    {
      "name": "Jogurt z truskawkami oraz orzechami",
      "description": "1. Owoce wymieszaj z jogurtem i orzechami. Smacznego!",
      "ingredients": [
        {
          "name": "Truskawki, świeże lub mrożone",
          "amount": "200 g"
        },
        {
          "name": "Jogurt skyr",
          "amount": "300 g"
        },
        {
          "name": "Mieszanka orzechów",
          "amount": "60 g"
        }
      ]
    }
  ]
}