{
  "recipeName": "Kakaowy pudding z ciecierzycy z masłem orzechowym",
  "subRecipes": [
    {
      "name": "Kakaowy pudding z ciecierzycy z masłem orzechowym",
      "description": "1. Daktyle zalewamy wrzącą wodą i pozostawiamy na 10 minut pod przykryciem.\n2. Wszystkie składniki puddingu, w tym ciecierzycę z zalewą, blendujemy ze sobą do momentu, aż uzyskamy gęsty gładki krem.\n3. Gotowy pudding przekładamy do miseczki i dekorujemy ciecierzycą. Smacznego!",
      "ingredients": [
        {
          "name": "Ciecierzyca konserwowa",
          "amount": "300 g"
        },
        {
          "name": "Kakao",
          "amount": "15 g"
        },
        {
          "name": "Masło orzechowe",
          "amount": "40 g"
        },
        {
          "name": "Miód",
          "amount": "24 g"
        },
        {
          "name": "Daktyle, suszone",
          "amount": "30 g"
        }
      ]
    }
  ]
}