{
  "recipeName": "Kakaowa kasza gryczana z owocami",
  "subRecipes": [
    {
      "name": "Kakaowa kasza gryczana z owocami",
      "description": "1. Kaszę gryczaną płuczemy, wrzucamy do garnuszka, dodajemy sól, mleko oraz kakao. Po zagotowaniu zmniejszamy ogień i gotujemy 10 minut. Jeśli kasza wchłonie zbyt dużo płynu podczas gotowania, dolewamy stopniowo gorącą wodę, aby uzyskać preferowaną konsystencję.\n2. Po tym czasie wyłączamy ogień, przykrywamy garnek i czekamy kolejne 10 minut, aż kasza zmięknie i wchłonie płyn.\n3. Dodajemy jogurt skyr oraz syrop klonowy, mieszamy i przekładamy do miseczki. Podajemy z owocami i orzechami włoskimi.",
      "ingredients": [
        {
          "name": "Kasza gryczana niepalona",
          "amount": "60 g"
        },
        {
          "name": "Mleko 1,5%",
          "amount": "125 g"
        },
        {
          "name": "Sól",
          "amount": "0.25 g"
        },
        {
          "name": "Kakao",
          "amount": "5 g"
        },
        {
          "name": "Syrop klonowy",
          "amount": "5 g"
        },
        {
          "name": "Borówki amerykańskie, świeże lub mrożone",
          "amount": "150 g"
        },
        {
          "name": "Jogurt skyr",
          "amount": "280 g"
        },
        {
          "name": "Orzechy włoskie",
          "amount": "40 g"
        }
      ]
    }
  ]
}