{
  "recipeName": "Kanapka z jajecznicą i awokado",
  "subRecipes": [
    {
      "name": "Kanapka z jajecznicą i awokado",
      "description": "1. Jajka wbijamy do miseczki i roztrzepujemy widelcem. Doprawiamy solą oraz pieprzem.\n2. Na patelni rozgrzewamy masło i wlewamy jajka, mieszamy do uzyskania pożądanej konsystencji.\n3. Bułkę kroimy na pół, obieramy awokado, kroimy i układamy na bułkach. Rozgniatamy widelcem.\n4. Na jedną połówkę przekładamy jajecznicę, układamy na niej pomidorki koktajlowe i przykrywamy drugą częścią bułki.",
      "ingredients": [
        {
          "name": "Bułka wysokobiałkowa Biedronka/Lidl",
          "amount": "120 g"
        },
        {
          "name": "Jajko kurze całe",
          "amount": "224 g"
        },
        {
          "name": "Masło extra",
          "amount": "5 g"
        },
        {
          "name": "Awokado",
          "amount": "50 g"
        },
        {
          "name": "Sól",
          "amount": "0.25 g"
        },
        {
          "name": "Pieprz czarny",
          "amount": "0.25 g"
        },
        {
          "name": "Pomidorki koktajlowe",
          "amount": "100 g"
        }
      ]
    }
  ]
}