{
  "recipeName": "Kanapka z serem mozzarellą i warzywami",
  "subRecipes": [
    {
      "name": "Kanapka z serem mozzarellą i warzywami",
      "description": "1. Na kromkach chleba żytniego razowego układamy szpinak, pokrojoną w plastry ser mozzarellę, pomidora oraz paprykę czerwoną.",
      "ingredients": [
        {
          "name": "Chleb żytni razowy",
          "amount": "150 g"
        },
        {
          "name": "Szpinak",
          "amount": "50 g"
        },
        {
          "name": "Ser mozzarella kulka light",
          "amount": "240 g"
        },
        {
          "name": "Pomidor",
          "amount": "160 g"
        },
        {
          "name": "Papryka czerwona",
          "amount": "85 g"
        }
      ]
    }
  ]
}