{
  "recipeName": "Kanapki z kurczakiem, jajkiem i awokado",
  "subRecipes": [
    {
      "name": "Kanapki z kurczakiem, jajkiem i awokado",
      "description": "1. Piekarnik rozgrzewamy do 180 stopni (tryb góra-dół).\n2. Mięso przyprawiamy solą, pieprzem oraz oregano (połową) i pieczemy przez ok. 20-25 minut w rękawie do pieczenia (można też usmażyć bez dodatku tłuszczu).\n3. Na pieczywie układamy rukolę oraz pokrojone pomidorki. Jeśli część warzyw nie mieści się na pieczywie, możemy zjeść je osobno do kanapek.\n4. Gotowe mięso rwiemy widelcem na małe kawałki i kładziemy na kanapkach.\n5. Jajka smażymy na patelni, najlepiej w foremce, aby kształt i wielkość nie były większe od kromek. Kroimy na kawałki i układamy na kanapkach.\n6. Awokado obieramy, kroimy w paseczki i układamy na jajku.\n7. Całość posypujemy przyprawami. Smacznego!",
      "ingredients": [
        {
          "name": "Chleb żytni razowy",
          "amount": "90 g"
        },
        {
          "name": "Mięso z piersi kurczaka",
          "amount": "150 g"
        },
        {
          "name": "Awokado",
          "amount": "140 g"
        },
        {
          "name": "Jajko kurze całe",
          "amount": "112 g"
        },
        {
          "name": "Rukola",
          "amount": "20 g"
        },
        {
          "name": "Pomidorki koktajlowe",
          "amount": "200 g"
        },
        {
          "name": "Sól",
          "amount": "0.5 g"
        },
        {
          "name": "Pieprz czarny",
          "amount": "0.5 g"
        },
        {
          "name": "Oregano suszone",
          "amount": "3 g"
        }
      ]
    }
  ]
}