{
  "recipeName": "Kanapka z szynką z kurczaka pastą z suszonymi pomidorami oraz rukolą",
  "subRecipes": [
    {
      "name": "Kanapka z szynką z kurczaka pastą z suszonymi pomidorami oraz rukolą",
      "description": "1. Suszone pomidory oraz słonecznik blendujemy z wodą.\n2. Pieczywo smarujemy przygotowaną pastą, układamy na niej rukolę oraz szynkę z kurczaka. Smacznego!",
      "ingredients": [
        {
          "name": "Bułka wysokobiałkowa Biedronka/Lidl",
          "amount": "160 g"
        },
        {
          "name": "Pomidory suszone w oleju (odsączone)",
          "amount": "40 g"
        },
        {
          "name": "Nasiona słonecznika",
          "amount": "30 g"
        },
        {
          "name": "Rukola",
          "amount": "20 g"
        },
        {
          "name": "Szynka z kurczaka",
          "amount": "100 g"
        },
        {
          "name": "Woda",
          "amount": "45 g"
        }
      ]
    }
  ]
}