{
  "recipeName": "Kanapka z pstrągiem wędzonym",
  "subRecipes": [
    {
      "name": "Kanapka z pstrągiem wędzonym",
      "description": "1. Bułkę przekrajamy na pół i podpiekamy na patelni.\n2. Chrzan łączymy z serkiem śmietankowym i smarujemy połówki bułki.\n3. Na jednej połówce układamy pstrąga wędzonego, posiekany koperek, ogórka oraz kiełki, przykrywamy drugą połówką bułki.",
      "ingredients": [
        {
          "name": "Bułka wysokobiałkowa Biedronka/Lidl",
          "amount": "150 g"
        },
        {
          "name": "Pstrąg wędzony",
          "amount": "125 g"
        },
        {
          "name": "Serek śmietankowy",
          "amount": "50 g"
        },
        {
          "name": "Chrzan (tarty)",
          "amount": "40 g"
        },
        {
          "name": "Koper posiekany",
          "amount": "12 g"
        },
        {
          "name": "Kiełki rzodkiewki",
          "amount": "10 g"
        },
        {
          "name": "Ogórek świeży",
          "amount": "150 g"
        }
      ]
    }
  ]
}