{
  "recipeName": "Kanapki z pastą z łososia oraz awokado",
  "subRecipes": [
    {
      "name": "Kanapki z pastą z łososia oraz awokado",
      "description": "1. Łososia pieczemy 20-30 min w piekarniku rozgrzanym do 200 stopni. Studzimy.\n2. Zimną rybę przekładamy do miski, dodajemy obrane awokado i rozgniatamy widelecem.\n3. Dodajemy majonez, jogurt skyr oraz pieprzem według własnego smaku, mieszamy.\n4. Chleb razowy smarujemy serkiem śmietankowym, nakładamy rukolę, pastę z łososia i ogórka kiszonego.",
      "ingredients": [
        {
          "name": "Chleb żytni razowy",
          "amount": "90 g"
        },
        {
          "name": "Serek śmietankowy",
          "amount": "30 g"
        },
        {
          "name": "Łosoś świeży",
          "amount": "150 g"
        },
        {
          "name": "Awokado",
          "amount": "40 g"
        },
        {
          "name": "Jogurt skyr",
          "amount": "100 g"
        },
        {
          "name": "Majonez",
          "amount": "10 g"
        },
        {
          "name": "Ogórek kiszony",
          "amount": "100 g"
        },
        {
          "name": "Szczypiorek siekany",
          "amount": "10 g"
        },
        {
          "name": "Sól",
          "amount": "0.25 g"
        },
        {
          "name": "Pieprz czarny",
          "amount": "0.25 g"
        },
        {
          "name": "Rukola",
          "amount": "25 g"
        }
      ]
    }
  ]
}