{
  "recipeName": "Kanapki z cieciorellą i owocami",
  "subRecipes": [
    {
      "name": "Kanapki z cieciorellą i owocami",
      "description": "1. Daktyle zalewamy wrzątkiem i moczymy przez ok. 15 minut do namoczenia. Po tym czasie odłączamy daktyle z wody.\n2. Ciecierzycę odłączamy i płuczemy.\n3. W kielichu blendera umieszczamy: ciecierzycę, masło orzechowe, kakao, daktyle, odżywkę białkową oraz mleko. Całość blendujemy na gładką masę, w razie potrzeby stopniowo dolewamy wodę podczas blendowania, aby uzyskać preferowaną konsystencję. Próbujemy cieciorellę i opcjonalnie dosładzamy erytrolem.\n4. Pieczywo smarujemy gotową cieciorellą i dekorujemy owocami.",
      "ingredients": [
        {
          "name": "Chleb żytni razowy",
          "amount": "60 g"
        },
        {
          "name": "Truskawki, świeże lub mrożone",
          "amount": "100 g"
        },
        {
          "name": "Ciecierzyca konserwowa",
          "amount": "100 g"
        },
        {
          "name": "Masło orzechowe",
          "amount": "40 g"
        },
        {
          "name": "Kakao",
          "amount": "10 g"
        },
        {
          "name": "Daktyle, suszone",
          "amount": "25 g"
        },
        {
          "name": "Odżywka białkowa",
          "amount": "40 g"
        },
        {
          "name": "Mleko roślinne niesłodzone",
          "amount": "45 g"
        },
        {
          "name": "Erytrol",
          "amount": "5 g"
        }
      ]
    }
  ]
}