{
  "recipeName": "Kanapka z hummusem i warzywami + shake białkowy",
  "subRecipes": [
    {
      "name": "Kanapka z hummusem i warzywami + shake białkowy",
      "description": "1. Kromki bułki smarujemy hummusem.\n2. Układamy pokrojone warzywa, skrapiamy oliwą. Posypujemy szczypiorkiem.\n3. Jako drugą część śniadania przygotowujemy shake na bazie odżywki białkowej i wody (250 ml).",
      "ingredients": [
        {
          "name": "Bułka wysokobiałkowa Biedronka/Lidl",
          "amount": "150 g"
        },
        {
          "name": "Hummus",
          "amount": "60 g"
        },
        {
          "name": "Pomidor",
          "amount": "160 g"
        },
        {
          "name": "Ogórek świeży",
          "amount": "75 g"
        },
        {
          "name": "Papryka czerwona",
          "amount": "85 g"
        },
        {
          "name": "Rzodkiewka",
          "amount": "45 g"
        },
        {
          "name": "Szczypiorek siekany",
          "amount": "15 g"
        },
        {
          "name": "Oliwa z oliwek",
          "amount": "9 g"
        },
        {
          "name": "Odżywka białkowa",
          "amount": "25 g"
        }
      ]
    }
  ]
}