{
  "recipeName": "Kanapka z pastą z makreli oraz jajka",
  "subRecipes": [
    {
      "name": "Kanapka z pastą z makreli oraz jajka",
      "description": "1. Jajka gotujemy na twardo przez ok. 7-8 minut (czas liczony od zagotowania wody).\n2. Makrelę obieramy z ości i przekładamy do miski.\n3. Dodajemy ostudzone, pokrojone w kostkę jajko oraz jogurt skyr. Przyprawiamy pieprzem. Dokładnie mieszamy.\n4. Podajemy z chlebem razowym i kawałkami warzyw.",
      "ingredients": [
        {
          "name": "Makrela wędzona",
          "amount": "120 g"
        },
        {
          "name": "Jajko kurze całe",
          "amount": "112 g"
        },
        {
          "name": "Jogurt skyr",
          "amount": "60 g"
        },
        {
          "name": "Pieprz czarny",
          "amount": "0.25 g"
        },
        {
          "name": "Chleb żytni razowy",
          "amount": "120 g"
        },
        {
          "name": "Pomidor",
          "amount": "160 g"
        },
        {
          "name": "Papryka czerwona",
          "amount": "170 g"
        }
      ]
    }
  ]
}