{
  "recipeName": "Kanapka z pastą z jajka oraz awokado",
  "subRecipes": [
    {
      "name": "Kanapka z pastą z jajka oraz awokado",
      "description": "1. Jajko gotujemy na twardo (około 8 minut od zagotowania wody). Studzimy i obieramy.\n2. Łączymy wszystkie składniki pasty (jajko, awokado, sok z cytryny, sól oraz pieprz), rozdrabniamy i mieszamy widelecem.\n3. Pastę kładziemy na bułkę i układamy plastry pomidora.",
      "ingredients": [
        {
          "name": "Bułka wysokobiałkowa Biedronka/Lidl",
          "amount": "120 g"
        },
        {
          "name": "Jajko kurze całe",
          "amount": "224 g"
        },
        {
          "name": "Awokado",
          "amount": "75 g"
        },
        {
          "name": "Sok z cytryny",
          "amount": "12 g"
        },
        {
          "name": "Sól",
          "amount": "0.25 g"
        },
        {
          "name": "Pieprz czarny",
          "amount": "0.25 g"
        },
        {
          "name": "Pomidor",
          "amount": "80 g"
        }
      ]
    }
  ]
}