{
  "recipeName": "Kasza gryczana na mleku roślinnym z czekoladą, orzechami włoskimi oraz malinami",
  "subRecipes": [
    {
      "name": "Kasza gryczana na mleku roślinnym z czekoladą, orzechami włoskimi oraz malinami",
      "description": "1. Do rondelka wlewamy mleko roślinne i je gotujemy.\n2. W momencie gdy mleko się zagotuje dodajemy kaszę gryczaną, posiekane daktyle i gotujemy na wolnym ogniu, co jakiś czas mieszając, aż zacznie się rozklejać, a całość zacznie gęstnieć.\n3. Gdy kasza gryczana się ugotuje, a całość zgęstnieje, dodajemy masło orzechowe, maliny i pokruszoną czekoladę. Całość dokładnie mieszamy.\n4. Gotowe danie wykładamy do miski i posypujemy zmiksowanymi orzechami włoskimi. Smacznego!",
      "ingredients": [
        {
          "name": "Kasza gryczana niepalona",
          "amount": "50 g"
        },
        {
          "name": "Daktyle, suszone",
          "amount": "15 g"
        },
        {
          "name": "Orzechy włoskie",
          "amount": "25 g"
        },
        {
          "name": "Czekolada gorzka 70%",
          "amount": "20 g"
        },
        {
          "name": "Masło orzechowe",
          "amount": "25 g"
        },
        {
          "name": "Maliny świeże lub mrożone",
          "amount": "100 g"
        },
        {
          "name": "Mleko roślinne niesłodzone",
          "amount": "250 g"
        }
      ]
    }
  ]
}