{
  "recipeName": "Kokosowy serniczek z malinami",
  "subRecipes": [
    {
      "name": "Kokosowy serniczek z malinami",
      "description": "1. Herbatniki kruszymy na drobne kawałki.\n2. Twaróg blendujemy z puddingiem proteinowym. Następnie zblendowaną masę dokładnie mieszamy z wiórkami kokosowymi.\n3. Maliny oraz erytrol blendujemy, możemy pozostawić kilka owoców do dekoracji. W razie potrzeby dosładzamy bardziej erytrolem.\n4. W wysokim naczyniu lub pucharku układamy pokruszone herbatniki, masę serową, a na sam wierzch, mus owocowy.\n5. Gotowy deser dekorujemy listkami mięty. Pucharki wstawiamy do lodówki i pozostawiamy do schłodzenia na minimum 30 minut.",
      "ingredients": [
        {
          "name": "Herbatniki",
          "amount": "50 g"
        },
        {
          "name": "Ser twarogowy półtłusty",
          "amount": "125 g"
        },
        {
          "name": "Pudding proteinowy smak waniliowy Go active",
          "amount": "300 g"
        },
        {
          "name": "Wiórki kokosowe",
          "amount": "20 g"
        },
        {
          "name": "Maliny świeże lub mrożone",
          "amount": "150 g"
        },
        {
          "name": "Erytrol",
          "amount": "15 g"
        },
        {
          "name": "Mięta",
          "amount": "1 g"
        }
      ]
    }
  ]
}