{
  "recipeName": "Koktajl truskawkowy z mango",
  "subRecipes": [
    {
      "name": "Koktajl truskawkowy z mango",
      "description": "1. Wszystkie składniki blendujemy na gładki koktajl. Jeżeli będzie zbyt gęsty, możemy dodać wody. Płatki możemy wcześniej zalać wodą (ok. 1 cm ponad wysokość płatków) i pozostawić na 10-15 minut do namięknięcia.",
      "ingredients": [
        {
          "name": "Truskawki, świeże lub mrożone",
          "amount": "150 g"
        },
        {
          "name": "Mango świeże lub mrożone",
          "amount": "150 g"
        },
        {
          "name": "Mięta",
          "amount": "1 g"
        },
        {
          "name": "Odżywka białkowa",
          "amount": "55 g"
        },
        {
          "name": "Płatki owsiane górskie",
          "amount": "45 g"
        },
        {
          "name": "Masło orzechowe",
          "amount": "45 g"
        },
        {
          "name": "Woda",
          "amount": "200 g"
        }
      ]
    }
  ]
}