{
  "recipeName": "Koktajl jagodowo bananowy",
  "subRecipes": [
    {
      "name": "Koktajl jagodowo bananowy",
      "description": "1. Wszystkie składniki koktajlu blendujemy na gładką masę. W razie potrzeby dolewamy wody, aby uzyskać preferowaną konsystencję.",
      "ingredients": [
        {
          "name": "Jagody świeże lub mrożone",
          "amount": "200 g"
        },
        {
          "name": "Banan",
          "amount": "240 g"
        },
        {
          "name": "Odżywka białkowa",
          "amount": "60 g"
        },
        {
          "name": "Płatki migdałów",
          "amount": "30 g"
        },
        {
          "name": "Woda",
          "amount": "200 g"
        },
        {
          "name": "Płatki owsiane górskie",
          "amount": "15 g"
        }
      ]
    }
  ]
}