{
  "recipeName": "Koktajl z jabłka oraz kiwi",
  "subRecipes": [
    {
      "name": "Koktajl z jabłka oraz kiwi",
      "description": "1. Wszystkie składniki koktajlu blendujemy na gładką masę. Wodę podczas blendowania dodajemy na sam koniec i wlewamy ją stopniowo do czasu uzyskania preferowanej konsystencji koktajlu. Jeśli lubimy gęste koktajle bez dodatku wody, możemy pominąć dodatek tego składnika.\n2. Koktajl wypijamy zaraz po przygotowaniu. Jeżeli lubisz słodkie koktajle - dosłódź erytrolem :)",
      "ingredients": [
        {
          "name": "Kiwi",
          "amount": "150 g"
        },
        {
          "name": "Jabłko",
          "amount": "225 g"
        },
        {
          "name": "Jogurt skyr",
          "amount": "225 g"
        },
        {
          "name": "Miód",
          "amount": "36 g"
        },
        {
          "name": "Woda",
          "amount": "250 g"
        },
        {
          "name": "Mieszanka orzechów",
          "amount": "20 g"
        }
      ]
    }
  ]
}