{
  "recipeName": "Krem z płatków jaglanych z jabłkiem oraz orzechami włoskimi",
  "subRecipes": [
    {
      "name": "Krem z płatków jaglanych z jabłkiem oraz orzechami włoskimi",
      "description": "1. Do rondelka wlewamy mleko i zagotowujemy.\n2. W momencie gdy mleko zaczyna się gotować, dodajemy płatki jaglane i gotujemy na wolnym ogniu, mieszając co jakiś czas, aż płatki jaglane się ugotują, a całość zgęstnieje.\n3. Gdy masa jest już gotowa, wyłączamy ogień pod rondelkiem i całość miksujemy z odżywką białkową.\n4. Do zmiksowanego kremu dodajemy pokrojone w kostkę lub starte owoce i dokładnie mieszamy. Możemy również wcześniej uprażyć owoce z dodatkiem erytrolu i cynamonu (opcjonalnie), przestudzić i dodać do masy.\n5. Zmiksowany krem z płatków jaglanych przekładamy do miseczki i posypujemy pokruszonymi orzechami włoskimi. Smacznego!",
      "ingredients": [
        {
          "name": "Mleko roślinne niesłodzone",
          "amount": "140 g"
        },
        {
          "name": "Płatki jaglane",
          "amount": "70 g"
        },
        {
          "name": "Jabłko",
          "amount": "75 g"
        },
        {
          "name": "Orzechy włoskie",
          "amount": "30 g"
        },
        {
          "name": "Odżywka białkowa",
          "amount": "60 g"
        }
      ]
    }
  ]
}