{
  "recipeName": "Kulki mocy",
  "subRecipes": [
    {
      "name": "Kulki mocy",
      "description": "1. Wiśnie rozmrażamy. Daktyle namaczamy w gorącej wodzie.\n2. Daktyle, wiśnie i kakao blendujemy (tak, aby były wyczuwalne kawałki owoców).\n3. Formujemy kulki i obtaczamy w wiórkach kokosowych.",
      "ingredients": [
        {
          "name": "Daktyle, suszone",
          "amount": "200 g"
        },
        {
          "name": "Wiśnie, świeże lub mrożone",
          "amount": "100 g"
        },
        {
          "name": "Kakao",
          "amount": "20 g"
        },
        {
          "name": "Wiórki kokosowe",
          "amount": "70 g"
        }
      ]
    }
  ]
}