{
  "recipeName": "Kurczak curry z soczewicą konserwową",
  "subRecipes": [
    {
      "name": "Kurczak curry z soczewicą konserwową",
      "description": "1. Ryż gotujemy zgodnie z instrukcją na opakowaniu. Na patelni rozgrzewamy oliwę.\n2. Podsmażamy pokrojoną cebulę, czosnek oraz imbir przez około 5 minut.\n3. Na rozgrzaną patelnię dodajemy pokrojonego kurczaka i smażymy na złoty kolor.\n4. Posypujemy przyprawami (curry, kurkumą oraz ostrą papryką) i dodajemy passatę pomidorową. Zmniejszamy moc palnika, przykrywamy patelnię i dusimy przez 10 minut.\n5. Po 10 minutach dodajemy pokrojoną w kostkę cukinię, soczewicę konserwową oraz mleczko kokosowe. Doprawiamy ostrą papryką, solą oraz pieprzem według własnego smaku.\n6. Dusimy jeszcze 10 minut, podajemy z ryżem.",
      "ingredients": [
        {
          "name": "Cebula",
          "amount": "20 g"
        },
        {
          "name": "Czosnek świeży",
          "amount": "3 g"
        },
        {
          "name": "Cukinia",
          "amount": "100 g"
        },
        {
          "name": "Imbir",
          "amount": "2.5 g"
        },
        {
          "name": "Ryż basmati",
          "amount": "25 g"
        },
        {
          "name": "Passata pomidorowa",
          "amount": "150 g"
        },
        {
          "name": "Soczewica konserwowa",
          "amount": "60 g"
        },
        {
          "name": "Oliwa z oliwek",
          "amount": "5 g"
        },
        {
          "name": "Mięso z piersi kurczaka",
          "amount": "150 g"
        },
        {
          "name": "Mleczko kokosowe 12%",
          "amount": "40 g"
        },
        {
          "name": "Curry przyprawa",
          "amount": "4 g"
        },
        {
          "name": "Kurkuma",
          "amount": "2 g"
        },
        {
          "name": "Papryka ostra suszona",
          "amount": "0.5 g"
        },
        {
          "name": "Sól",
          "amount": "0.25 g"
        },
        {
          "name": "Pieprz czarny",
          "amount": "0.25 g"
        }
      ]
    }
  ]
}