{
  "recipeName": "Kurczak Fajita",
  "subRecipes": [
    {
      "name": "Kurczak Fajita",
      "description": "1. Ryż gotujemy według instrukcji na opakowaniu.\n2. Kurczaka kroimy. Doprawiamy solą oraz pieprzem i odstawiamy na kilka minut.\n3. Paprykę czerwoną kroimy w paski.\n4. Cebulę czerwoną kroimy na plasterki.\n5. Warzywa mieszamy z przyprawami, polewamy sokiem z limonki.\n6. Mięso smażymy na oleju. Po usmażeniu odkładamy na talerz.\n7. Na tę samą patelnię wkładamy warzywa, zmniejszamy ogień i dokładnie obsmażamy, co chwilę mieszając.\n8. Dodajemy kurczaka i delikatnie mieszamy całość.\n9. Posypujemy kolendrą świeżą. Podajemy z ryżem. Smacznego!",
      "ingredients": [
        {
          "name": "Mięso z piersi kurczaka",
          "amount": "175 g"
        },
        {
          "name": "Olej rzepakowy",
          "amount": "15 g"
        },
        {
          "name": "Cebula czerwona",
          "amount": "20 g"
        },
        {
          "name": "Papryka czerwona",
          "amount": "85 g"
        },
        {
          "name": "Limonka",
          "amount": "35 g"
        },
        {
          "name": "Kolendra świeża",
          "amount": "2 g"
        },
        {
          "name": "Sól",
          "amount": "0.25 g"
        },
        {
          "name": "Kumin",
          "amount": "2.5 g"
        },
        {
          "name": "Papryka słodka",
          "amount": "1.5 g"
        },
        {
          "name": "Pieprz czarny",
          "amount": "0.25 g"
        },
        {
          "name": "Papryka ostra suszona",
          "amount": "1.5 g"
        },
        {
          "name": "Ryż basmati",
          "amount": "35 g"
        }
      ]
    }
  ]
}