{
  "recipeName": "Kurczak w kremowym sosie curry",
  "subRecipes": [
    {
      "name": "Kurczak w kremowym sosie curry",
      "description": "1. Ryż gotujemy według instrukcji na opakowaniu.\n2. Kurczaka kroimy na małe kawałki. Posypujemy solą oraz pieprzem.\n3. W misce mieszamy posiekany czosnek, posiekaną papryczkę, posiekany imbir, startą skórkę z cytryny oraz oliwę.\n4. Kurczaka mieszamy z marynatą i odstawiamy na minimum 5 minut.\n5. Paprykę czerwoną oraz cebulę kroimy w kostkę.\n6. Kurczaka, cebulę oraz paprykę czerwoną wraz z resztkami marynaty smażymy na złoty kolor na rozgrzanej patelni z nieprzywierającą powierzchnią.\n7. Zmniejszamy ogień, całość dokładnie mieszamy i smażymy przez około 1 minutę.\n8. Na koniec dodajemy mleczko kokosowe.\n9. Gotujemy dalej przez kolejne 4-5 minut, często mieszając.\n10. Doprawiamy do smaku pieprzem cayenne, kurkumą, curry oraz solą.\n11. Gorące curry podajemy z ryżem. Do posiłku zjadamy kawałki ogórka. Smacznego!",
      "ingredients": [
        {
          "name": "Mięso z piersi kurczaka",
          "amount": "175 g"
        },
        {
          "name": "Mleczko kokosowe 12%",
          "amount": "80 g"
        },
        {
          "name": "Ryż basmati",
          "amount": "40 g"
        },
        {
          "name": "Cebula",
          "amount": "20 g"
        },
        {
          "name": "Czosnek świeży",
          "amount": "3 g"
        },
        {
          "name": "Curry przyprawa",
          "amount": "2 g"
        },
        {
          "name": "Kurkuma",
          "amount": "1 g"
        },
        {
          "name": "Papryczka chili",
          "amount": "10 g"
        },
        {
          "name": "Pieprz cayenne",
          "amount": "0.25 g"
        },
        {
          "name": "Imbir",
          "amount": "3 g"
        },
        {
          "name": "Skórka z cytryny",
          "amount": "3 g"
        },
        {
          "name": "Sól",
          "amount": "0.25 g"
        },
        {
          "name": "Pieprz czarny",
          "amount": "0.25 g"
        },
        {
          "name": "Oliwa z oliwek",
          "amount": "5 g"
        },
        {
          "name": "Ogórek świeży",
          "amount": "75 g"
        }
      ]
    }
  ]
}