{
  "recipeName": "Kąski z mrożonego jogurtu",
  "subRecipes": [
    {
      "name": "Kąski z mrożonego jogurtu",
      "description": "1. Banana kroimy w kostkę.\n2. W misce mieszamy maliny, borówki, banana, kawałki czekolady oraz jogurt naturalny.\n3. Łyżką do lodów (lub zwykłą) formujemy małe kule. Układamy na tacce i mrozimy. Pozostawiamy w zamrażarce na minimum 3 h. Najlepiej mrozić przez całą noc.",
      "ingredients": [
        {
          "name": "Jogurt naturalny 2%",
          "amount": "400 g"
        },
        {
          "name": "Maliny świeże lub mrożone",
          "amount": "150 g"
        },
        {
          "name": "Banan",
          "amount": "120 g"
        },
        {
          "name": "Borówki amerykańskie, świeże lub mrożone",
          "amount": "100 g"
        },
        {
          "name": "Czekolada gorzka 70%",
          "amount": "20 g"
        }
      ]
    }
  ]
}