{
  "recipeName": "Lodowy bowl z masłem orzechowym",
  "subRecipes": [
    {
      "name": "Lodowy bowl z masłem orzechowym",
      "description": "1. Jogurt przekładamy do miseczki. Całość dokładnie mieszamy z erytrolem.\n2. Banana kroimy na kawałki i dodajemy do jogurtu.\n3. Następnie na jogurt z owocami wsypujemy granolę i dodajemy masło orzechowe.\n4. Na wierzch układamy lody i całość polewamy miodem.",
      "ingredients": [
        {
          "name": "Jogurt skyr",
          "amount": "300 g"
        },
        {
          "name": "Erytrol",
          "amount": "5 g"
        },
        {
          "name": "Proteinowa granola brownie i wiśnia Go On",
          "amount": "60 g"
        },
        {
          "name": "Masło orzechowe",
          "amount": "20 g"
        },
        {
          "name": "Lody waniliowe",
          "amount": "50 g"
        },
        {
          "name": "Banan",
          "amount": "120 g"
        },
        {
          "name": "Miód",
          "amount": "12 g"
        }
      ]
    }
  ]
}