{
  "recipeName": "Makaron z wędzonym pstrągiem wędzonym",
  "subRecipes": [
    {
      "name": "Makaron z wędzonym pstrągiem wędzonym",
      "description": "1. Makaron gotujemy według instrukcji na opakowaniu. Zachowujemy 50 ml wody z gotowania, w celu późniejszego użycia.\n2. Na patelni rozgrzewamy olej. Podsmażamy posiekany czosnek. Dodajemy fasolkę szparagową oraz szpinak, podsmażamy przez 4 minuty. Dodajemy pomidorki koktajlowe oraz pstrąga wędzonego.\n3. Na patelnię dodajemy makaron oraz wodę z gotującego się makaronu. Dodajemy jogurt (przed dodaniem jogurt łączymy z odrobiną sosu z makaronu, aby go zahartować). Po dodaniu jogurtu zdejmujemy patelnię z palnika, rozprowadzamy delikatnie jogurt. Doprawiamy solą i pieprzem do smaku. Smacznego!",
      "ingredients": [
        {
          "name": "Makaron pełnoziarnisty",
          "amount": "50 g"
        },
        {
          "name": "Pstrąg wędzony",
          "amount": "100 g"
        },
        {
          "name": "Pomidorki koktajlowe",
          "amount": "100 g"
        },
        {
          "name": "Fasolka szparagowa, mrożona",
          "amount": "75 g"
        },
        {
          "name": "Szpinak",
          "amount": "50 g"
        },
        {
          "name": "Jogurt skyr",
          "amount": "40 g"
        },
        {
          "name": "Czosnek świeży",
          "amount": "6 g"
        },
        {
          "name": "Olej rzepakowy",
          "amount": "10 g"
        },
        {
          "name": "Sól",
          "amount": "0.25 g"
        },
        {
          "name": "Pieprz czarny",
          "amount": "0.25 g"
        }
      ]
    }
  ]
}