{
  "recipeName": "Makaron z kremowym sosem pieczarkowym i kurczakiem",
  "subRecipes": [
    {
      "name": "Makaron z kremowym sosem pieczarkowym i kurczakiem",
      "description": "1. Makaron gotujemy zgodnie z instrukcją.\n2. Kurczaka kroimy w kostkę. Dodajemy sól oraz pieprz. Odstawiamy na kilka minut.\n3. Pieczarki myjemy i kroimy w plasterki. Cebulę obieramy i drobno siekamy.\n4. Na rozgrzanej oliwie smażymy kurczaka oraz cebulę.\n5. Dodajemy pieczarki oraz oregano, smażymy kilka minut.\n6. Gdy pieczarki będą już miękkie, dodajemy mleczko kokosowe i 1/3 szklanki wody, zmniejszamy ogień, przykrywamy pokrywką i podduszamy około 10 minut. Doprawiamy solą oraz pieprzem do smaku.\n7. Gotowy sos mieszamy z makaronem. Posypujemy natką pietruszki. Smacznego!",
      "ingredients": [
        {
          "name": "Makaron pełnoziarnisty",
          "amount": "50 g"
        },
        {
          "name": "Mięso z piersi kurczaka",
          "amount": "150 g"
        },
        {
          "name": "Oliwa z oliwek",
          "amount": "15 g"
        },
        {
          "name": "Mleczko kokosowe 12%",
          "amount": "80 g"
        },
        {
          "name": "Cebula",
          "amount": "20 g"
        },
        {
          "name": "Pieczarki uprawne",
          "amount": "100 g"
        },
        {
          "name": "Sól",
          "amount": "0.25 g"
        },
        {
          "name": "Pieprz czarny",
          "amount": "0.25 g"
        },
        {
          "name": "Natka pietruszki posiekana",
          "amount": "15 g"
        },
        {
          "name": "Oregano suszone",
          "amount": "1.5 g"
        }
      ]
    }
  ]
}