{
  "recipeName": "Meksykańskie tacos z grillowanym kurczakiem i salsą",
  "subRecipes": [
    {
      "name": "Meksykańskie tacos z grillowanym kurczakiem i salsą",
      "description": "1. Mięso kroimy w paski. Przyprawiamy solą, pieprzem oraz czosnkiem granulowanym. Następnie dodajemy startą skórkę z limonki.\n2. Kroimy w paski paprykę czerwoną oraz cebulę.\n3. Na połowie oliwy smażymy mięso przez 6-8 minut cały czas mieszając, po czym przekładamy go do miski.\n4. Na patelni po kurczaku podsmażamy cebulę oraz paprykę czerwoną. Do przesmażonych warzyw dodajemy odsączoną kukurydzę konserwową i jeszcze chwilę smażymy, mieszając.\n5. Usmażone warzywa mieszamy z kurczakiem. Dodajemy kumin, sól oraz pieprz. Następnie dodajemy połowę soku z limonki. Mieszamy i odstawiamy.\n6. Przygotowujemy salsę: w bardzo drobną kostkę kroimy pomidora skrapiamy pozostałą oliwą. Doprawiamy solą, pieprzem oraz kolendrą świeżą. Skrapiamy sokiem z limonki.\n7. Na tortillę układamy przesmażone warzywa wymieszane z kurczakiem i zawijamy.\n8. Podajemy z salsą.",
      "ingredients": [
        {
          "name": "Tortilla pełnoziarnista",
          "amount": "60 g"
        },
        {
          "name": "Mięso z piersi kurczaka",
          "amount": "180 g"
        },
        {
          "name": "Kukurydza konserwowa",
          "amount": "20 g"
        },
        {
          "name": "Papryka czerwona",
          "amount": "85 g"
        },
        {
          "name": "Pomidor",
          "amount": "80 g"
        },
        {
          "name": "Sól",
          "amount": "0.25 g"
        },
        {
          "name": "Pieprz czarny",
          "amount": "0.25 g"
        },
        {
          "name": "Czosnek granulowany",
          "amount": "1 g"
        },
        {
          "name": "Limonka",
          "amount": "20 g"
        },
        {
          "name": "Cebula",
          "amount": "20 g"
        },
        {
          "name": "Kolendra świeża",
          "amount": "2 g"
        },
        {
          "name": "Kumin",
          "amount": "1 g"
        },
        {
          "name": "Oliwa z oliwek",
          "amount": "10 g"
        }
      ]
    }
  ]
}