{
  "recipeName": "Muffiny bananowe",
  "subRecipes": [
    {
      "name": "Muffiny bananowe",
      "description": "1. Piekarnik rozgrzewamy do 180 stopni, tryb góra-dół.\n2. Przygotowujemy foremki na muffiny i wykładamy je papilotkami.\n3. W dużej misce rozgniatamy dojrzałe banany widelcem na gładką masę. Dodajemy erytrol, olej oraz jajko. Dokładnie mieszamy składniki do połączenia.\n4. W osobnej misce mieszamy mąkę pszenną pełnoziarnistą, mąkę pszenną, proszek do pieczenia, sodę oczyszczoną, cynamon oraz sól.\n5. Stopniowo dodajemy suche składniki do mokrej masy bananowej, delikatnie mieszając do momentu, aż składniki się połączą.\n6. Foremki na muffiny wypełniamy ciastem do 3/4 wysokości, wierzch posypujemy płatkami migdałów. Wkładamy do rozgrzanego piekarnika i pieczemy przez ok. 20 minut do zarumienienia muffin i suchego patyczka.",
      "ingredients": [
        {
          "name": "Banan",
          "amount": "240 g"
        },
        {
          "name": "Mąka pszenna pełnoziarnista",
          "amount": "65 g"
        },
        {
          "name": "Mąka pszenna typ 500",
          "amount": "55 g"
        },
        {
          "name": "Jajko kurze całe",
          "amount": "112 g"
        },
        {
          "name": "Erytrol",
          "amount": "30 g"
        },
        {
          "name": "Olej rzepakowy",
          "amount": "20 g"
        },
        {
          "name": "Proszek do pieczenia",
          "amount": "4 g"
        },
        {
          "name": "Soda oczyszczona",
          "amount": "2.5 g"
        },
        {
          "name": "Cynamon mielony",
          "amount": "2 g"
        },
        {
          "name": "Sól",
          "amount": "0.25 g"
        },
        {
          "name": "Płatki migdałów",
          "amount": "30 g"
        }
      ]
    }
  ]
}