{
  "recipeName": "Nachos z pomidorową salsą",
  "subRecipes": [
    {
      "name": "Nachos z pomidorową salsą",
      "description": "1. Pomidora, papryczkę chilli oraz cebulę kroimy w drobną kostkę.\n2. Pokrojone warzywa mieszamy z oliwą, posiekaną kolendrą oraz przeciśniętym przez praskę czosnkiem.\n3. Nachosy zjadamy z pomidorową salsą.",
      "ingredients": [
        {
          "name": "Nachosy naturalne",
          "amount": "80 g"
        },
        {
          "name": "Pomidor",
          "amount": "225 g"
        },
        {
          "name": "Cebula",
          "amount": "40 g"
        },
        {
          "name": "Czosnek świeży",
          "amount": "6 g"
        },
        {
          "name": "Kolendra świeża",
          "amount": "2 g"
        },
        {
          "name": "Papryczka chilli",
          "amount": "20 g"
        },
        {
          "name": "Oliwa z oliwek",
          "amount": "15 g"
        }
      ]
    }
  ]
}