{
  "recipeName": "Nachos z kremem kukurydzianym",
  "subRecipes": [
    {
      "name": "Nachos z kremem kukurydzianym",
      "description": "1. W rondlu rozgrzewamy oliwę. Smażymy posiekaną cebulę oraz czosnek.\n2. Podduszamy cebulę oraz czosnek do miękkości. Następnie dodajemy odsączoną kukurydzę konserwową i podsmażamy.\n3. Usmażone składniki miksujemy na gładką masę i doprawiamy solą, pieprzem, płatkami drożdżowymi oraz sokiem z cytryny. Ozdabiamy kolendrą świeżą. Podajemy z nachosami.",
      "ingredients": [
        {
          "name": "Nachosy naturalne",
          "amount": "90 g"
        },
        {
          "name": "Kukurydza konserwowa",
          "amount": "80 g"
        },
        {
          "name": "Cebula",
          "amount": "40 g"
        },
        {
          "name": "Czosnek świeży",
          "amount": "6 g"
        },
        {
          "name": "Kolendra świeża",
          "amount": "4 g"
        },
        {
          "name": "Płatki drożdżowe",
          "amount": "5 g"
        },
        {
          "name": "Oliwa z oliwek",
          "amount": "5 g"
        },
        {
          "name": "Sok z cytryny",
          "amount": "12 g"
        },
        {
          "name": "Sól",
          "amount": "0.25 g"
        },
        {
          "name": "Pieprz czarny",
          "amount": "0.25 g"
        }
      ]
    }
  ]
}