{
  "recipeName": "Naleśniki z kurczakiem, szpinakiem oraz awokado",
  "subRecipes": [
    {
      "name": "Naleśniki z kurczakiem, szpinakiem oraz awokado",
      "description": "1. Kurczaka przyprawiamy solą oraz pieprzem. Gotujemy na parze przez 30 minut.\n2. Przygotowujemy naleśniki wg przepisu, po kliknięciu czapkę kucharską, znajdującą się po prawej stronie składnika: ciasto do naleśników.\n3. W rondelku rozgrzewamy oliwę, dodajemy posiekany czosnek oraz szpinak, podsmażamy i doprawiamy solą oraz pieprzem.\n4. Nagrzewamy piekarnik do 180 stopni.\n5. Kurczaka oraz awokado kroimy w paski. Na naleśniki układamy awokado, kurczaka, szpinak oraz ser mozzarellę.\n6. Naleśniki składamy i zapiekamy przez 5 minut.",
      "ingredients": [
        {
          "name": "Ciasto do naleśników",
          "amount": "180 g"
        },
        {
          "name": "Mięso z piersi kurczaka",
          "amount": "125 g"
        },
        {
          "name": "Szpinak",
          "amount": "50 g"
        },
        {
          "name": "Ser mozzarella kulka light",
          "amount": "30 g"
        },
        {
          "name": "Awokado",
          "amount": "30 g"
        },
        {
          "name": "Czosnek świeży",
          "amount": "3 g"
        },
        {
          "name": "Oliwa z oliwek",
          "amount": "2.5 g"
        },
        {
          "name": "Sól",
          "amount": "0.25 g"
        },
        {
          "name": "Pieprz czarny",
          "amount": "0.25 g"
        }
      ]
    }
  ]
}