{
  "recipeName": "Naleśniki a la Bounty",
  "subRecipes": [
    {
      "name": "Naleśniki a la Bounty",
      "description": "1. Przygotowujemy naleśniki wg przepisu, po kliknięciu czapkę kucharską, znajdującą się po prawej stronie składnika: ciasto na naleśniki.\n2. Twaróg, jogurt oraz ekstrakt waniliowy blendujemy na gładką masę. Dosładzamy erytrolem wedle uznania. Do zblendowanego kremu dodajemy wiórki kokosowe i dokładnie mieszamy.\n3. Na naleśniku rozprowadzamy krem (część kremu możemy pozostawić do wykończenia na naleśniki). Składamy naleśnik.\n4. Na naleśniki nakładamy pozostawioną część kremu (opcjonalnie) i podajemy z owocami.",
      "ingredients": [
        {
          "name": "Ciasto do naleśników",
          "amount": "180 g"
        },
        {
          "name": "Ser twarogowy półtłusty",
          "amount": "180 g"
        },
        {
          "name": "Jogurt skyr",
          "amount": "75 g"
        },
        {
          "name": "Erytrol",
          "amount": "10 g"
        },
        {
          "name": "Wanilia ekstrakt",
          "amount": "1.5 g"
        },
        {
          "name": "Wiórki kokosowe",
          "amount": "24 g"
        },
        {
          "name": "Borówki amerykańskie, świeże lub mrożone",
          "amount": "200 g"
        }
      ]
    }
  ]
}