{
  "recipeName": "Naleśniki z ricottą i owocami",
  "subRecipes": [
    {
      "name": "Naleśniki z ricottą i owocami",
      "description": "1. Przygotowujemy naleśniki wg przepisu, po kliknięciu czapkę kucharską, znajdującą się po prawej stronie składnika: ciasto do naleśników.\n2. Ricottę mieszamy z cukrem waniliowym, skyrem i ekstraktem.\n3. Naleśniki smarujemy serkiem, zawijamy. Podajemy z pokrojonymi owocami.",
      "ingredients": [
        {
          "name": "Ciasto do naleśników",
          "amount": "270 g"
        },
        {
          "name": "Ricotta",
          "amount": "100 g"
        },
        {
          "name": "Jogurt skyr",
          "amount": "300 g"
        },
        {
          "name": "Cukier waniliowy",
          "amount": "15 g"
        },
        {
          "name": "Wanilia ekstrakt",
          "amount": "3 g"
        },
        {
          "name": "Truskawki, świeże lub mrożone",
          "amount": "100 g"
        }
      ]
    }
  ]
}