{
  "recipeName": "Napój mleczny High Protein Pilos waniliowy + orzechy",
  "subRecipes": [
    {
      "name": "Napój mleczny High Protein Pilos waniliowy + orzechy",
      "description": "1. Napój wypijamy na przekąskę, przegryzamy orzechami.",
      "ingredients": [
        {
          "name": "Napój mleczny High Protein Pilos waniliowy",
          "amount": "300 g"
        },
        {
          "name": "Orzechy laskowe",
          "amount": "55 g"
        }
      ]
    }
  ]
}