{
  "recipeName": "Nocna owsianka pistacjowa",
  "subRecipes": [
    {
      "name": "Nocna owsianka pistacjowa",
      "description": "1. W miseczce lub zamykanym słoiczku umieszczamy płatki owsiane, jogurt skyr, pastę pistacjową oraz mleko. Opcjonalnie dodajemy erytrol. Całość dokładnie mieszamy, w razie potrzeby dolewamy wodę i umieszczamy w lodówce na całą noc. Owsiankę możemy przygotować szybciej i zjeść od razu, gotując płatki do miękkości na podanej ilości mleka z dodatkiem wody (ilość wody zależna od preferowanej gęstości owsianki) lub zalać ciepłym mlekiem i odstawić na chwilę, aż zmiękną, następnie mieszamy płatki z pozostałymi składnikami. W tym przypadku nie musimy pozostawiać owsianki na noc.\n2. Gotową owsiankę przed podaniem dekorujemy cynamonem, orzechami pistacjowymi oraz agrestem.",
      "ingredients": [
        {
          "name": "Płatki owsiane górskie",
          "amount": "70 g"
        },
        {
          "name": "Pasta pistacjowa 100%",
          "amount": "30 g"
        },
        {
          "name": "Jogurt skyr",
          "amount": "300 g"
        },
        {
          "name": "Mleko 1,5%",
          "amount": "90 g"
        },
        {
          "name": "Erytrol",
          "amount": "10 g"
        },
        {
          "name": "Cynamon mielony",
          "amount": "2 g"
        },
        {
          "name": "Orzechy pistacjowe niesolone",
          "amount": "15 g"
        },
        {
          "name": "Agrest, świeży lub mrożony",
          "amount": "100 g"
        }
      ]
    }
  ]
}