{
  "recipeName": "Omlet z pstrągiem wędzonym, szpinakiem oraz pomidorkami koktajlowymi",
  "subRecipes": [
    {
      "name": "Omlet z pstrągiem wędzonym, szpinakiem oraz pomidorkami koktajlowymi",
      "description": "1. Jajka mieszamy ze sobą. Dodajemy szczyptę soli.\n2. Na patelni, na rozgrzanej oliwie podgrzewamy pomidorki koktajlowe oraz szpinak.\n3. Rybę drobno siekamy.\n4. Na patelnię wlewamy jajka. Zmniejszamy moc palnika i smażymy pod przykryciem do ścięcia jajek.\n5. Omlet przekładamy na talerz. Posypujemy kawałkami ryby.\n6. Podajemy z pieczywem. Smacznego :)",
      "ingredients": [
        {
          "name": "Szpinak",
          "amount": "15 g"
        },
        {
          "name": "Jajko kurze całe",
          "amount": "168 g"
        },
        {
          "name": "Pomidorki koktajlowe",
          "amount": "80 g"
        },
        {
          "name": "Oliwa z oliwek",
          "amount": "5 g"
        },
        {
          "name": "Sól",
          "amount": "0.25 g"
        },
        {
          "name": "Pstrąg wędzony",
          "amount": "125 g"
        },
        {
          "name": "Chleb żytni razowy",
          "amount": "150 g"
        }
      ]
    }
  ]
}