{
  "recipeName": "Omlet ze skyru jak cynamonka",
  "subRecipes": [
    {
      "name": "Omlet ze skyru jak cynamonka",
      "description": "1. Do miski wbijamy jajka, dodajemy jogurt skyr, mąkę owsianą, proszek do pieczenia, erytrol, sól oraz cynamon (połowa). Całość dokładnie mieszamy trzepaczką, aż uzyskamy jednolitą masę. Ilość erytrolu możemy dopasować według własnych preferencji.\n2. Na patelni rozgrzewamy olej na małym ogniu. Wylewamy masę jajeczną, równomiernie rozprowadzamy i smażymy pod przykryciem na małym ogniu przez około 5 minut, aż wierzch lekko się zetnie.\n3. Przewracamy omlet na drugą stronę za pomocą płaskiej szpatułki i smażymy jeszcze 1-2 minuty, aż nabierze złocistego koloru.\n4. Gotowy omlet przekładamy na talerz, polewamy miodem i posypujemy resztą cynamonu.\n5. Dekorujemy truskawkami i podajemy od razu.",
      "ingredients": [
        {
          "name": "Jajko kurze całe",
          "amount": "168 g"
        },
        {
          "name": "Jogurt skyr",
          "amount": "225 g"
        },
        {
          "name": "Mąka owsiana pełnoziarnista",
          "amount": "36 g"
        },
        {
          "name": "Cynamon mielony",
          "amount": "6 g"
        },
        {
          "name": "Erytrol",
          "amount": "15 g"
        },
        {
          "name": "Proszek do pieczenia",
          "amount": "2 g"
        },
        {
          "name": "Sól",
          "amount": "0.25 g"
        },
        {
          "name": "Olej rzepakowy",
          "amount": "15 g"
        },
        {
          "name": "Miód",
          "amount": "24 g"
        },
        {
          "name": "Truskawki, świeże lub mrożone",
          "amount": "200 g"
        }
      ]
    }
  ]
}