{
  "recipeName": "Omlet z szynką z kurczaka, pomidorkami koktajlowymi oraz papryką czerwoną",
  "subRecipes": [
    {
      "name": "Omlet z szynką z kurczaka, pomidorkami koktajlowymi oraz papryką czerwoną",
      "description": "1. Jajka, mąkę orkiszową oraz mleko łączymy w misce, doprawiamy solą oraz pieprzem.\n2. Kroimy paprykę czerwoną, pomidorki koktajlowe, szynkę z kurczaka oraz cebulę w drobną kostkę.\n3. Na patelni rozgrzewamy olej. Podsmażamy warzywa i szynkę z kurczaka przez około 2 minuty. Przyprawiamy do smaku solą, pieprzem, ostrą papryką oraz czosnkiem granulowanym. Następnie wlewamy jajka i przykrywamy pokrywką.\n4. Smażymy na małym ogniu, aż omlet się zetnie.\nPrzekładamy na talerz, posypujemy szczypiorkiem. Podajemy z pieczywem.",
      "ingredients": [
        {
          "name": "Jajko kurze całe",
          "amount": "224 g"
        },
        {
          "name": "Mleko wysokobiałkowe 0.5% Mlekovita",
          "amount": "75 g"
        },
        {
          "name": "Mąka orkiszowa pełnoziarnista",
          "amount": "30 g"
        },
        {
          "name": "Papryka czerwona",
          "amount": "85 g"
        },
        {
          "name": "Pomidorki koktajlowe",
          "amount": "80 g"
        },
        {
          "name": "Szynka z kurczaka",
          "amount": "50 g"
        },
        {
          "name": "Cebula",
          "amount": "40 g"
        },
        {
          "name": "Szczypiorek siekany",
          "amount": "5 g"
        },
        {
          "name": "Sól",
          "amount": "0.25 g"
        },
        {
          "name": "Pieprz czarny",
          "amount": "0.25 g"
        },
        {
          "name": "Papryka ostra suszona",
          "amount": "1 g"
        },
        {
          "name": "Czosnek granulowany",
          "amount": "1 g"
        },
        {
          "name": "Olej rzepakowy",
          "amount": "5 g"
        },
        {
          "name": "Chleb żytni razowy",
          "amount": "90 g"
        }
      ]
    }
  ]
}