{
  "recipeName": "Omlet z szynką z kurczaka oraz pieczarkami",
  "subRecipes": [
    {
      "name": "Omlet z szynką z kurczaka oraz pieczarkami",
      "description": "1. Kroimy pieczarki oraz szynkę z kurczaka.\n2. Czosnek drobno siekamy.\n3. Na rozgrzanym oleju podsmażamy czosnek, szpinak, pieczarki oraz szynkę z kurczaka przez około 4 minuty.\n4. Jajka wbijamy do miski i roztrzepujemy widelcem. Do jajek dodajemy wszystkie podsmażone składniki, mieszamy. Przyprawiamy solą oraz pieprzem. Przelewamy na patelnię.\n5. Omlet smażymy przez około 5 minut. Przekładamy na talerz i podajemy z kawałkami pomidora oraz papryki czerwonej.\n6. Zjadamy z pieczywem.",
      "ingredients": [
        {
          "name": "Pieczarki uprawne",
          "amount": "80 g"
        },
        {
          "name": "Szpinak",
          "amount": "40 g"
        },
        {
          "name": "Czosnek świeży",
          "amount": "6 g"
        },
        {
          "name": "Szynka z kurczaka",
          "amount": "80 g"
        },
        {
          "name": "Jajko kurze całe",
          "amount": "168 g"
        },
        {
          "name": "Pomidor",
          "amount": "160 g"
        },
        {
          "name": "Olej rzepakowy",
          "amount": "5 g"
        },
        {
          "name": "Sól",
          "amount": "0.25 g"
        },
        {
          "name": "Pieprz czarny",
          "amount": "0.25 g"
        },
        {
          "name": "Bułka wysokobiałkowa Biedronka/Lidl",
          "amount": "120 g"
        },
        {
          "name": "Papryka czerwona",
          "amount": "170 g"
        }
      ]
    }
  ]
}