{
  "recipeName": "Omletowa tortilla",
  "subRecipes": [
    {
      "name": "Omletowa tortilla",
      "description": "1. Jajka mieszamy z odrobiną wody (2-3 łyżki), np. roztrzepując za pomocą widelca. Doprawiamy solą, pieprzem oraz słodką papryką.\n2. Wylewamy na dobrze rozgrzaną, suchą patelnię z nieprzywierającą powłoką, cienką warstwę ciasta.\n3. Pomidorki koktajlowe kroimy w plasterki, szynkę parmeńską na paseczki, mozzarellę w kostkę. Kładziemy na omlet.\n4. Gdy jaja będą już prawie ścięte, nakładamy rozponkę i rolujemy naleśnika.\n5. Podajemy z chlebem razowym.",
      "ingredients": [
        {
          "name": "Jajko kurze całe",
          "amount": "224 g"
        },
        {
          "name": "Szynka parmeńska",
          "amount": "30 g"
        },
        {
          "name": "Pomidorki koktajlowe",
          "amount": "100 g"
        },
        {
          "name": "Ser mozzarella kulka",
          "amount": "60 g"
        },
        {
          "name": "Roszponka",
          "amount": "25 g"
        },
        {
          "name": "Sól",
          "amount": "0.25 g"
        },
        {
          "name": "Pieprz czarny",
          "amount": "0.25 g"
        },
        {
          "name": "Papryka słodka",
          "amount": "1.5 g"
        },
        {
          "name": "Chleb żytni razowy",
          "amount": "90 g"
        }
      ]
    }
  ]
}