{
  "recipeName": "Omlet z serem gouda, szynką z kurczaka, pieczarkami oraz pomidorkami koktajlowymi",
  "subRecipes": [
    {
      "name": "Omlet z serem gouda, szynką z kurczaka, pieczarkami oraz pomidorkami koktajlowymi",
      "description": "1. Jajka wbijamy do miski, dodajemy starty ser, sól i pieprz. Dokładnie mieszamy.\n2. Na rozgrzanej patelni z oliwą smażymy pokrojone szynkę z kurczaka, cebulę, czosnek oraz pieczarki.\n3. Do usmażonych warzyw dodajemy pomidorki koktajlowe i zalewamy masą jajeczną. Całość dusimy pod przykryciem na małym ogniu, aż jajka się zetną.\n4. Gotowy omlet przekładamy na talerz. Podajemy z pieczywem.",
      "ingredients": [
        {
          "name": "Jajko kurze całe",
          "amount": "224 g"
        },
        {
          "name": "Ser gouda",
          "amount": "45 g"
        },
        {
          "name": "Szynka z kurczaka",
          "amount": "40 g"
        },
        {
          "name": "Cebula",
          "amount": "40 g"
        },
        {
          "name": "Czosnek świeży",
          "amount": "3 g"
        },
        {
          "name": "Pieczarki uprawne",
          "amount": "60 g"
        },
        {
          "name": "Pomidorki koktajlowe",
          "amount": "80 g"
        },
        {
          "name": "Sól",
          "amount": "0.25 g"
        },
        {
          "name": "Pieprz czarny",
          "amount": "0.25 g"
        },
        {
          "name": "Oliwa z oliwek",
          "amount": "5 g"
        },
        {
          "name": "Chleb żytni razowy",
          "amount": "90 g"
        }
      ]
    }
  ]
}