{
  "recipeName": "Orientalny makaron z brokułem oraz mięsem",
  "subRecipes": [
    {
      "name": "Orientalny makaron z brokułem oraz mięsem",
      "description": "1. Makaron gotujemy zgodnie z instrukcją na opakowaniu.\n2. Brokuła kroimy w małe różyczki i gotujemy al dente.\n3. Cebulę, czosnek, imbir oraz papryczkę chilli drobno siekamy. Dodajemy do miski z mięsem.\n4. Posypujemy solą oraz pieprzem. Odstawiamy na kilka minut.\n5. Na dużej patelni rozgrzewamy oliwę i smażymy mięso przez około 10 minut. Dodajemy brokuła oraz sok z limonki i smażymy jeszcze kilka minut. Dodajemy makaron, wlewamy sos sojowy i smażymy 2 minuty.\n6. Całość posypujemy szczypiorkiem. Nasze pyszne danie jest gotowe. Smacznego!",
      "ingredients": [
        {
          "name": "Makaron ryżowy",
          "amount": "35 g"
        },
        {
          "name": "Mięso mielone z indyka",
          "amount": "175 g"
        },
        {
          "name": "Oliwa z oliwek",
          "amount": "10 g"
        },
        {
          "name": "Brokuł, świeży lub mrożony",
          "amount": "100 g"
        },
        {
          "name": "Cebula",
          "amount": "20 g"
        },
        {
          "name": "Czosnek świeży",
          "amount": "3 g"
        },
        {
          "name": "Imbir",
          "amount": "2.5 g"
        },
        {
          "name": "Papryczka chilli",
          "amount": "10 g"
        },
        {
          "name": "Sos sojowy",
          "amount": "15 g"
        },
        {
          "name": "Sól",
          "amount": "0.25 g"
        },
        {
          "name": "Szczypiorek siekany",
          "amount": "5 g"
        },
        {
          "name": "Sok z limonki",
          "amount": "3 g"
        },
        {
          "name": "Pieprz czarny",
          "amount": "0.25 g"
        }
      ]
    }
  ]
}