{
  "recipeName": "Owsianka a la Snickers",
  "subRecipes": [
    {
      "name": "Owsianka a la Snickers",
      "description": "1. W rondelku łączymy ze sobą płatki owsiane oraz mleko. Podgrzewamy przez kilka minut, cały czas mieszając, aż płatki zmiękną. Jeśli masa jest zbyt gęsta, dolewamy odrobinę mleka lub wody, aby uzyskać odpowiednią konsystencję. W przypadku zbyt rzadkiej konsystencji, gotujemy chwilę dłużej, aż płatki zgęstnieją. Następnie dodajemy gorzką czekoladę oraz masło orzechowe i mieszamy do momentu połączenia się składników.\n2. Dodajemy szczyptę soli.\n3. Owsiankę przekładamy do miski, dodajemy banana, jogurt skyr oraz orzechy.\n4. Możesz też przygotować owsiankę bez gotowania płatków owsianych - wsyp płatki owsiane do miski z mlekiem i odczekaj 2 minuty.",
      "ingredients": [
        {
          "name": "Płatki owsiane górskie",
          "amount": "50 g"
        },
        {
          "name": "Mleko wysokobiałkowe 0.5% Mlekovita",
          "amount": "125 g"
        },
        {
          "name": "Czekolada gorzka 70%",
          "amount": "10 g"
        },
        {
          "name": "Masło orzechowe",
          "amount": "20 g"
        },
        {
          "name": "Banan",
          "amount": "120 g"
        },
        {
          "name": "Mieszanka orzechów",
          "amount": "15 g"
        },
        {
          "name": "Sól",
          "amount": "0.25 g"
        },
        {
          "name": "Jogurt skyr",
          "amount": "300 g"
        }
      ]
    }
  ]
}