{
  "recipeName": "Owsianka a la Bounty",
  "subRecipes": [
    {
      "name": "Owsianka a la Bounty",
      "description": "1. Blendujemy mleko, wiórki kokosowe oraz ekstrakt waniliowy. Przekładamy do rondelka, solimy i podgrzewamy.\n2. Dodajemy płatki owsiane oraz erytrol i całość mieszamy.\n3. Wszystko gotujemy przez 4 minuty, co chwilę mieszając. Odstawiamy na 2 minuty, dodajemy jogurt skyr.\n4. Podajemy z tartą lub posiekaną gorzką czekoladą. Smacznego!",
      "ingredients": [
        {
          "name": "Mleko wysokobiałkowe 0.5% Mlekovita",
          "amount": "300 g"
        },
        {
          "name": "Jogurt skyr",
          "amount": "260 g"
        },
        {
          "name": "Płatki owsiane górskie",
          "amount": "70 g"
        },
        {
          "name": "Czekolada gorzka 70%",
          "amount": "10 g"
        },
        {
          "name": "Wiórki kokosowe",
          "amount": "24 g"
        },
        {
          "name": "Wanilia ekstrakt",
          "amount": "3 g"
        },
        {
          "name": "Erytrol",
          "amount": "75 g"
        },
        {
          "name": "Sól",
          "amount": "0.25 g"
        }
      ]
    }
  ]
}