{
  "recipeName": "Owsianka w stylu kinder country",
  "subRecipes": [
    {
      "name": "Owsianka w stylu kinder country",
      "description": "1. Płatki ugotuj w mleku do miękkości (płatki można również zalać gorącym mlekiem i pozostawić, aż zmiękną).\n2. W miseczce ułóż pokrojone w kostkę mango. Następnie płatki, ryż preparowany, masło orzechowe oraz jogurt skyr, wymieszaj.\n3. Całość polej rozpuszczoną czekoladą.",
      "ingredients": [
        {
          "name": "Płatki owsiane górskie",
          "amount": "50 g"
        },
        {
          "name": "Mango świeże lub mrożone",
          "amount": "100 g"
        },
        {
          "name": "Mleko 1,5%",
          "amount": "110 g"
        },
        {
          "name": "Masło orzechowe",
          "amount": "30 g"
        },
        {
          "name": "Ryż preparowany",
          "amount": "10 g"
        },
        {
          "name": "Czekolada mleczna",
          "amount": "20 g"
        },
        {
          "name": "Jogurt skyr",
          "amount": "280 g"
        }
      ]
    }
  ]
}