{
  "recipeName": "Owsianka a la Mars",
  "subRecipes": [
    {
      "name": "Owsianka a la Mars",
      "description": "1. Płatki owsiane gotujemy na mleku z połową miodu przez około 6-7 minut. Mieszamy z jogurtem skyr.\n2. Masło orzechowe mieszamy z pozostałym miodem.\n3. Gorzką czekoladę rozpuszczamy w kąpieli wodnej lub mikrofalii (co 10 sekund sprawdzamy, czy się rozpuściła).\n4. W miseczce układamy płatki owsiane, masło orzechowe z miodem, polewamy gorzką czekoladę. Schładzamy w lodówce przez 20 minut.",
      "ingredients": [
        {
          "name": "Płatki owsiane górskie",
          "amount": "60 g"
        },
        {
          "name": "Mleko 1,5%",
          "amount": "125 g"
        },
        {
          "name": "Miód",
          "amount": "18 g"
        },
        {
          "name": "Masło orzechowe",
          "amount": "15 g"
        },
        {
          "name": "Czekolada gorzka 70%",
          "amount": "30 g"
        },
        {
          "name": "Jogurt skyr",
          "amount": "320 g"
        }
      ]
    }
  ]
}