{
  "recipeName": "Owsianka z gruszką",
  "subRecipes": [
    {
      "name": "Owsianka z gruszką",
      "description": "1. Do rondelka wlewamy wodę, kroimy gruszkę, następnie dusimy ją przez 2-3 minuty.\n2. Do rondelka dodajemy płatki owsiane oraz mleko, podgrzewamy przez 5 minut. Jeśli owsianka jest zbyt gęsta, dolewamy trochę wody, aby uzyskać preferowaną konsystencję. Jeśli natomiast jest zbyt rzadka, gotujemy ją nieco dłużej, aby nadmiar płynu odparował.\n3. Zestawiamy z ognia i mieszamy owsiankę z odżywką białkową i cynamonem (opcjonalnie w ilości według własnego uznania).\n4. Przekładamy owsiankę do miski, dodajemy migdały i duszone owoce.\n5. Możesz też przygotować owsiankę bez gotowania płatków - wsyp płatki owsiane do miski z mlekiem, odczekaj 2 minuty. Dodaj odżywkę białkową, gruszkę oraz migdały.",
      "ingredients": [
        {
          "name": "Płatki owsiane górskie",
          "amount": "75 g"
        },
        {
          "name": "Mleko wysokobiałkowe 0.5% Mlekovita",
          "amount": "250 g"
        },
        {
          "name": "Gruszka",
          "amount": "130 g"
        },
        {
          "name": "Migdały",
          "amount": "30 g"
        },
        {
          "name": "Odżywka białkowa",
          "amount": "40 g"
        },
        {
          "name": "Woda",
          "amount": "60 g"
        },
        {
          "name": "Cynamon mielony",
          "amount": "2 g"
        }
      ]
    }
  ]
}