{
  "recipeName": "Owsianka banoffee",
  "subRecipes": [
    {
      "name": "Owsianka banoffee",
      "description": "1. Płatki owsiane gotujemy przez kilka minut na wodzie do miękkości (wody dodajemy 2 razy więcej niż płatków), lekko studzimy. Lub pomijamy ten krok i od razu łączymy je z jogurtem.\n2. Banana kroimy w plasterki.\n3. Do miseczki wkładamy kilka plasterków banana, dodajemy płatki owsiane z jogurtem i znowu plasterki banana.\n4. Na wierzch wykładamy pudding i migdały.",
      "ingredients": [
        {
          "name": "Płatki owsiane górskie",
          "amount": "40 g"
        },
        {
          "name": "Jogurt naturalny 2%",
          "amount": "100 g"
        },
        {
          "name": "Banan",
          "amount": "100 g"
        },
        {
          "name": "Pudding proteinowy smak słony karmel Go active",
          "amount": "400 g"
        },
        {
          "name": "Migdały",
          "amount": "30 g"
        }
      ]
    }
  ]
}