{
  "recipeName": "Owsiane kulki z gorzką czekoladą i bananem",
  "subRecipes": [
    {
      "name": "Owsiane kulki z gorzką czekoladą i bananem",
      "description": "1. Banana miksujemy blenderem na gładką masę.\n2. Gorzką czekoladę rozpuszczamy w kąpieli wodnej.\n3. Gorzką czekoladę łączymy z bananem, dodajemy płatki owsiane i mieszamy, aż powstanie jednolita, gęsta masa.\n4. Zwilżonymi dłońmi formujemy kulki o wielkości orzecha włoskiego. Kuleczki układamy na talerzu i wstawiamy do lodówki na minimum 30 minut, aby stężały. Smacznego!",
      "ingredients": [
        {
          "name": "Płatki owsiane górskie",
          "amount": "60 g"
        },
        {
          "name": "Banan",
          "amount": "120 g"
        },
        {
          "name": "Czekolada gorzka 70%",
          "amount": "40 g"
        }
      ]
    }
  ]
}