{
  "recipeName": "Owsiane kulki z masłem orzechowym",
  "subRecipes": [
    {
      "name": "Owsiane kulki z masłem orzechowym",
      "description": "1. Daktyle zalewamy wrzącą wodą. Pozostawiamy na 20-30 minut, odcedzamy (wodę zostawiamy do blendowania).\n2. Daktyle, płatki i masło orzechowe blendujemy (jeśli potrzeba, dodajemy stopniowo wodę z moczenia daktyli).\n3. Zwilżonymi wodą dłońmi formujemy kulki. Pozostawiamy do zastygnięcia.",
      "ingredients": [
        {
          "name": "Płatki owsiane górskie",
          "amount": "75 g"
        },
        {
          "name": "Masło orzechowe",
          "amount": "40 g"
        },
        {
          "name": "Daktyle, suszone",
          "amount": "30 g"
        }
      ]
    }
  ]
}