{
  "recipeName": "Owsianka z bananami, kakao Lubella + owoc + orzechy",
  "subRecipes": [
    {
      "name": "Owsianka z bananami, kakao Lubella + owoc + orzechy",
      "description": "1. Owsiankę, owoc i orzechy zjadamy jako przekąskę.",
      "ingredients": [
        {
          "name": "Owsianka Lubella z bananami, kakao",
          "amount": "200 g"
        },
        {
          "name": "Orzechy nerkowca",
          "amount": "35 g"
        },
        {
          "name": "Banan",
          "amount": "240 g"
        }
      ]
    }
  ]
}