{
  "recipeName": "Owsianka sernikowa",
  "subRecipes": [
    {
      "name": "Owsianka sernikowa",
      "description": "1. Brzoskwinię myjemy, a następnie kroimy w kostkę.\n2. Płatki owsiane zalewamy gorącą wodą, nieco ponad wysokość płatków i odstawiamy na 10 minut, aby zmiękły. Płatki owsiane można w ten sposób przygotować wieczorem poprzedniego dnia.\n3. Serek homogenizowany, jogurt skyr oraz aromat waniliowy przekładamy do miski z płatkami owsianymi i mieszamy. W razie potrzeby dosładzamy erytrolem wedle uznania.\n4. Na jogurcie układamy posiekane orzechy oraz pokrojone owoce.",
      "ingredients": [
        {
          "name": "Serek homogenizowany naturalny",
          "amount": "150 g"
        },
        {
          "name": "Banan",
          "amount": "60 g"
        },
        {
          "name": "Brzoskwinia świeża lub mrożona",
          "amount": "80 g"
        },
        {
          "name": "Płatki owsiane górskie",
          "amount": "45 g"
        },
        {
          "name": "Mieszanka orzechów",
          "amount": "30 g"
        },
        {
          "name": "Aromat waniliowy",
          "amount": "0.25 g"
        },
        {
          "name": "Jogurt skyr",
          "amount": "260 g"
        },
        {
          "name": "Erytrol",
          "amount": "10 g"
        }
      ]
    }
  ]
}