{
  "recipeName": "Pasta jajeczna",
  "subRecipes": [
    {
      "name": "Pasta jajeczna",
      "description": "1. Jajka gotujemy na twardo. Następnie obieramy i kroimy w kostkę.\n2. Dodajemy serek wiejski wysokobiałkowy oraz oliwę i blendujemy. Przyprawiamy do smaku solą oraz pieprzem.\n3. Podajemy z pomidorkami koktajlowymi oraz chlebem razowym. Smacznego!",
      "ingredients": [
        {
          "name": "Serek wiejski wysokobiałkowy Piątnica",
          "amount": "150 g"
        },
        {
          "name": "Jajko kurze całe",
          "amount": "224 g"
        },
        {
          "name": "Sól",
          "amount": "0.25 g"
        },
        {
          "name": "Pieprz czarny",
          "amount": "0.25 g"
        },
        {
          "name": "Chleb żytni razowy",
          "amount": "120 g"
        },
        {
          "name": "Oliwa z oliwek",
          "amount": "5 g"
        },
        {
          "name": "Pomidorki koktajlowe",
          "amount": "100 g"
        }
      ]
    }
  ]
}