{
  "recipeName": "Pasta jajeczna ze szczypiorkiem, suszonym pomidorem, rukolą oraz bułką",
  "subRecipes": [
    {
      "name": "Pasta jajeczna ze szczypiorkiem, suszonym pomidorem, rukolą oraz bułką",
      "description": "1. Jajka gotujemy we wrzącej wodzie 9 minut, po czym studzimy i obieramy.\n2. Obrane jajka ścieramy na tarce, dodajemy szczypiorek, suszonego pomidora, sól, pieprz, jogurt skyr oraz majonez i wszystko mieszamy.\n3. Gotową pastę jajeczną podajemy z pomidorkami koktajlowymi, rukolą oraz bułką. Smacznego!",
      "ingredients": [
        {
          "name": "Jajko kurze całe",
          "amount": "224 g"
        },
        {
          "name": "Jogurt skyr",
          "amount": "100 g"
        },
        {
          "name": "Majonez",
          "amount": "15 g"
        },
        {
          "name": "Pomidor suszony (bez oleju)",
          "amount": "20 g"
        },
        {
          "name": "Bułka wysokobiałkowa Biedronka/Lidl",
          "amount": "80 g"
        },
        {
          "name": "Rukola",
          "amount": "20 g"
        },
        {
          "name": "Pomidorki koktajlowe",
          "amount": "80 g"
        },
        {
          "name": "Szczypiorek siekany",
          "amount": "10 g"
        },
        {
          "name": "Sól",
          "amount": "0.25 g"
        },
        {
          "name": "Pieprz czarny",
          "amount": "0.25 g"
        }
      ]
    }
  ]
}