{
  "recipeName": "Pasta z pstrąga wędzonego oraz szczypiorku z pieczywem",
  "subRecipes": [
    {
      "name": "Pasta z pstrąga wędzonego oraz szczypiorku z pieczywem",
      "description": "1. Pstrąga wędzonego obieramy z ości i dzielimy na mniejsze kawałki.\n2. Siekamy szczypiorek i przekładamy do miski.\n3. Dodajemy ser twarogowy tłusty, dokładnie mieszamy. Doprawiamy solą oraz pieprzem.\n4. Gotową pastę podajemy z pokrojonymi warzywami, skropionymi oliwą i pieczywem. Smacznego!",
      "ingredients": [
        {
          "name": "Chleb żytni razowy",
          "amount": "150 g"
        },
        {
          "name": "Ser twarogowy tłusty",
          "amount": "90 g"
        },
        {
          "name": "Pstrąg wędzony",
          "amount": "125 g"
        },
        {
          "name": "Ogórek świeży",
          "amount": "75 g"
        },
        {
          "name": "Rzodkiewka",
          "amount": "60 g"
        },
        {
          "name": "Rukola",
          "amount": "20 g"
        },
        {
          "name": "Szczypiorek siekany",
          "amount": "10 g"
        },
        {
          "name": "Sól",
          "amount": "0.25 g"
        },
        {
          "name": "Pieprz czarny",
          "amount": "0.25 g"
        },
        {
          "name": "Oliwa z oliwek",
          "amount": "10 g"
        }
      ]
    }
  ]
}