{
  "recipeName": "Pieczona ciecierzyca",
  "subRecipes": [
    {
      "name": "Pieczona ciecierzyca",
      "description": "1. Piekarnik rozgrzewamy do 200 stopni, tryb góra-dół.\n2. Ciecierzycę odlewamy na sitko, przepłukujemy zimną wodą i dokładnie odsączamy. Następnie przekładamy ciecierzycę do miski.\n3. Do miski z ciecierzycą dodajemy oliwę i przyprawy, całość dokładnie mieszamy.\n4. Przygotowaną ciecierzycę przekładamy na blaszkę wyłożoną papierem do pieczenia, wkładamy do piekarnika i pieczemy przez ok. 25 minut. Co 10 minut potrząsamy blaszką, aby ciecierzyca równomiernie się przypiekła.\n5. Upieczoną ciecierzycę zjadamy na przekąskę.",
      "ingredients": [
        {
          "name": "Ciecierzyca konserwowa",
          "amount": "400 g"
        },
        {
          "name": "Oliwa z oliwek",
          "amount": "15 g"
        },
        {
          "name": "Sól",
          "amount": "1 g"
        },
        {
          "name": "Czosnek granulowany",
          "amount": "3 g"
        },
        {
          "name": "Papryka wędzona",
          "amount": "3 g"
        },
        {
          "name": "Papryka ostra suszona",
          "amount": "1.5 g"
        },
        {
          "name": "Kumin",
          "amount": "2.5 g"
        }
      ]
    }
  ]
}