{
  "recipeName": "Pieczywo z wiosennym serkiem wiejskim wysokobiałkowym piątnica, rzodkiewką i ogórkiem",
  "subRecipes": [
    {
      "name": "Pieczywo z wiosennym serkiem wiejskim wysokobiałkowym piątnica, rzodkiewką i ogórkiem",
      "description": "1. Warzywa kroimy w drobną kostkę. Koperek oraz szczypiorek siekamy, dodajemy do serka. Doprawiamy solą oraz pieprzem.\n2. Serek wiejski wysokobiałkowy z warzywami podajemy z pieczywem skropionym oliwą. Smacznego!",
      "ingredients": [
        {
          "name": "Serek wiejski wysokobiałkowy Piątnica",
          "amount": "300 g"
        },
        {
          "name": "Rzodkiewka",
          "amount": "60 g"
        },
        {
          "name": "Ogórek świeży",
          "amount": "150 g"
        },
        {
          "name": "Szczypiorek siekany",
          "amount": "15 g"
        },
        {
          "name": "Koper posiekany",
          "amount": "5 g"
        },
        {
          "name": "Bułka grahamka",
          "amount": "140 g"
        },
        {
          "name": "Sól",
          "amount": "0.25 g"
        },
        {
          "name": "Pieprz czarny",
          "amount": "0.25 g"
        },
        {
          "name": "Oliwa z oliwek",
          "amount": "15 g"
        }
      ]
    }
  ]
}