{
  "recipeName": "Pieczone syrniki z owocami",
  "subRecipes": [
    {
      "name": "Pieczone syrniki z owocami",
      "description": "1. Piekarnik rozgrzewamy do 180 stopni, tryb termoobieg.\n2. Do miski wkładamy wszystkie składniki (oprócz owoców i masła orzechowego) i mieszamy ręcznie, aż powstanie jednolita masa (możesz dodać więcej erytrolu, jeśli preferujesz słodsze dania).\n3. Z przygotowanej masy formujemy kulki, a następnie delikatnie spłaszczamy je, aby nadać im kształt placuszków.\n4. Blaszkę do pieczenia wykładamy papierem do pieczenia. Układamy na niej uformowane syrniki, zachowując niewielkie odstępy między nimi.\n5. Wkładamy blaszkę do piekarnika nagrzanego do 180°C z termoobiegiem. Pieczemy przez 20-30 minut, aż syrniki będą złociste i lekko zarumienione.\n6. Po upieczeniu wyjmujemy syrniki z piekarnika i odstawiamy na chwilę do przestygnięcia. Następnie rozsmarowujemy masło orzechowe na jeszcze ciepłych syrnikach.\n7. Na koniec dekorujemy placuszki owocami.",
      "ingredients": [
        {
          "name": "Ser twarogowy półtłusty",
          "amount": "300 g"
        },
        {
          "name": "Jajko kurze całe",
          "amount": "56 g"
        },
        {
          "name": "Erytrol",
          "amount": "30 g"
        },
        {
          "name": "Mąka orkiszowa biała",
          "amount": "40 g"
        },
        {
          "name": "Wanilia ekstrakt",
          "amount": "1.5 g"
        },
        {
          "name": "Maliny świeże lub mrożone",
          "amount": "125 g"
        },
        {
          "name": "Masło orzechowe",
          "amount": "20 g"
        }
      ]
    }
  ]
}