{
  "recipeName": "Pieczony omlet z cukinią",
  "subRecipes": [
    {
      "name": "Pieczony omlet z cukinią",
      "description": "1. Piekarnik rozgrzewamy do 180 stopni, tryb góra dół.\n2. Małe naczynie żaroodporne smarujemy oliwą.\n3. Do miski dodajemy jajka.\n4. Doprawiamy solą oraz pieprzem, a następnie energicznie roztrzepujemy widelcem.\n5. Cukinię ścieramy na tarce i mieszamy razem z masą jajeczną.\n6. Wylewamy całości do nasmarowanego naczynia, doprawiamy i układamy pokrojone w plasterki pomidorki.\n7. Wstawiamy do piekarnika i pieczemy przez około 20 minut.\n8. Podajemy doprawione pieprzem oraz bazylią świeżą.\n9. Podajemy z bułką. Smacznego!",
      "ingredients": [
        {
          "name": "Jajko kurze całe",
          "amount": "168 g"
        },
        {
          "name": "Cukinia",
          "amount": "100 g"
        },
        {
          "name": "Pomidorki koktajlowe",
          "amount": "200 g"
        },
        {
          "name": "Oliwa z oliwek",
          "amount": "5 g"
        },
        {
          "name": "Sól",
          "amount": "0.25 g"
        },
        {
          "name": "Bazylia świeża",
          "amount": "6 g"
        },
        {
          "name": "Pieprz czarny",
          "amount": "0.25 g"
        },
        {
          "name": "Bułka wysokobiałkowa Biedronka/Lidl",
          "amount": "150 g"
        }
      ]
    }
  ]
}