{
  "recipeName": "Pieczony kurczak z puree z batata",
  "subRecipes": [
    {
      "name": "Pieczony kurczak z puree z batata",
      "description": "1. Piekarnik nagrzewamy do 180 stopni, tryb góra-dół.\n2. Mięso posypujemy przyprawami, umieszczamy w rękawie do pieczenia i przekładamy na blachę lub naczynie żaroodporne.\n3. Przygotowane mięso umieszczamy w rozgrzanym piekarniku i pieczemy przez ok. 20-30 minut.\n4. Batata obieramy i kroimy na mniejsze kawałki, następnie gotujemy na średnim ogniu, pod częściowym przykryciem do miękkości (ok. 15 minut, czas liczony od zagotowania).\n5. Po ugotowaniu batata odlewamy wodę, rozprowadzamy masło tak, by się rozpuściło i blendujemy na gładką masę razem z pozostałymi składnikami puree.\n6. Przygotowujemy surówkę: na grubych oczkach tarki ścieramy marchew i jabłko, następnie mieszamy razem z sokiem z cytryny.\n7. Pieczone mięso podajemy razem z puree i surówką.",
      "ingredients": [
        {
          "name": "Mięso z piersi kurczaka",
          "amount": "175 g"
        },
        {
          "name": "Zioła prowansalskie",
          "amount": "1.5 g"
        },
        {
          "name": "Sól",
          "amount": "0.25 g"
        },
        {
          "name": "Pieprz czarny",
          "amount": "0.25 g"
        },
        {
          "name": "Batat",
          "amount": "150 g"
        },
        {
          "name": "Sól",
          "amount": "0.25 g"
        },
        {
          "name": "Jogurt naturalny 2%",
          "amount": "60 g"
        },
        {
          "name": "Masło extra",
          "amount": "10 g"
        },
        {
          "name": "Marchew",
          "amount": "80 g"
        },
        {
          "name": "Jabłko",
          "amount": "75 g"
        },
        {
          "name": "Sok z cytryny",
          "amount": "5 g"
        }
      ]
    }
  ]
}