{
  "recipeName": "Pinsa z szynką i rukolą",
  "subRecipes": [
    {
      "name": "Pinsa z szynką i rukolą",
      "description": "1. Nagrzewamy piekarnik według instrukcji zawartych na opakowaniu.\n2. Pinsę smarujemy pomidorami z puszki, nakładamy tartą mozzarellę. Pieczemy tyle czasu, ile podaje producent na opakowaniu.\n3. Na upieczoną pinsę nakładamy rukolę, plasterki mozzarelli, porwaną szynkę oraz przekrojone na pół pomidorki.",
      "ingredients": [
        {
          "name": "Pinsa",
          "amount": "220 g"
        },
        {
          "name": "Pomidory z puszki",
          "amount": "80 g"
        },
        {
          "name": "Ser mozzarella żółta",
          "amount": "20 g"
        },
        {
          "name": "Rukola",
          "amount": "50 g"
        },
        {
          "name": "Ser mozzarella kulka light",
          "amount": "180 g"
        },
        {
          "name": "Szynka z indyka",
          "amount": "90 g"
        },
        {
          "name": "Pomidorki koktajlowe",
          "amount": "160 g"
        }
      ]
    }
  ]
}