{
  "recipeName": "Pizza na gotowym spodzie z pieczarkami i szynką",
  "subRecipes": [
    {
      "name": "Pizza na gotowym spodzie z pieczarkami i szynką",
      "description": "1. Nagrzewamy piekarnik do 240 stopni, tryb góra-dół lub opcję grill.\n2. Spód do pizzy smarujemy passatą pomidorową. Posypujemy solą oraz ziołami prowansalskimi.\n3. Pieczarki kroimy na cienkie plasterki za pomocą mandoliny.\n4. Na posmarowanym spodzie do pizzy układamy pieczarki, cebulę pokrojoną w krążki oraz szynkę z indyka. Wierzch posypujemy startym serem.\n5. Pieczemy pizzę przez około 8 minut. Po upieczeniu posypujemy rukolą.",
      "ingredients": [
        {
          "name": "Placek pszenny Pladina",
          "amount": "120 g"
        },
        {
          "name": "Passata pomidorowa",
          "amount": "50 g"
        },
        {
          "name": "Sól",
          "amount": "0.25 g"
        },
        {
          "name": "Zioła prowansalskie",
          "amount": "1.5 g"
        },
        {
          "name": "Pieczarki uprawne",
          "amount": "80 g"
        },
        {
          "name": "Ser mozzarella żółta",
          "amount": "150 g"
        },
        {
          "name": "Cebula",
          "amount": "40 g"
        },
        {
          "name": "Szynka z indyka",
          "amount": "140 g"
        },
        {
          "name": "Rukola",
          "amount": "25 g"
        }
      ]
    }
  ]
}