{
  "recipeName": "Placuszki twarogowe",
  "subRecipes": [
    {
      "name": "Placuszki twarogowe",
      "description": "1. Oddzielamy żółtka i białka jajek.\n2. Białka ubijamy na pianę w oddzielnej misce.\n3. Przesiewamy przez sitko mąkę orkiszową. Następnie dodajemy ją do zblendowanego sera twarogowego oraz erytrolu i żółtek jaj.\n4. Dodajemy ubitą wcześniej pianę z białek i mieszamy łyżką.\n5. Rozgrzewamy patelnię z olejem, wykładamy ciasto za pomocą łyżki, tworząc małe placuszki, staramy się zachować odstępy między porcjami ciasta. Zmniejszamy moc palnika i smażymy placuszki do ścięcia smażonej strony. Następnie przy pomocy płaskiej szpatułki obracamy na drugą stronę (pomocne jest jeżeli placuszki są na tyle małe, że można je wsunąć na szpatułkę). Całość smażymy do ścięcia i zarumienienia. Aby przyspieszyć ścięcie masy, możemy przykryć patelnię przykrywką.\n6. Gotowe placuszki przekładamy na talerz i podajemy z jogurtem skyr, miodem oraz bananem. Smacznego!",
      "ingredients": [
        {
          "name": "Ser twarogowy półtłusty",
          "amount": "125 g"
        },
        {
          "name": "Jajko kurze całe",
          "amount": "112 g"
        },
        {
          "name": "Erytrol",
          "amount": "15 g"
        },
        {
          "name": "Mąka orkiszowa pełnoziarnista",
          "amount": "50 g"
        },
        {
          "name": "Olej rzepakowy",
          "amount": "10 g"
        },
        {
          "name": "Jogurt skyr",
          "amount": "75 g"
        },
        {
          "name": "Banan",
          "amount": "120 g"
        },
        {
          "name": "Miód",
          "amount": "18 g"
        }
      ]
    }
  ]
}