{
  "recipeName": "Placuszki z cukinii",
  "subRecipes": [
    {
      "name": "Placuszki z cukinii",
      "description": "1. Cebulę drobno siekamy, następnie rozgrzewamy patelnię przepartą ręcznikiem papierowym nasączonym w odrobinie tłuszczu i średnim ogniu podsmażamy cebulę przez chwilę do zeszklenia - pozostawiamy do wystudzenia.\n2. Cukinię ścieramy na tarce o grubych oczkach. Odsączamy i przekładamy do miski.\n3. Dodajemy jajko, sól, pieprz, kumin oraz cebulę i mieszamy. Mieszając stopniowo dodajemy mąkę orkiszową.\n4. Na patelni rozgrzewamy oliwę i nakładamy łyżką ciasto.\n5. Smażymy na małym ogniu przez około 3 minuty na każdą stronę do zrumienienia i zestalenia masy.\n6. Podajemy z jogurtem skyr. Smacznego!",
      "ingredients": [
        {
          "name": "Cukinia",
          "amount": "400 g"
        },
        {
          "name": "Mąka orkiszowa pełnoziarnista",
          "amount": "50 g"
        },
        {
          "name": "Cebula",
          "amount": "80 g"
        },
        {
          "name": "Jajko kurze całe",
          "amount": "56 g"
        },
        {
          "name": "Jogurt skyr",
          "amount": "225 g"
        },
        {
          "name": "Oliwa z oliwek",
          "amount": "30 g"
        },
        {
          "name": "Sól",
          "amount": "0.25 g"
        },
        {
          "name": "Pieprz czarny",
          "amount": "0.25 g"
        },
        {
          "name": "Kumin",
          "amount": "5 g"
        }
      ]
    }
  ]
}