{
  "recipeName": "Placuszki owsiane z gorzką czekoladą oraz borówkami",
  "subRecipes": [
    {
      "name": "Placuszki owsiane z gorzką czekoladą oraz borówkami",
      "description": "1. Składniki na ciasto (banana, jajko, mąkę owsianą oraz erytrol) blendujemy i odstawiamy na 5-10 minut. Następnie mieszamy z borówkami oraz gorzką czekoladą. Jeśli masa po tym czasie jest dosyć gęsta, można dolać odrobiny wody w celu poprawienia konsystencji ciasta.\n2. Placuszki smażymy na dobrze rozgrzanej patelni z nieprzywierającą powierzchnią. Niewielkie porcje ciasta nakładamy przy pomocy łyżki, zachowując odległości między nimi. Zmniejszamy moc palnika i smażymy do ścięcia smażonej powierzchni. Przy pomocy płaskiej szpatułki odwracamy placuszki na drugą stronę i smażymy do zarumienienia.\n3. Podajemy z masłem orzechowym.",
      "ingredients": [
        {
          "name": "Banan",
          "amount": "120 g"
        },
        {
          "name": "Jajko kurze całe",
          "amount": "112 g"
        },
        {
          "name": "Mąka owsiana pełnoziarnista",
          "amount": "66 g"
        },
        {
          "name": "Erytrol",
          "amount": "10 g"
        },
        {
          "name": "Borówki amerykańskie, świeże lub mrożone",
          "amount": "50 g"
        },
        {
          "name": "Czekolada gorzka 70%",
          "amount": "20 g"
        },
        {
          "name": "Olej rzepakowy",
          "amount": "10 g"
        },
        {
          "name": "Masło orzechowe",
          "amount": "10 g"
        }
      ]
    }
  ]
}