{
  "recipeName": "Polędwica wieprzowa z mango po chińsku",
  "subRecipes": [
    {
      "name": "Polędwica wieprzowa z mango po chińsku",
      "description": "1. Ryż gotujemy według instrukcji.\n2. Mięso kroimy na pół, następnie w poprzek włókien na jak najcieńsze plasterki. Doprawiamy solą i pieprzem.\n3. Mango obieramy i kroimy w słupki. Paprykę czerwoną, cebulę oraz marchew kroimy w cieniutkie paseczki.\n4. Siekamy papryczkę chilli, imbir oraz czosnek.\n5. Wszystkie składniki sosu mieszamy w małej miseczce.\n6. W woku lub w dużej patelni rozgrzewamy połowę oliwy, wkładamy przygotowane warzywa, smażymy na większym ogniu przez około 4 minuty.\n7. Dodajemy mango i mieszamy. Smażymy jeszcze 3 minuty, po czym przekładamy do miski lub na talerz.\n8. Na patelnię dolewamy resztę oliwy i smażymy mięso na dużym ogniu przez około 3-4 minuty, ciągle mieszając.\n9. Do gotowego mięsa dodajemy warzywa, następnie wlewamy sos. Gotujemy na dużym ogniu przez około 2 minuty, aż sos zgęstnieje.\n10. Podajemy z ryżem. Smacznego!",
      "ingredients": [
        {
          "name": "Polędwica wieprzowa",
          "amount": "175 g"
        },
        {
          "name": "Ryż basmati",
          "amount": "25 g"
        },
        {
          "name": "Mango świeże lub mrożone",
          "amount": "100 g"
        },
        {
          "name": "Papryka czerwona",
          "amount": "50 g"
        },
        {
          "name": "Cebula",
          "amount": "20 g"
        },
        {
          "name": "Marchew",
          "amount": "40 g"
        },
        {
          "name": "Papryczka chilli",
          "amount": "10 g"
        },
        {
          "name": "Imbir",
          "amount": "2 g"
        },
        {
          "name": "Czosnek świeży",
          "amount": "3 g"
        },
        {
          "name": "Oliwa z oliwek",
          "amount": "5 g"
        },
        {
          "name": "Ocet ryżowy",
          "amount": "10 g"
        },
        {
          "name": "Sos sojowy",
          "amount": "15 g"
        },
        {
          "name": "Erytrol",
          "amount": "5 g"
        },
        {
          "name": "Olej sezamowy",
          "amount": "5 g"
        },
        {
          "name": "Woda",
          "amount": "45 g"
        },
        {
          "name": "Sól",
          "amount": "0.25 g"
        },
        {
          "name": "Pieprz czarny",
          "amount": "0.25 g"
        }
      ]
    }
  ]
}