{
  "recipeName": "Popcorn",
  "subRecipes": [
    {
      "name": "Popcorn",
      "description": "1. W dużym garnku o grubym dnie rozgrzewamy olej, na średnim ogniu.\n2. Kiedy olej jest odpowiednio rozgrzany, wrzucamy ziarna kukurydzy i przykrywamy garnek pokrywką. Co jakiś czas podnosimy garnek i wstrząsamy, aby ziarna równomiernie się nagrzewały.\n3. Prażymy popcorn do czasu, aż przestaniemy słyszeć charakterystyczny dźwięk prażenia kukurydzy.\n4. Gotowy popcorn przekładamy do miseczki. Całość posypujemy solą wedle uznania.",
      "ingredients": [
        {
          "name": "Kukurydza",
          "amount": "100 g"
        },
        {
          "name": "Olej rzepakowy",
          "amount": "25 g"
        },
        {
          "name": "Sól",
          "amount": "0.5 g"
        }
      ]
    }
  ]
}