{
  "recipeName": "Proteinowy budyń jaglany",
  "subRecipes": [
    {
      "name": "Proteinowy budyń jaglany",
      "description": "1. Kaszę zalewamy mlekiem, gotujemy, aż zgęstnieje ok. 15 min. Jeśli preferujemy rzadszą konsystencję kaszy, dolewamy stopniowo gorącą wodę. W przypadku zbyt rzadkiej konsystencji gotujemy całość chwilę dłużej do odparowania większej ilości płynów.\n2. Dodajemy odżywkę białkową oraz erytrol a następnie blendujemy na gładką masę.\n3. Przelewamy do miseczki dodajemy pokruszoną czekoladę do środka tak aby zatopiła się w puddingu, na wierzch dodajemy świeże owoce. Posypujemy miętą, cynamonem oraz orzechami.",
      "ingredients": [
        {
          "name": "Kasza jaglana",
          "amount": "70 g"
        },
        {
          "name": "Mleko 1,5%",
          "amount": "300 g"
        },
        {
          "name": "Odżywka białkowa",
          "amount": "45 g"
        },
        {
          "name": "Erytrol",
          "amount": "20 g"
        },
        {
          "name": "Cynamon mielony",
          "amount": "4 g"
        },
        {
          "name": "Czekolada gorzka 70%",
          "amount": "20 g"
        },
        {
          "name": "Truskawki, świeże lub mrożone",
          "amount": "100 g"
        },
        {
          "name": "Mięta",
          "amount": "1 g"
        },
        {
          "name": "Mieszanka orzechów",
          "amount": "15 g"
        }
      ]
    }
  ]
}