{
  "recipeName": "Przekąska z masłem orzechowym",
  "subRecipes": [
    {
      "name": "Przekąska z masłem orzechowym",
      "description": "1. Przygotowujemy miseczkę, polecamy użyć małego, zamykanego słoiczka.\n2. W naczyniu umieszczamy płatki owsiane, miód oraz masło orzechowe. Całość zalewamy mlekiem. Przekąskę pozostawiamy do namoknięcia płatków na minimum 15 minut. Najlepiej odstawić do lodówki na noc.",
      "ingredients": [
        {
          "name": "Płatki owsiane górskie",
          "amount": "50 g"
        },
        {
          "name": "Mleko 1,5%",
          "amount": "200 g"
        },
        {
          "name": "Miód",
          "amount": "24 g"
        },
        {
          "name": "Masło orzechowe",
          "amount": "40 g"
        }
      ]
    }
  ]
}