{
  "recipeName": "Pudding chia z mango",
  "subRecipes": [
    {
      "name": "Pudding chia z mango",
      "description": "1. Chia mieszamy z jogurtem skyr, jogurtem greckim oraz ksylitolem.\n2. Czekoladę kroimy na kawałki.\n3. Do chia z jogurtem dorzucamy czekoladę i wstawiamy do lodówki na noc.\n4. ½ mango blendujemy/½ mango kroimy w kostkę.\n5. Następnie dodajemy na górę zblendowane owoce i na samą górę owoce i orzechy w większych kawałkach. Smacznego!",
      "ingredients": [
        {
          "name": "Nasiona chia",
          "amount": "30 g"
        },
        {
          "name": "Jogurt skyr",
          "amount": "120 g"
        },
        {
          "name": "Jogurt grecki",
          "amount": "120 g"
        },
        {
          "name": "Ksylitol",
          "amount": "15 g"
        },
        {
          "name": "Czekolada gorzka 70%",
          "amount": "20 g"
        },
        {
          "name": "Mango świeże lub mrożone",
          "amount": "300 g"
        },
        {
          "name": "Płatki migdałów",
          "amount": "15 g"
        }
      ]
    }
  ]
}