{
  "recipeName": "Pudding waniliowy z owocami i skyrem",
  "subRecipes": [
    {
      "name": "Pudding waniliowy z owocami i skyrem",
      "description": "1. Wlewamy 300 ml mleka do małego garnka i podgrzewamy na średnim ogniu. W pozostałym mleku dokładnie rozpuszczamy proszek budyniowy, mieszając, aż nie będzie grudek. Kiedy mleko w garnku zacznie się delikatnie gotować, wlewamy rozmieszany budyń, cały czas mieszając. Dodajemy ksylitol i mieszamy, aż budyń zgęstnieje. Zdejmujemy z ognia.\n2. Do przestudzonego budyniu dodajemy skyr. Dokładnie mieszamy, aż masa stanie się jednolita i gładka.\n3. Czekoladę ścieramy na tarce (na dużych oczkach) lub drobno siekamy nożem.\n4. Gotowy pudding przekładamy do miseczek lub szklanek. Na wierzchu układamy owoce, a następnie posypujemy startą czekoladą.\n5. Deser podajemy od razu na ciepło lub schładzamy w lodówce przez około 1-2 godziny, jeśli wolimy zimny pudding.",
      "ingredients": [
        {
          "name": "Jogurt skyr",
          "amount": "300 g"
        },
        {
          "name": "Budyń w proszku",
          "amount": "40 g"
        },
        {
          "name": "Ksylitol",
          "amount": "22.5 g"
        },
        {
          "name": "Mleko 1,5%",
          "amount": "375 g"
        },
        {
          "name": "Maliny świeże lub mrożone",
          "amount": "150 g"
        },
        {
          "name": "Czekolada gorzka 70%",
          "amount": "30 g"
        }
      ]
    }
  ]
}