{
  "recipeName": "Pudding chia z musem mango",
  "subRecipes": [
    {
      "name": "Pudding chia z musem mango",
      "description": "1. Jogurt naturalny mieszamy z nasionami chia oraz ksylitolem, przekładamy do lodówki na 4 godziny.\n2. Mango blendujemy i wylewamy na wierzch deseru. Posypujemy pokruszonymi orzechami. Smacznego!",
      "ingredients": [
        {
          "name": "Jogurt naturalny 2%",
          "amount": "200 g"
        },
        {
          "name": "Nasiona chia",
          "amount": "20 g"
        },
        {
          "name": "Ksylitol",
          "amount": "30 g"
        },
        {
          "name": "Mango świeże lub mrożone",
          "amount": "150 g"
        },
        {
          "name": "Orzechy laskowe",
          "amount": "30 g"
        }
      ]
    }
  ]
}