{
  "recipeName": "Quesadilla z kurczakiem",
  "subRecipes": [
    {
      "name": "Quesadilla z kurczakiem",
      "description": "1. Kurczaka kroimy w paski, posypujemy słodką papryką, solą oraz pieprzem i mieszamy z oliwą (połową).\n2. Paprykę czerwoną oraz cebulę czerwoną kroimy w paski. Na patelni rozgrzewamy oliwę (połowa) i przekładamy na nią warzywa.\n3. Posypujemy kuminem, solą oraz pieprzem, podsmażamy przez 10 minut, a następnie odkładamy na talerzyk.\n4. Na tej samej patelni smażymy kurczaka.\n5. Awokado obieramy i kroimy w kostkę lub plasterki.\n6. Podgrzewamy tortillę, układamy kolejno awokado, warzywa oraz kurczaka. Posypujemy startą na tarce o grubych oczkach serem mozzarellą oraz kolendrą świeżą.\n7. Składamy tortillę na pół, przekładamy na patelnię i podpiekamy do czasu rozpuszczenia się sera mozzarelli.",
      "ingredients": [
        {
          "name": "Mięso z piersi kurczaka",
          "amount": "150 g"
        },
        {
          "name": "Tortilla pełnoziarnista",
          "amount": "120 g"
        },
        {
          "name": "Awokado",
          "amount": "50 g"
        },
        {
          "name": "Papryka czerwona",
          "amount": "85 g"
        },
        {
          "name": "Cebula czerwona",
          "amount": "40 g"
        },
        {
          "name": "Kolendra świeża",
          "amount": "4 g"
        },
        {
          "name": "Ser mozzarella kulka light",
          "amount": "60 g"
        },
        {
          "name": "Kumin",
          "amount": "2.5 g"
        },
        {
          "name": "Papryka słodka",
          "amount": "3 g"
        },
        {
          "name": "Oliwa z oliwek",
          "amount": "5 g"
        },
        {
          "name": "Sól",
          "amount": "0.25 g"
        },
        {
          "name": "Pieprz czarny",
          "amount": "0.25 g"
        }
      ]
    }
  ]
}