{
  "recipeName": "Riso z mango oraz malinami",
  "subRecipes": [
    {
      "name": "Riso z mango oraz malinami",
      "description": "1. Ryż płuczemy i namaczamy przez 5 min w wodzie. Odcedzamy.\n2. Do rondelka wlewamy wodę i mleko, dodajemy ryż, zagotowujemy. Dosładzamy ksylitolem. Gotujemy na małym ogniu pod przykryciem ok. 15-20 min do miękkości.\n3. Maliny rozgniatamy widelecem.\n4. Do miseczki wkładamy maliny, ryż jaśminowy oraz mango. Całość posypujemy prażonym sezamem. Smacznego!",
      "ingredients": [
        {
          "name": "Ryż jaśminowy",
          "amount": "100 g"
        },
        {
          "name": "Mleko 1,5%",
          "amount": "250 g"
        },
        {
          "name": "Woda",
          "amount": "75 g"
        },
        {
          "name": "Ksylitol",
          "amount": "15 g"
        },
        {
          "name": "Mango świeże lub mrożone",
          "amount": "150 g"
        },
        {
          "name": "Maliny świeże lub mrożone",
          "amount": "150 g"
        },
        {
          "name": "Sezam nasiona",
          "amount": "20 g"
        }
      ]
    }
  ]
}