{
  "recipeName": "Ryż z kalafiora z kurczakiem i warzywami",
  "subRecipes": [
    {
      "name": "Ryż z kalafiora z kurczakiem i warzywami",
      "description": "1. Różyczki kalafiora wrzucamy do rozdrabniacza, by uzyskać go w kawałkach wielkości ryżu.\n2. Rozgrzewamy oliwę na patelni. Wrzucamy ryż z kalafiora i przyprawiamy solą oraz pieprzem do smaku. Smażymy 5-7 min aż zmięknie. Po tym czasie przekładamy do miski, przykrywamy i odstawiamy na bok.\n3. Na głębokiej patelni rozgrzewamy resztę oliwy. Pokrojone na małe kawałki mięso przyprawiamy curry (połowa). Posypujemy solą oraz pieprzem wedle uznania. Smażymy mięso na rozgrzanej patelni przez ok. 7 min do zrumienienia kawałków z każdej strony. Nachylamy najpierw kalafior, żeby zobaczyć, że mięso jest gotowe.\n4. Gdy kurczak jest gotowy, dodajemy marchew pokrojoną w cienkie plasterki, paprykę czerwoną, cebulę oraz groszek. Doprawiamy solą oraz pieprzem, wszystko mieszamy.\n5. Gotujemy 10 min, po tym czasie dodajemy sok z cytryny, mieszamy i gotujemy dodatkowe 3 min.\n6. W tym czasie wszystkie składniki (mleczko kokosowe, imbir, czosnek, curry, kolendra świeża, cynamon, płatki chilli oraz pieprz) na sos blendujemy.\n7. Następnie dodajemy sos i mieszamy. Jeśli sos jest za gęsty, dolewamy stopniowo wodę do uzyskania preferowanej konsystencji. Zostawiamy na ogniu na przynajmniej 10 min.\n8. Podajemy z ryżem z kalafiora. Na wierzch dodajemy wcześniej uprażone na suchej patelni orzechy nerkowca.",
      "ingredients": [
        {
          "name": "Mięso z piersi kurczaka",
          "amount": "150 g"
        },
        {
          "name": "Kalafior, świeży lub mrożony",
          "amount": "125 g"
        },
        {
          "name": "Marchew",
          "amount": "40 g"
        },
        {
          "name": "Papryka czerwona",
          "amount": "85 g"
        },
        {
          "name": "Cebula",
          "amount": "20 g"
        },
        {
          "name": "Groszek cukrowy",
          "amount": "75 g"
        },
        {
          "name": "Sok z cytryny",
          "amount": "6 g"
        },
        {
          "name": "Orzechy nerkowca",
          "amount": "10 g"
        },
        {
          "name": "Oliwa z oliwek",
          "amount": "5 g"
        },
        {
          "name": "Sól",
          "amount": "0.25 g"
        },
        {
          "name": "Mleczko kokosowe 12%",
          "amount": "60 g"
        },
        {
          "name": "Imbir",
          "amount": "2.5 g"
        },
        {
          "name": "Czosnek świeży",
          "amount": "3 g"
        },
        {
          "name": "Curry przyprawa",
          "amount": "4 g"
        },
        {
          "name": "Kolendra świeża",
          "amount": "2 g"
        },
        {
          "name": "Cynamon mielony",
          "amount": "0.5 g"
        },
        {
          "name": "Płatki chilli",
          "amount": "0.5 g"
        },
        {
          "name": "Pieprz czarny",
          "amount": "0.25 g"
        }
      ]
    }
  ]
}