{
  "recipeName": "Ryż z jabłkiem",
  "subRecipes": [
    {
      "name": "Ryż z jabłkiem",
      "description": "1. Do rondelka wsypujemy ryż, zalewamy mlekiem i gotujemy, aż ryż będzie miękki i będzie się sklejał. Jeśli ryż wchłonie zbyt duże ilości płynu, dolewamy stopniowo gorącą wodę podczas gotowania. Jeśli jednak preferujemy gęstsze danie, gotujemy chwilę dłużej do odparowania nadmiaru płynu.\n2. Do miękkiego ryżu dodajemy odżywkę białkową oraz cynamon pokrojone owoce, a całość dokładnie mieszamy.\n3. Gotowy ryż przekładamy do miski i posypujemy pokrojonymi orzechami.",
      "ingredients": [
        {
          "name": "Ryż basmati",
          "amount": "50 g"
        },
        {
          "name": "Mleko roślinne niesłodzone",
          "amount": "150 g"
        },
        {
          "name": "Jabłko",
          "amount": "150 g"
        },
        {
          "name": "Odżywka białkowa",
          "amount": "60 g"
        },
        {
          "name": "Cynamon mielony",
          "amount": "2 g"
        },
        {
          "name": "Orzechy laskowe",
          "amount": "35 g"
        }
      ]
    }
  ]
}