{
  "recipeName": "Sałatka z tuńczykiem, ryżem, papryką czerwoną oraz kukurydzą konserwową",
  "subRecipes": [
    {
      "name": "Sałatka z tuńczykiem, ryżem, papryką czerwoną oraz kukurydzą konserwową",
      "description": "1. Ryż gotujemy według instrukcji umieszczonej na opakowaniu i pozostawiamy do ostygnięcia.\n2. Kroimy seler naciowy, paprykę czerwoną oraz natkę pietruszki, odcedzamy kapary, kukurydzę konserwową oraz tuńczyka.\n3. Wszystkie przygotowane składniki przekładamy do miski, dodajemy majonez, musztardę, sól, pieprz oraz sok z cytryny i dokładnie mieszamy. Smacznego!",
      "ingredients": [
        {
          "name": "Ryż basmati",
          "amount": "50 g"
        },
        {
          "name": "Tuńczyk w sosie własnym",
          "amount": "240 g"
        },
        {
          "name": "Kapary",
          "amount": "20 g"
        },
        {
          "name": "Seler naciowy",
          "amount": "45 g"
        },
        {
          "name": "Natka pietruszki posiekana",
          "amount": "10 g"
        },
        {
          "name": "Papryka czerwona",
          "amount": "85 g"
        },
        {
          "name": "Kukurydza konserwowa",
          "amount": "100 g"
        },
        {
          "name": "Majonez",
          "amount": "30 g"
        },
        {
          "name": "Musztarda",
          "amount": "10 g"
        },
        {
          "name": "Sól",
          "amount": "0.25 g"
        },
        {
          "name": "Pieprz czarny",
          "amount": "0.25 g"
        },
        {
          "name": "Sok z cytryny",
          "amount": "6 g"
        }
      ]
    }
  ]
}