{
  "recipeName": "Sałatka z kurczakiem, kuskusem, ogórkiem oraz papryką czerwoną",
  "subRecipes": [
    {
      "name": "Sałatka z kurczakiem, kuskusem, ogórkiem oraz papryką czerwoną",
      "description": "1. Kuskus gotujemy według instrukcji umieszczonej na opakowaniu.\n2. Mięso kroimy na kawałki ok. 2 cm, a następnie przyprawiamy solą, pieprzem, czosnkiem granulowanym oraz oliwą.\n3. Mięso smażymy na rozgrzanej patelni przez ok. 6-8 minut mieszając.\n4. Kroimy warzywa. Do miseczki nakładamy miód oraz musztardę, następnie dokładnie mieszamy.\n5. Na talerz nakładamy kuskus, roszponkę oraz kurczaka, pokrojone warzywa, następnie całość polewamy sosem. Smacznego!",
      "ingredients": [
        {
          "name": "Kasza kuskus drobna",
          "amount": "25 g"
        },
        {
          "name": "Mięso z piersi kurczaka",
          "amount": "150 g"
        },
        {
          "name": "Czosnek granulowany",
          "amount": "1.5 g"
        },
        {
          "name": "Oliwa z oliwek",
          "amount": "20 g"
        },
        {
          "name": "Roszponka",
          "amount": "20 g"
        },
        {
          "name": "Pomidorki koktajlowe",
          "amount": "60 g"
        },
        {
          "name": "Ogórek świeży",
          "amount": "75 g"
        },
        {
          "name": "Papryka czerwona",
          "amount": "85 g"
        },
        {
          "name": "Miód",
          "amount": "12 g"
        },
        {
          "name": "Musztarda",
          "amount": "10 g"
        },
        {
          "name": "Sól",
          "amount": "0.25 g"
        },
        {
          "name": "Pieprz czarny",
          "amount": "0.25 g"
        }
      ]
    }
  ]
}