{
  "recipeName": "Sałatka a la cezar",
  "subRecipes": [
    {
      "name": "Sałatka a la cezar",
      "description": "1. Piekarnik nagrzewamy do 200 stopni z funkcją termoobieg.\n2. Mięso kroimy, aby uzyskać kawałki podobnej grubości. Przyprawiamy słodką papryką, wędzoną papryką, solą, pieprzem oraz połową oliwy. Odstawiamy na 15 minut.\n3. Batata kroimy w kostkę, przyprawiamy solą, pieprzem, połową czosnku oraz połową oliwy. Mieszamy, rozkładamy cienką warstwą na blaszce wyłożonej papierem do pieczenia i pieczemy ok 25 minut (aż będą miękkie w środku).\n4. Mięso smażymy na patelni, 4 minuty z każdej strony.\n5. Sałatę rwiemy na drobne kawałki i przekładamy do miski.\n6. Warzywa kroimy i wkładamy do miski.\n7. Jogurt mieszamy ze startym parmezanem, sokiem z cytryny, solą oraz pieprzem. Dodajemy 1/2 sosu do miski z warzywami i lekko mieszamy.\n8. Mięso kroimy w paski, układamy na sałacie i warzywach, na wierzch układamy upieczone bataty i polewamy resztą sosu. Smacznego!",
      "ingredients": [
        {
          "name": "Mięso z piersi kurczaka",
          "amount": "125 g"
        },
        {
          "name": "Papryka słodka",
          "amount": "0.5 g"
        },
        {
          "name": "Papryka wędzona",
          "amount": "1.5 g"
        },
        {
          "name": "Czosnek granulowany",
          "amount": "1.5 g"
        },
        {
          "name": "Oliwa z oliwek",
          "amount": "15 g"
        },
        {
          "name": "Batat",
          "amount": "125 g"
        },
        {
          "name": "Miks sałat",
          "amount": "25 g"
        },
        {
          "name": "Pomidorki koktajlowe",
          "amount": "100 g"
        },
        {
          "name": "Ogórek świeży",
          "amount": "75 g"
        },
        {
          "name": "Cebula",
          "amount": "20 g"
        },
        {
          "name": "Parmezan starty",
          "amount": "10 g"
        },
        {
          "name": "Jogurt skyr",
          "amount": "40 g"
        },
        {
          "name": "Sok z cytryny",
          "amount": "12 g"
        },
        {
          "name": "Sól",
          "amount": "0.25 g"
        },
        {
          "name": "Pieprz czarny",
          "amount": "0.25 g"
        }
      ]
    }
  ]
}