{
  "recipeName": "Sałatka z gyrosem",
  "subRecipes": [
    {
      "name": "Sałatka z gyrosem",
      "description": "1. Mięso kroimy w kostkę, przyprawiamy oliwą, przyprawą gyros, solą oraz pieprzem, odstawiamy.\n2. Warzywa kroimy w plastry, liście sałaty rwiemy na mniejsze kawałki.\n3. Kurczaka smażymy na rozgrzanej patelni przez 5-6 minut, często mieszając. Mięso powinno być zarumienione, a po przekrojeniu białe.\n4. W misce mieszamy jogurt skyr, sok z cytryny, czosnek, natkę pietruszki, sól, pieprz oraz miód.\n5. Na talerzu układamy sałatę, szpinak oraz kurczaka i pokrojone warzywa. Polewamy sosem. Gotowe danie podajemy z pieczywem (z pieczywa na suchej patelni lub w piekarniku możemy przygotować chrupiące grzanki). Smacznego!",
      "ingredients": [
        {
          "name": "Mięso z piersi kurczaka",
          "amount": "125 g"
        },
        {
          "name": "Przyprawa gyros",
          "amount": "5 g"
        },
        {
          "name": "Oliwa z oliwek",
          "amount": "15 g"
        },
        {
          "name": "Miks sałat",
          "amount": "25 g"
        },
        {
          "name": "Szpinak",
          "amount": "25 g"
        },
        {
          "name": "Ogórek świeży",
          "amount": "75 g"
        },
        {
          "name": "Cebula czerwona",
          "amount": "20 g"
        },
        {
          "name": "Pomidorki koktajlowe",
          "amount": "80 g"
        },
        {
          "name": "Jogurt skyr",
          "amount": "60 g"
        },
        {
          "name": "Sok z cytryny",
          "amount": "12 g"
        },
        {
          "name": "Czosnek świeży",
          "amount": "3 g"
        },
        {
          "name": "Natka pietruszki posiekana",
          "amount": "5 g"
        },
        {
          "name": "Sól",
          "amount": "0.25 g"
        },
        {
          "name": "Pieprz czarny",
          "amount": "0.25 g"
        },
        {
          "name": "Miód",
          "amount": "18 g"
        },
        {
          "name": "Chleb żytni razowy",
          "amount": "60 g"
        }
      ]
    }
  ]
}