{
  "recipeName": "Serek waniliowy z gorzką czekoladą oraz bananem",
  "subRecipes": [
    {
      "name": "Serek waniliowy z gorzką czekoladą oraz bananem",
      "description": "1. Przekładamy do miski jogurt skyr oraz ekstrakt waniliowy dodajemy banana, odżywkę białkową, gorzką czekoladę oraz płatki migdałów i wszystko mieszamy. Podajemy z waflami ryżowymi. Smacznego!",
      "ingredients": [
        {
          "name": "Jogurt skyr",
          "amount": "300 g"
        },
        {
          "name": "Wanilia ekstrakt",
          "amount": "3 g"
        },
        {
          "name": "Czekolada gorzka 70%",
          "amount": "25 g"
        },
        {
          "name": "Banan",
          "amount": "120 g"
        },
        {
          "name": "Płatki migdałów",
          "amount": "20 g"
        },
        {
          "name": "Wafle ryżowe",
          "amount": "50 g"
        },
        {
          "name": "Odżywka białkowa",
          "amount": "10 g"
        }
      ]
    }
  ]
}