{
  "recipeName": "Serek wiejski z rzodkiewką, pomidorem oraz chlebem razowym",
  "subRecipes": [
    {
      "name": "Serek wiejski z rzodkiewką, pomidorem oraz chlebem razowym",
      "description": "1. Do serka wiejskiego dodajemy pokrojone w kosteczkę warzywa. Jemy z pieczywem posmarowanym masłem.",
      "ingredients": [
        {
          "name": "Serek wiejski naturalny",
          "amount": "400 g"
        },
        {
          "name": "Chleb żytni razowy",
          "amount": "120 g"
        },
        {
          "name": "Pomidor",
          "amount": "160 g"
        },
        {
          "name": "Rzodkiewka",
          "amount": "75 g"
        },
        {
          "name": "Szczypiorek siekany",
          "amount": "5 g"
        },
        {
          "name": "Masło extra",
          "amount": "10 g"
        }
      ]
    }
  ]
}