{
  "recipeName": "Smalec z fasoli",
  "subRecipes": [
    {
      "name": "Smalec z fasoli",
      "description": "1. Śliwki namaczamy w chłodnej wodzie ok. 30 min, namoczone śliwki odsączamy.\n2. Fasolę z puszki wykładamy na sitko na kilka minut, aby odsączyć nadmiar wody.\n3. Na patelni rozgrzewamy oliwę. Cebulę oraz jabłko kroimy w drobną kostkę, wrzucamy na patelnię, dodajemy majeranek i smażymy na średnim ogniu pod przykryciem przez ok. 5 minut, aż będą miękkie i lekko się zarumienią.\n4. Wszystkie składniki umieszczamy w kielichu blendera i blendujemy do uzyskania gładkiej masy. W razie potrzeby dolewamy wody, aby uzyskać preferowaną konsystencję. Doprawiamy solą oraz pieprzem wedle uznania.\n5. Gotowy smalec z fasoli podajemy razem z pieczywem i pokrojonymi warzywami.",
      "ingredients": [
        {
          "name": "Fasola biała konserwowa",
          "amount": "200 g"
        },
        {
          "name": "Cebula",
          "amount": "40 g"
        },
        {
          "name": "Jabłko",
          "amount": "75 g"
        },
        {
          "name": "Oliwa z oliwek",
          "amount": "20 g"
        },
        {
          "name": "Śliwki suszone",
          "amount": "60 g"
        },
        {
          "name": "Sól",
          "amount": "0.25 g"
        },
        {
          "name": "Pieprz czarny",
          "amount": "0.25 g"
        },
        {
          "name": "Majeranek",
          "amount": "0.25 g"
        },
        {
          "name": "Chleb żytni razowy",
          "amount": "90 g"
        },
        {
          "name": "Ogórek małosolny",
          "amount": "100 g"
        }
      ]
    }
  ]
}