{
  "recipeName": "Spaghetti z pesto",
  "subRecipes": [
    {
      "name": "Spaghetti z pesto",
      "description": "1. Makaron gotujemy al dente zgodnie z instrukcją podaną na opakowaniu.\n2. Makaron po ugotowaniu odcedzamy i zostawiamy w garnku z niewielką ilością wody (1-2 łyżki), w której się gotował.\n3. Do garnka z makaronem dodajemy zielone pesto oraz czosnek granulowany i dokładnie mieszamy. W razie potrzeby przyprawimy solą i pieprzem.\n4. Makaron wykładamy na talerz z rukolą. Na spaghetti układamy ser i pokrojonego na kawałki suszonego pomidora oraz pomidorki koktajlowe. Smacznego!",
      "ingredients": [
        {
          "name": "Makaron spaghetti pełnoziarnisty",
          "amount": "40 g"
        },
        {
          "name": "Ser mozzarella kulka light",
          "amount": "150 g"
        },
        {
          "name": "Pomidory suszone w oleju (odsączone)",
          "amount": "20 g"
        },
        {
          "name": "Pomidorki koktajlowe",
          "amount": "80 g"
        },
        {
          "name": "Pesto zielone",
          "amount": "15 g"
        },
        {
          "name": "Czosnek granulowany",
          "amount": "1 g"
        },
        {
          "name": "Rukola",
          "amount": "15 g"
        },
        {
          "name": "Sól",
          "amount": "0.25 g"
        },
        {
          "name": "Pieprz czarny",
          "amount": "0.25 g"
        }
      ]
    }
  ]
}