{
  "recipeName": "Szakszuka z chorizo",
  "subRecipes": [
    {
      "name": "Szakszuka z chorizo",
      "description": "1. Patelnię rozgrzewamy i wlewamy olej. Cebulę obieramy i drobno kroimy, podsmażamy na patelni do zarumienienia. Dodajemy pokrojoną paprykę czerwoną. Czosnek przeciskamy przez praskę i dodajemy na patelnię. Smażymy minutę.\n2. Kiełbasę obieramy z osłonki. Kroimy chorizo na drobne kawałki i dodajemy na patelnię. Smażymy aż zacznie się rumienić.\n3. Wlewamy pomidory z puszki i doprawiamy do smaku solą, pieprzem oraz wędzoną papryką. Gotujemy mieszaninę przez około 10 minut, aż lekko zgęstnieje.\n4. Łyżką robimy wgłębienie na jajka. Do każdego dołka wbijamy jajko. Przykrywamy patelnię i smażymy na małym ogniu, aż jajka się zetną zgodnie z Twoimi upodobaniami, około 5-7 minut.\n5. Gotową szakszukę posypujemy posiekaną natką pietruszki. Podajemy z pieczywem.",
      "ingredients": [
        {
          "name": "Jajko kurze całe",
          "amount": "224 g"
        },
        {
          "name": "Pomidory z puszki",
          "amount": "300 g"
        },
        {
          "name": "Chorizo",
          "amount": "49 g"
        },
        {
          "name": "Cebula",
          "amount": "40 g"
        },
        {
          "name": "Czosnek świeży",
          "amount": "12 g"
        },
        {
          "name": "Papryka wędzona",
          "amount": "1.5 g"
        },
        {
          "name": "Sól",
          "amount": "0.5 g"
        },
        {
          "name": "Pieprz czarny",
          "amount": "0.5 g"
        },
        {
          "name": "Olej rzepakowy",
          "amount": "2.5 g"
        },
        {
          "name": "Natka pietruszki posiekana",
          "amount": "5 g"
        },
        {
          "name": "Papryka czerwona",
          "amount": "85 g"
        },
        {
          "name": "Bułka wysokobiałkowa Biedronka/Lidl",
          "amount": "40 g"
        }
      ]
    }
  ]
}