{
  "recipeName": "Szybki wrap z pstrągiem wędzonym oraz serem mozzarellą",
  "subRecipes": [
    {
      "name": "Szybki wrap z pstrągiem wędzonym oraz serem mozzarellą",
      "description": "1. Każdą tortillę smarujemy serkiem, nakładamy rukolę.\n2. Na tortillę nakładamy porwaną na kawałki rybę, pokrojonego ogórka i kawałki sera, zawijamy. Powtarzamy z każdym plackiem.",
      "ingredients": [
        {
          "name": "Tortilla pełnoziarnista",
          "amount": "120 g"
        },
        {
          "name": "Serek śmietankowy",
          "amount": "20 g"
        },
        {
          "name": "Rukola",
          "amount": "10 g"
        },
        {
          "name": "Pstrąg wędzony",
          "amount": "100 g"
        },
        {
          "name": "Ogórek świeży",
          "amount": "75 g"
        },
        {
          "name": "Ser mozzarella kulka",
          "amount": "120 g"
        }
      ]
    }
  ]
}