{
  "recipeName": "Słodka kanapka z wafli ryżowych",
  "subRecipes": [
    {
      "name": "Słodka kanapka z wafli ryżowych",
      "description": "1. Wafle ryżowe smarujemy masłem orzechowym.\n2. Banana kroimy, rozkładamy na dolnym waflu, przykrywamy drugim waflem.\n3. Gorzką czekoladę rozpuszczamy w kąpieli wodnej lub mikrofalii. Polewamy nią naszą słodką kanapkę. Posypujemy solą.",
      "ingredients": [
        {
          "name": "Wafle ryżowe",
          "amount": "20 g"
        },
        {
          "name": "Masło orzechowe",
          "amount": "40 g"
        },
        {
          "name": "Banan",
          "amount": "60 g"
        },
        {
          "name": "Czekolada gorzka 70%",
          "amount": "40 g"
        },
        {
          "name": "Sól",
          "amount": "0.25 g"
        }
      ]
    }
  ]
}