{
  "recipeName": "Tortilla wysokobiałkowa z szynką drobiową",
  "subRecipes": [
    {
      "name": "Tortilla wysokobiałkowa z szynką drobiową",
      "description": "1. Roztrzepujemy jajka widelcem, aż masa będzie jednolita. Doprawiamy solą oraz pieprzem wedle uznania.\n2. Rozgrzewamy patelnię z oliwą na średnim ogniu i wylewamy jajka.\n3. Ser kroimy w plastry lub ścieramy na tarce o grubych oczkach. Pomidoro kroimy na mniejsze kawałki.\n4. Zmniejszamy moc palnika i kładziemy tortillę bezpośrednio na masę jajeczną, delikatnie dociskamy, aby przykleiła się do omleta. Smażymy, aż spód się zetnie i lekko zarumieni. Warto przykryć patelnię pokrywką, aby jajka szybciej się ścięły. W przypadku dwóch tortilli dzielimy masę jajeczną na pół, tak by starczyło dla każdej z tortilli.\n5. Zdejmujemy patelnię z ognia i przekładamy tortillę na deskę. Nacinamy tortillę od środka do jednej z krawędzi, tworząc linię ułatwiającą nam złożenie tortilli na cztery części.\n6. Na każdej ćwiartce układamy kolejno ser, pomidora, szynkę z kurczaka oraz rukolę.\n7. Składamy tortillę na cztery części, zaczynając od jednej ćwiartki do kolejnej, aż utworzymy trójkątną warstwową kanapkę.\n8. Opcjonalnie podsmażamy tortillę z jednej i drugiej strony, aż ser się rozpuści, a tortilla będzie chrupiąca i zrumieniona.",
      "ingredients": [
        {
          "name": "Jajko kurze całe",
          "amount": "168 g"
        },
        {
          "name": "Tortilla pełnoziarnista",
          "amount": "120 g"
        },
        {
          "name": "Pomidor",
          "amount": "160 g"
        },
        {
          "name": "Ser mozzarella kulka light",
          "amount": "60 g"
        },
        {
          "name": "Szynka z kurczaka",
          "amount": "80 g"
        },
        {
          "name": "Rukola",
          "amount": "40 g"
        },
        {
          "name": "Sól",
          "amount": "0.25 g"
        },
        {
          "name": "Pieprz czarny",
          "amount": "0.25 g"
        },
        {
          "name": "Oliwa z oliwek",
          "amount": "2.5 g"
        }
      ]
    }
  ]
}