{
  "recipeName": "Tortilla z szynką, serem i warzywami",
  "subRecipes": [
    {
      "name": "Tortilla z szynką, serem i warzywami",
      "description": "1. W tortilli robimy 1 nacięcie od środka do końca placka (promień okręgu).\n2. Na pierwszą ćwiartkę nakładamy szynkę, na 2 paprykę czerwoną, na 3 i 4 ser.\n3. Składamy w trójkąt.\n4. Jemy na zimno lub podgrzane na patelni z pomidorkami koktajlowymi, oliwkami oraz ketchupem.",
      "ingredients": [
        {
          "name": "Tortilla pszenna",
          "amount": "120 g"
        },
        {
          "name": "Szynka z kurczaka",
          "amount": "100 g"
        },
        {
          "name": "Ser żółty active protein plus Ryki",
          "amount": "80 g"
        },
        {
          "name": "Papryka czerwona",
          "amount": "85 g"
        },
        {
          "name": "Oliwki zielone",
          "amount": "36 g"
        },
        {
          "name": "Pomidorki koktajlowe",
          "amount": "100 g"
        },
        {
          "name": "Ketchup",
          "amount": "30 g"
        }
      ]
    }
  ]
}