{
  "recipeName": "Tortilla na słodko z masłem orzechowym i owocami",
  "subRecipes": [
    {
      "name": "Tortilla na słodko z masłem orzechowym i owocami",
      "description": "1. Tortille smarujemy masłem orzechowym.\n2. Układamy cienkie plasterki jabłka. Posypujemy przyprawą do piernika i cynamonem.\n3. Składamy na pół. Podsmażamy na rozgrzanym maśle. Kroimy na trójkąty.\n4. Tortillę zjadamy ze skyrem.",
      "ingredients": [
        {
          "name": "Tortilla pełnoziarnista",
          "amount": "120 g"
        },
        {
          "name": "Masło orzechowe",
          "amount": "20 g"
        },
        {
          "name": "Jabłko",
          "amount": "150 g"
        },
        {
          "name": "Masło extra",
          "amount": "15 g"
        },
        {
          "name": "Przyprawa do pierników",
          "amount": "0.5 g"
        },
        {
          "name": "Cynamon mielony",
          "amount": "1 g"
        },
        {
          "name": "Jogurt skyr",
          "amount": "340 g"
        }
      ]
    }
  ]
}