{
  "recipeName": "Tortilla z pstrągiem wędzonym, szpinakiem, koperkiem oraz ogórkiem",
  "subRecipes": [
    {
      "name": "Tortilla z pstrągiem wędzonym, szpinakiem, koperkiem oraz ogórkiem",
      "description": "1. Kroimy ogórka, szpinak myjemy. Chrzan mieszamy z serkiem śmietankowym oraz koperkiem.\n2. Na każdą tortillę układamy serek śmietankowy, szpinak, ogórka oraz pstrąga wędzonego.\n3. Całość zawijamy. Smacznego!",
      "ingredients": [
        {
          "name": "Ogórek świeży",
          "amount": "75 g"
        },
        {
          "name": "Szpinak",
          "amount": "25 g"
        },
        {
          "name": "Chrzan (tarty)",
          "amount": "10 g"
        },
        {
          "name": "Koper posiekany",
          "amount": "4 g"
        },
        {
          "name": "Tortilla pełnoziarnista",
          "amount": "120 g"
        },
        {
          "name": "Pstrąg wędzony",
          "amount": "200 g"
        },
        {
          "name": "Serek śmietankowy",
          "amount": "40 g"
        }
      ]
    }
  ]
}