{
  "recipeName": "Tortilla na ciepło z wędliną, serem i jajkiem",
  "subRecipes": [
    {
      "name": "Tortilla na ciepło z wędliną, serem i jajkiem",
      "description": "1. Na patelni rozgrzewamy oliwę (połowę).\n2. W miseczce rozkłócamy jajka. Dodajemy pokrojony na mniejsze kawałki ser, sól oraz pieprz.\n3. Na patelni układamy połowę plastrów pomidora, szynki.\n4. Zalewamy połową masy jajecznej. Przykrywamy tortillą. Smażymy na niewielkim ogniu pod przykryciem do ścięcia. Składamy na pół. Powtarzamy z 2 plackiem. Smacznego!",
      "ingredients": [
        {
          "name": "Tortilla pełnoziarnista",
          "amount": "120 g"
        },
        {
          "name": "Szynka z kurczaka",
          "amount": "80 g"
        },
        {
          "name": "Pomidor",
          "amount": "120 g"
        },
        {
          "name": "Ser żółty active protein plus Ryki",
          "amount": "80 g"
        },
        {
          "name": "Jajko kurze całe",
          "amount": "112 g"
        },
        {
          "name": "Sól",
          "amount": "0.25 g"
        },
        {
          "name": "Pieprz czarny",
          "amount": "0.25 g"
        },
        {
          "name": "Oliwa z oliwek",
          "amount": "5 g"
        }
      ]
    }
  ]
}