{
  "recipeName": "Tortilla z kurczakiem, warzywami i serem typu feta",
  "subRecipes": [
    {
      "name": "Tortilla z kurczakiem, warzywami i serem typu feta",
      "description": "1. Sos jogurtowy przygotowujemy z jogurtu naturalnego, startego czosnku, koperku oraz soku z cytryny. Doprawiamy solą oraz pieprzem.\n2. Mięso kroimy w kawałki około 2 cm, przyprawiamy solą, pieprzem oraz czosnkiem granulowanym.\n3. Mięso smażymy na rozgrzanym oleju.\n4. Kroimy pomidora, ogórka oraz ser typu feta.\n5. Na placek tortilla nakładamy sos, rukolę, pokrojone warzywa, mięso i ser. Całość zwijamy.\n6. Jeśli chcemy, możemy podgrzać tortillę na patelni lub na grillu. Smacznego!",
      "ingredients": [
        {
          "name": "Tortilla pełnoziarnista",
          "amount": "120 g"
        },
        {
          "name": "Mięso z piersi kurczaka",
          "amount": "125 g"
        },
        {
          "name": "Czosnek granulowany",
          "amount": "1 g"
        },
        {
          "name": "Sól",
          "amount": "0.25 g"
        },
        {
          "name": "Pieprz czarny",
          "amount": "0.25 g"
        },
        {
          "name": "Ogórek świeży",
          "amount": "75 g"
        },
        {
          "name": "Pomidor",
          "amount": "80 g"
        },
        {
          "name": "Rukola",
          "amount": "40 g"
        },
        {
          "name": "Ser typu Feta",
          "amount": "75 g"
        },
        {
          "name": "Olej rzepakowy",
          "amount": "5 g"
        },
        {
          "name": "Jogurt naturalny 2%",
          "amount": "80 g"
        },
        {
          "name": "Czosnek świeży",
          "amount": "6 g"
        },
        {
          "name": "Sok z cytryny",
          "amount": "12 g"
        },
        {
          "name": "Koper posiekany",
          "amount": "4 g"
        }
      ]
    }
  ]
}