{
  "recipeName": "Tortilla z jajecznicą",
  "subRecipes": [
    {
      "name": "Tortilla z jajecznicą",
      "description": "1. Na patelni rozgrzewamy oliwę, smażymy jajecznicę. Przyprawiamy solą, pieprzem oraz słodką papryką.\n2. Tortillę smarujemy serkiem, nakładamy szpinak, pokrojoną paprykę i jajecznicę. Zawijamy w rulon. Smacznego!",
      "ingredients": [
        {
          "name": "Oliwa z oliwek",
          "amount": "5 g"
        },
        {
          "name": "Jajko kurze całe",
          "amount": "168 g"
        },
        {
          "name": "Serek śmietankowy",
          "amount": "40 g"
        },
        {
          "name": "Szpinak",
          "amount": "50 g"
        },
        {
          "name": "Papryka czerwona",
          "amount": "85 g"
        },
        {
          "name": "Sól",
          "amount": "0.25 g"
        },
        {
          "name": "Pieprz czarny",
          "amount": "0.25 g"
        },
        {
          "name": "Papryka słodka",
          "amount": "1.5 g"
        },
        {
          "name": "Tortilla pszenna",
          "amount": "120 g"
        }
      ]
    }
  ]
}