{
  "recipeName": "Tost z szynką, serem i warzywami",
  "subRecipes": [
    {
      "name": "Tost z szynką, serem i warzywami",
      "description": "1. Piekarnik nagrzewamy do 180 stopni z funkcją termoobieg.\n2. Pieczywo smarujemy serkiem śmietankowym. Na pieczywie kładziemy ser mozzarella oraz szynkę z kurczaka.\n3. Wkładamy do piekarnika i pieczemy około 6 minut, do momentu rozpuszczenia się sera.\n4. Na zapiekance układamy pomidora oraz rzodkiewkę. Posypujemy szczypiorkiem.",
      "ingredients": [
        {
          "name": "Chleb żytni razowy",
          "amount": "120 g"
        },
        {
          "name": "Serek śmietankowy",
          "amount": "75 g"
        },
        {
          "name": "Szynka z kurczaka",
          "amount": "80 g"
        },
        {
          "name": "Ser mozzarella kulka light",
          "amount": "120 g"
        },
        {
          "name": "Pomidor",
          "amount": "160 g"
        },
        {
          "name": "Rzodkiewka",
          "amount": "45 g"
        },
        {
          "name": "Szczypiorek siekany",
          "amount": "15 g"
        }
      ]
    }
  ]
}