{
  "recipeName": "Tosty z zielonym pesto, mozzarellą oraz pomidorem",
  "subRecipes": [
    {
      "name": "Tosty z zielonym pesto, mozzarellą oraz pomidorem",
      "description": "1. Kromki smarujemy zielonym pesto. Układamy pokrojony ser, pomidora oraz szpinak i przykrywamy drugą kromką (przy nieparzystej liczbie kromek, jedną przekrajamy na pół).\n2. Tosty przypiekamy na suchej patelni z nieprzywierającą powierzchnią na złoty kolor.",
      "ingredients": [
        {
          "name": "Chleb żytni razowy",
          "amount": "150 g"
        },
        {
          "name": "Ser mozzarella kulka",
          "amount": "120 g"
        },
        {
          "name": "Pomidor",
          "amount": "160 g"
        },
        {
          "name": "Szpinak",
          "amount": "50 g"
        },
        {
          "name": "Pesto zielone",
          "amount": "20 g"
        }
      ]
    }
  ]
}