{
  "recipeName": "Tost z serem mozzarellą, szynką z indyka oraz suszonymi pomidorami",
  "subRecipes": [
    {
      "name": "Tost z serem mozzarellą, szynką z indyka oraz suszonymi pomidorami",
      "description": "1. Pomidory kroimy na mniejsze kawałki.\n2. Na kromce chleba układamy ser, szynkę i pomidory, składamy tosty i jedną kromkę kroimy na pół i również składamy).\n3. Tosty podpiekamy na patelni bez tłuszczu pod przykryciem do czasu rozpuszczenia sera (aby pieczywo się nie przypaliło, kładziemy je na zimnej patelni, włączamy palnik na średnią moc, podpiekamy pod przykryciem, sprawdzając co jakiś czas, czy ser się roztopił). Posypujemy tymiankiem. Smacznego!",
      "ingredients": [
        {
          "name": "Chleb żytni razowy",
          "amount": "150 g"
        },
        {
          "name": "Ser mozzarella kulka light",
          "amount": "180 g"
        },
        {
          "name": "Pomidory suszone w oleju (odsączone)",
          "amount": "40 g"
        },
        {
          "name": "Szynka z indyka",
          "amount": "75 g"
        },
        {
          "name": "Tymianek suszony",
          "amount": "1.5 g"
        }
      ]
    }
  ]
}