{
  "recipeName": "Tost z serem oraz szynką z kurczaka",
  "subRecipes": [
    {
      "name": "Tost z serem oraz szynką z kurczaka",
      "description": "1. Na kromce chleba układamy ser oraz szynkę z kurczaka, przykrywamy drugą kromką.\n2. Tosty podpiekamy na patelni na tłuszczu przez 3 minuty pod przykryciem, następnie obracamy na kolejne 3 minuty. Podczas podsmażania kontrolujemy czas, w razie potrzeby trzymamy tosty na patelni krócej, tylko do zrumienienia z jednej i z drugiej strony.\n3. Podajemy z pomidorkami koktajlowymi. Smacznego!",
      "ingredients": [
        {
          "name": "Chleb żytni razowy",
          "amount": "180 g"
        },
        {
          "name": "Ser żółty active protein plus Ryki",
          "amount": "120 g"
        },
        {
          "name": "Szynka z kurczaka",
          "amount": "30 g"
        },
        {
          "name": "Pomidorki koktajlowe",
          "amount": "160 g"
        },
        {
          "name": "Oliwa z oliwek",
          "amount": "10 g"
        }
      ]
    }
  ]
}