{
  "recipeName": "Tosty a la pizza",
  "subRecipes": [
    {
      "name": "Tosty a la pizza",
      "description": "1. Kromki chleba smarujemy passatą.\n2. Układamy dwa rodzaje wędliny i pokrojoną, odciśniętą w ręcznik papierowy mozzarellę.\n3. Kładziemy na zimną patelnię, przykrywamy pokrywką i podgrzewamy na średnim ogniu, aż ser się rozpuści. Możemy wstawić do piekarnika nagrzanego do 180 stopni (tryb góra-dół) i podpiekać, aż ser się rozpuści.\n4. Podajemy z pokrojonymi warzywami.",
      "ingredients": [
        {
          "name": "Chleb żytni razowy",
          "amount": "150 g"
        },
        {
          "name": "Passata pomidorowa",
          "amount": "50 g"
        },
        {
          "name": "Ser mozzarella kulka light",
          "amount": "120 g"
        },
        {
          "name": "Salami",
          "amount": "30 g"
        },
        {
          "name": "Szynka z kurczaka",
          "amount": "60 g"
        },
        {
          "name": "Papryka czerwona",
          "amount": "85 g"
        }
      ]
    }
  ]
}