{
  "recipeName": "Tradycyjna jajecznica z pieczywem",
  "subRecipes": [
    {
      "name": "Tradycyjna jajecznica z pieczywem",
      "description": "1. Na patelni rozgrzewamy olej.\n2. Następnie wbijamy jajka na patelnię. Doprawiamy solą oraz pieprzem wedle uznania. Mieszamy i smażymy jajecznicę do ścięcia jajek według własnych preferencji.\n3. Pomidora kroimy na kawałki.\n4. Jajecznicę podajemy z pomidorem i pieczywem z serkiem wiejskim. Opcjonalnie posypujemy jajecznicę natką pietruszki.",
      "ingredients": [
        {
          "name": "Jajko kurze całe",
          "amount": "168 g"
        },
        {
          "name": "Olej rzepakowy",
          "amount": "5 g"
        },
        {
          "name": "Sól",
          "amount": "0.25 g"
        },
        {
          "name": "Pieprz czarny",
          "amount": "0.25 g"
        },
        {
          "name": "Pomidor",
          "amount": "160 g"
        },
        {
          "name": "Chleb żytni razowy",
          "amount": "120 g"
        },
        {
          "name": "Serek wiejski naturalny",
          "amount": "200 g"
        },
        {
          "name": "Natka pietruszki posiekana",
          "amount": "10 g"
        }
      ]
    }
  ]
}