{
  "recipeName": "Trufle z ciecierzycy",
  "subRecipes": [
    {
      "name": "Trufle z ciecierzycy",
      "description": "1. Ciecierzycę odcedzamy i płuczemy (możemy pozostawić trochę zalewy). Następnie umieszczamy ciecierzycę w kielichu blendera razem z masłem orzechowym, miodem oraz ekstraktem waniliowym, całość blendujemy na jednolitą masę. W razie potrzeby dosładzamy erytrolem. Jeśli konsystencja masy jest zbyt gęsta, możemy dolać stopniowo wodę z zalewy, aby uzyskać płynną konsystencję.\n2. Czekoladę rozpuszczamy w kąpieli wodnej. W większym garnku zagotowujemy wodę, a następnie zmniejszamy ogień. Nad większym garnkiem umieszczamy naczynie, do którego wkładamy pokrojoną czekoladę. Czekoladę mieszamy i rozpuszczamy do uzyskania płynnej konsystencji.\n3. Dłonie zwilżamy w zimnej wodzie i formujemy z przygotowanej masy małe kulki. Gotowe kulki rozkładamy w pojemniku wyłożonym papierem do pieczenia, następnie polewamy je rozpuszczoną czekoladą.\n4. Trufle pozostawiamy do przeschnięcia. Następnie wkładamy do lodówki na minimum godzinę, najlepiej pozostawić na noc. Trufle powinny być dobrze schłodzone.",
      "ingredients": [
        {
          "name": "Ciecierzyca konserwowa",
          "amount": "180 g"
        },
        {
          "name": "Masło orzechowe",
          "amount": "20 g"
        },
        {
          "name": "Miód",
          "amount": "18 g"
        },
        {
          "name": "Wanilia ekstrakt",
          "amount": "1.5 g"
        },
        {
          "name": "Erytrol",
          "amount": "10 g"
        },
        {
          "name": "Czekolada gorzka 70%",
          "amount": "40 g"
        }
      ]
    }
  ]
}