{
  "recipeName": "Truskawkowa owsianka",
  "subRecipes": [
    {
      "name": "Truskawkowa owsianka",
      "description": "1. Płatki owsiane dodajemy do mleka i gotujemy, aż będą miękkie. Dodajemy odżywkę białkową. Jeśli owsianka wyszła za gęsta, możemy dolać wody do uzyskania preferowanej konsystencji.\n2. Ugotowaną owsiankę przekładamy do miski, na wierzch układamy truskawki i dodajemy masło orzechowe. Smacznego!",
      "ingredients": [
        {
          "name": "Płatki owsiane górskie",
          "amount": "100 g"
        },
        {
          "name": "Truskawki, świeże lub mrożone",
          "amount": "150 g"
        },
        {
          "name": "Masło orzechowe",
          "amount": "20 g"
        },
        {
          "name": "Odżywka białkowa",
          "amount": "40 g"
        },
        {
          "name": "Mleko 1,5%",
          "amount": "200 g"
        }
      ]
    }
  ]
}