{
  "recipeName": "Twarożek z borówkami oraz cynamonem",
  "subRecipes": [
    {
      "name": "Twarożek z borówkami oraz cynamonem",
      "description": "1. Twarożek polewamy miodem. Posypujemy cynamonem wedle uznania i podajemy razem z owocami.",
      "ingredients": [
        {
          "name": "Twarożek grani",
          "amount": "400 g"
        },
        {
          "name": "Miód",
          "amount": "36 g"
        },
        {
          "name": "Cynamon mielony",
          "amount": "4 g"
        },
        {
          "name": "Borówki amerykańskie, świeże lub mrożone",
          "amount": "150 g"
        }
      ]
    }
  ]
}