{
  "recipeName": "Wiosenny serek wiejski z ogórkiem oraz rzodkiewką i pieczywem",
  "subRecipes": [
    {
      "name": "Wiosenny serek wiejski z ogórkiem oraz rzodkiewką i pieczywem",
      "description": "1. Serek wiejski przekładamy do miseczki. Do serka dodajemy pokrojone: ogórka, rzodkiewkę oraz szczypiorek i wszystko mieszamy.\n2. Serek podajemy z pieczywem posmarowanym masłem. Smacznego!",
      "ingredients": [
        {
          "name": "Serek wiejski wysokobiałkowy Piątnica",
          "amount": "300 g"
        },
        {
          "name": "Ogórek świeży",
          "amount": "75 g"
        },
        {
          "name": "Rzodkiewka",
          "amount": "30 g"
        },
        {
          "name": "Szczypiorek siekany",
          "amount": "15 g"
        },
        {
          "name": "Chleb żytni razowy",
          "amount": "150 g"
        },
        {
          "name": "Masło extra",
          "amount": "20 g"
        }
      ]
    }
  ]
}