{
  "recipeName": "Wrap z tuńczykiem",
  "subRecipes": [
    {
      "name": "Wrap z tuńczykiem",
      "description": "1. Odsączamy tuńczyka z puszki i przekładamy go do miski.\n2. Dodajemy jogurt naturalny, musztardę, sól oraz pieprz. Dokładnie mieszamy, aby uzyskać kremową pastę.\n3. Awokado obieramy i kroimy na plasterki.\n4. Na wrapie układamy rukolę, pastę, awokado.\n5. Zwijamy wrap ciasno, zaczynając od dolnego brzegu, a następnie boków, tworząc rulon.\n6. Jeśli preferujesz ciepłego wrapa, grilluj go na suchej patelni przez ok. 2-3 minuty z każdej strony, aż wrap lekko się zarumieni.",
      "ingredients": [
        {
          "name": "Tortilla bezglutenowa",
          "amount": "190 g"
        },
        {
          "name": "Tuńczyk w sosie własnym",
          "amount": "180 g"
        },
        {
          "name": "Awokado",
          "amount": "70 g"
        },
        {
          "name": "Rukola",
          "amount": "30 g"
        },
        {
          "name": "Jogurt naturalny 2%",
          "amount": "30 g"
        },
        {
          "name": "Musztarda",
          "amount": "5 g"
        },
        {
          "name": "Sól",
          "amount": "0.25 g"
        },
        {
          "name": "Pieprz czarny",
          "amount": "0.25 g"
        }
      ]
    }
  ]
}