{
  "recipeName": "Zapiekanka z cukinią, mięsem mielonym i ryżem",
  "subRecipes": [
    {
      "name": "Zapiekanka z cukinią, mięsem mielonym i ryżem",
      "description": "1. Ryż gotujemy wg instrukcji na opakowaniu.\n2. Piekarnik rozgrzewamy do temperatury 180 stopni, góra-dół.\n3. Cukinię myjemy, kroimy w plastry.\n4. Mięso smażymy na rozgrzanej oliwie. Dodajemy pomidory. Przyprawiamy oregano, tymiankiem suszonym, solą, pieprzem oraz czosnkiem granulowanym.\n5. Dodajemy ugotowany ryż, mieszamy.\n6. W naczyniu żaroodpornym układamy połowę plastrów cukinii, połowę sosu mięsnego, cukinię i pozostały sos.\n7. Całość posypujemy startym serem.\n8. Pieczemy przez 25-30 minut, aż cukinia będzie miękka, a ser się roztopi.",
      "ingredients": [
        {
          "name": "Cukinia",
          "amount": "250 g"
        },
        {
          "name": "Mięso wieprzowe (z łopatki)",
          "amount": "250 g"
        },
        {
          "name": "Ryż basmati",
          "amount": "75 g"
        },
        {
          "name": "Pomidory z puszki",
          "amount": "200 g"
        },
        {
          "name": "Oregano suszone",
          "amount": "3 g"
        },
        {
          "name": "Tymianek suszony",
          "amount": "3 g"
        },
        {
          "name": "Sól",
          "amount": "0.25 g"
        },
        {
          "name": "Pieprz czarny",
          "amount": "0.25 g"
        },
        {
          "name": "Czosnek granulowany",
          "amount": "1.5 g"
        },
        {
          "name": "Oliwa z oliwek",
          "amount": "5 g"
        },
        {
          "name": "Ser mozzarella kulka light",
          "amount": "90 g"
        }
      ]
    }
  ]
}