{
  "recipeName": "Zapiekanka z ryżu i mięsa mielonego",
  "subRecipes": [
    {
      "name": "Zapiekanka z ryżu i mięsa mielonego",
      "description": "1. Ryż gotujemy według instrukcji na opakowaniu. Możemy skrócić czas gotowania o kilka minut, aby ryż był lekko twardawy, dzięki temu ryż będzie bardziej sypki po upieczeniu zapiekanki.\n2. Piekarnik nagrzewamy do 180 stopni, tryb góra dół.\n3. W rondelku rozgrzewamy oliwę (połowa). Wlewamy passatę, dodajemy erytrol, wodę, sól, pieprz, czosnek granulowany oraz bazylię suszoną. Całość mieszamy i zagotowujemy.\n4. Do zagotowanego sosu dodajemy mięso mielone, dokładnie mieszamy i całość gotujemy ok. 5-8 minut (czas liczony od zagotowania).\n5. Naczynie żaroodporne smarujemy oliwą (połowa). Układamy zapiekankę warstwowo: połowa ryżu, połowa sosu z mięsem, posypujemy startym serem, ponownie układamy drugą część ryżu, sos z mięsem i wierzch posypujemy pozostałym serem.\n6. Zapiekankę wstawiamy do piekarnika i pieczemy przez ok. 25-30 minut. Gdyby wierzch zapiekanki zbyt mocno się spiekł, możemy w trakcie pieczenia przykryć zapiekankę arkuszem papieru do pieczenia.\n7. Gotową zapiekankę wyjmujemy z piekarnika. Danie posypujemy posiekaną natką pietruszki.",
      "ingredients": [
        {
          "name": "Ryż basmati",
          "amount": "75 g"
        },
        {
          "name": "Mięso mielone z indyka",
          "amount": "300 g"
        },
        {
          "name": "Passata pomidorowa",
          "amount": "300 g"
        },
        {
          "name": "Oliwa z oliwek",
          "amount": "15 g"
        },
        {
          "name": "Sól",
          "amount": "0.5 g"
        },
        {
          "name": "Pieprz czarny",
          "amount": "0.5 g"
        },
        {
          "name": "Erytrol",
          "amount": "10 g"
        },
        {
          "name": "Woda",
          "amount": "135 g"
        },
        {
          "name": "Czosnek granulowany",
          "amount": "1.5 g"
        },
        {
          "name": "Bazylia suszona",
          "amount": "2 g"
        },
        {
          "name": "Parmezan starty",
          "amount": "25 g"
        },
        {
          "name": "Natka pietruszki posiekana",
          "amount": "10 g"
        }
      ]
    }
  ]
}