{
  "recipeName": "Zapiekany makaron ze szpinakiem oraz łososiem",
  "subRecipes": [
    {
      "name": "Zapiekany makaron ze szpinakiem oraz łososiem",
      "description": "1. Makaron gotujemy al dente według instrukcji na opakowaniu. Odcedzamy i przekładamy do naczynia żaroodpornego.\n2. Piekarnik rozgrzewamy do 180 stopni, góra-dół.\n3. Czosnek siekamy. Pomidora sparzamy wrzącą wodą, obieramy ze skórki i kroimy w kostkę.\n4. Na rozgrzanej oliwie podsmażamy czosnek oraz szpinak, aż zwiędnie. Przekładamy do makaronu.\n5. Do makaronu dodajemy pomidora, kawałki ryby. Przyprawiamy do smaku: solą, pieprzem, czosnkiem granulowanym, bazylią suszoną oraz oregano. Mieszamy w naczyniu, aby składniki były równomiernie rozproszone.\n6. Posypujemy startym serem i zapiekamy 25-30 minut, aż ser się roztopi i lekko zarumieni.",
      "ingredients": [
        {
          "name": "Makaron pełnoziarnisty",
          "amount": "50 g"
        },
        {
          "name": "Szpinak",
          "amount": "40 g"
        },
        {
          "name": "Czosnek świeży",
          "amount": "3 g"
        },
        {
          "name": "Oliwa z oliwek",
          "amount": "2.5 g"
        },
        {
          "name": "Pomidor",
          "amount": "160 g"
        },
        {
          "name": "Łosoś wędzony na zimno",
          "amount": "125 g"
        },
        {
          "name": "Ser mozzarella żółta",
          "amount": "15 g"
        },
        {
          "name": "Sól",
          "amount": "0.25 g"
        },
        {
          "name": "Pieprz czarny",
          "amount": "0.25 g"
        },
        {
          "name": "Czosnek granulowany",
          "amount": "1.5 g"
        },
        {
          "name": "Bazylia suszona",
          "amount": "2 g"
        },
        {
          "name": "Oregano suszone",
          "amount": "1.5 g"
        }
      ]
    }
  ]
}