{
  "recipeName": "Zapiekana tortilla",
  "subRecipes": [
    {
      "name": "Zapiekana tortilla",
      "description": "1. Piekarnik rozgrzewamy do 180 stopni, tryb góra-dół.\n2. Tortille układamy w miseczce do zapiekania (niewiele mniejszej niż tortilla), tak, aby boki miseczki były przykryte tortillą, ale nie wystawały. Naczynie do zapiekania możemy wyłożyć papierem do pieczenia, dzięki temu łatwiej wyjmiemy tortillę po upieczeniu.\n3. Paprykę czerwoną oraz cebulę czerwoną kroimy w kostkę. Ser gouda ścieramy na tarce lub kroimy w paski.\n4. Do tortilli wbijamy jajka, dodajemy warzywa i ser gouda. Posypujemy solą, pieprzem, słodką papryką, czosnkiem granulowanym oraz oregano.\n5. Zapiekamy w piekarniku rozgrzanym do 180 stopni przez około 30 minut (lub 20 minut w 180 stopniach z termoobiegiem)",
      "ingredients": [
        {
          "name": "Tortilla pszenna",
          "amount": "120 g"
        },
        {
          "name": "Jajko kurze całe",
          "amount": "168 g"
        },
        {
          "name": "Cebula czerwona",
          "amount": "40 g"
        },
        {
          "name": "Papryka czerwona",
          "amount": "85 g"
        },
        {
          "name": "Ser gouda",
          "amount": "45 g"
        },
        {
          "name": "Sól",
          "amount": "0.25 g"
        },
        {
          "name": "Pieprz czarny",
          "amount": "0.25 g"
        },
        {
          "name": "Papryka słodka",
          "amount": "1.5 g"
        },
        {
          "name": "Czosnek granulowany",
          "amount": "1.5 g"
        },
        {
          "name": "Oregano suszone",
          "amount": "1.5 g"
        }
      ]
    }
  ]
}