{
  "recipeName": "Zielony koktajl z selerem i pietruszką",
  "subRecipes": [
    {
      "name": "Zielony koktajl z selerem i pietruszką",
      "description": "1. Owoce obieramy, kroimy na mniejsze kawałki.\n2. Wszystko blendujemy na gładkie smoothie. Jeśli jest za gęste, dodajemy wodę, aż uzyskamy ulubioną konsystencję.",
      "ingredients": [
        {
          "name": "Pomarańcza",
          "amount": "240 g"
        },
        {
          "name": "Banan",
          "amount": "240 g"
        },
        {
          "name": "Jabłko",
          "amount": "150 g"
        },
        {
          "name": "Seler naciowy",
          "amount": "45 g"
        },
        {
          "name": "Siemię lniane",
          "amount": "30 g"
        },
        {
          "name": "Natka pietruszki posiekana",
          "amount": "20 g"
        }
      ]
    }
  ]
}