{
  "recipeName": "Zielone smoothie z ananasem, jabłkiem oraz jarmużem",
  "subRecipes": [
    {
      "name": "Zielone smoothie z ananasem, jabłkiem oraz jarmużem",
      "description": "1. W naczyniu umieszczamy pokrojone: ananasa, jabłko oraz jarmuż, dodajemy wodę i miksujemy. Gdy smoothie jest zbyt gęste możemy rozcieńczyć je wodą.\n2. Dodatkowo na przekąskę jemy migdały.",
      "ingredients": [
        {
          "name": "Ananas świeży lub mrożony",
          "amount": "300 g"
        },
        {
          "name": "Jabłko",
          "amount": "150 g"
        },
        {
          "name": "Jarmuż",
          "amount": "50 g"
        },
        {
          "name": "Woda",
          "amount": "250 g"
        },
        {
          "name": "Migdały",
          "amount": "55 g"
        }
      ]
    }
  ]
}