{
  "recipeName": "Łosoś w sosie musztardowo-miodowym z ryżem oraz brokułem",
  "subRecipes": [
    {
      "name": "Łosoś w sosie musztardowo-miodowym z ryżem oraz brokułem",
      "description": "1. Ryż gotujemy zgodnie z instrukcją na opakowaniu.\n2. Brokuła dzielimy na różyczki, myjemy, a następnie gotujemy w osolonej wodzie przez 5-7 minut od zagotowania wody.\n3. Zdejmujemy skórę z łososia.\n4. Do miseczki nakładamy miód, musztardę, sól, pieprz oraz sok z cytryny i mieszamy na jednolitą masę.\n5. Łososia umieszczamy w miseczce z marynatą i dokładnie w niej obtaczamy.\n6. Blaszkę wykładamy papierem do pieczenia i układamy rybę. Pieczemy w temperaturze 190 stopni przez około 12-15 minut.\n7. Upieczoną rybę podajemy z ryżem oraz brokułem. Smacznego!",
      "ingredients": [
        {
          "name": "Łosoś świeży",
          "amount": "175 g"
        },
        {
          "name": "Ryż basmati",
          "amount": "25 g"
        },
        {
          "name": "Brokuł, świeży lub mrożony",
          "amount": "50 g"
        },
        {
          "name": "Miód",
          "amount": "12 g"
        },
        {
          "name": "Musztarda",
          "amount": "10 g"
        },
        {
          "name": "Sok z cytryny",
          "amount": "6 g"
        },
        {
          "name": "Sól",
          "amount": "0.25 g"
        },
        {
          "name": "Pieprz czarny",
          "amount": "0.25 g"
        }
      ]
    }
  ]
}