{
  "recipeName": "Śródziemnomorski makaron z krewetkami w cytrynowej marynacie",
  "subRecipes": [
    {
      "name": "Śródziemnomorski makaron z krewetkami w cytrynowej marynacie",
      "description": "1. Makaron gotujemy według instrukcji na opakowaniu.\n2. W miseczce łączymy przyprawy na marynatę cajun (słodką paprykę, oregano, tymianek suszony, czosnek granulowany, płatki chilli, sól oraz pieprz - można również użyć gotowej mieszanki). Dodajemy olej (połowę) i sok z cytryny. Powstałą marynatą polewamy obrobione krewetki i odstawiamy na 15 minut.\n3. Paprykę czerwoną, czosnek oraz cebulę kroimy w paski. Na patelni rozgrzewamy resztę oleju i podsmażamy warzywa przez około 10 minut.\n4. Dodajemy pomidory z puszki, gotujemy przez 2 minuty i odstawiamy.\n5. Na rozgrzanej patelni smażymy krewetki, do czasu aż się zarumienią. Przekładamy do warzyw.\n6. Makaron odcedzamy zachowując pół szklanki wody z gotowania. Na patelnię przekładamy makaron i dodajemy pozostawioną wodę. Całość doprawiamy solą i mieszamy. Posypujemy kolendrą świeżą.",
      "ingredients": [
        {
          "name": "Krewetki",
          "amount": "175 g"
        },
        {
          "name": "Makaron pełnoziarnisty",
          "amount": "40 g"
        },
        {
          "name": "Papryka czerwona",
          "amount": "50 g"
        },
        {
          "name": "Sok z cytryny",
          "amount": "12 g"
        },
        {
          "name": "Cebula",
          "amount": "20 g"
        },
        {
          "name": "Czosnek świeży",
          "amount": "3 g"
        },
        {
          "name": "Olej rzepakowy",
          "amount": "15 g"
        },
        {
          "name": "Pomidory z puszki",
          "amount": "100 g"
        },
        {
          "name": "Papryka słodka",
          "amount": "1.5 g"
        },
        {
          "name": "Oregano suszone",
          "amount": "1.5 g"
        },
        {
          "name": "Tymianek suszony",
          "amount": "1.5 g"
        },
        {
          "name": "Czosnek granulowany",
          "amount": "1 g"
        },
        {
          "name": "Płatki chilli",
          "amount": "2.5 g"
        },
        {
          "name": "Sól",
          "amount": "0.25 g"
        },
        {
          "name": "Pieprz czarny",
          "amount": "0.25 g"
        },
        {
          "name": "Kolendra świeża",
          "amount": "2 g"
        }
      ]
    }
  ]
}