{
  "recipeName": "Żółte curry z cukinią oraz kurczakiem",
  "subRecipes": [
    {
      "name": "Żółte curry z cukinią oraz kurczakiem",
      "description": "1. Kurczaka kroimy w kostkę, doprawiamy solą i pieprzem.\n2. Kroimy cebulę, czosnek, cukinię oraz pora.\n3. Na patelni rozgrzewamy oliwę. Podsmażamy kurczaka, aż się zarumieni i przekładamy do miseczki.\n4. Następnie podsmażamy cebulę, czosnek oraz curry. Dodajemy cukinię oraz pora i dolewamy trochę wody. Dusimy aż warzywa będą miękkie.\n5. W tym samym czasie gotujemy ryż.\n6. Dodajemy kurczaka oraz mleczko kokosowe. Całość mieszamy i dusimy jeszcze kilka minut.\n7. Nakładamy razem z ugotowanym ryżem i cieszymy się daniem. Smacznego!",
      "ingredients": [
        {
          "name": "Mięso z piersi kurczaka",
          "amount": "150 g"
        },
        {
          "name": "Cebula",
          "amount": "20 g"
        },
        {
          "name": "Czosnek świeży",
          "amount": "6 g"
        },
        {
          "name": "Cukinia",
          "amount": "70 g"
        },
        {
          "name": "Por",
          "amount": "70 g"
        },
        {
          "name": "Oliwa z oliwek",
          "amount": "5 g"
        },
        {
          "name": "Curry przyprawa",
          "amount": "4 g"
        },
        {
          "name": "Ryż basmati",
          "amount": "35 g"
        },
        {
          "name": "Mleczko kokosowe 12%",
          "amount": "80 g"
        },
        {
          "name": "Sól",
          "amount": "0.25 g"
        },
        {
          "name": "Pieprz czarny",
          "amount": "0.25 g"
        }
      ]
    }
  ]
}